{
	"openapi": "3.0.3",
	"info": {
		"title": "Utilities Search Service",
		"version": "1.0.0",
		"description": "Utilities Search \n\nUse this API to Search Utilities Objects"
	},
	"servers": [
		{
			"url": "https://{hostname}",
			"description": "Example of server url is https://my1234567.crm.cloud.sap",
			"variables": {
				"hostname": {
					"default": ""
				}
			}
		}
	],
	"components": {
		"securitySchemes": {
			"basicAuthentication": {
				"type": "http",
				"scheme": "basic"
			}
		},
		"schemas": {
			"error": {
				"type": "object",
				"properties": {
					"error": {
						"type": "object",
						"properties": {
							"code": {
								"type": "string"
							},
							"details": {
								"type": "array",
								"items": {
									"type": "object",
									"properties": {
										"message": {
											"type": "string"
										},
										"code": {
											"type": "string"
										},
										"target": {
											"type": "string"
										}
									}
								}
							},
							"message": {
								"type": "string"
							},
							"target": {
								"type": "string"
							}
						}
					}
				}
			},
			"UtilitiesSearchqueryresponse": {
				"title": "Utilities Search query response",
				"type": "object",
				"properties": {
					"count": {
						"type": "integer",
						"format": "int32"
					},
					"value": {
						"type": "array",
						"items": {
							"type": "object",
							"properties": {
								"objectType": {
									"type": "string",
									"nullable": true,
									"maxLength": 10,
									"title": "Entity Type"
								},
								"selectionParameters": {
									"type": "object",
									"properties": {
										"businessPartnerId": {
											"type": "string",
											"nullable": true,
											"maxLength": 10,
											"title": "Business Partner"
										},
										"bpName1": {
											"type": "string",
											"nullable": true,
											"maxLength": 40,
											"title": "Business Partner Last Name"
										},
										"bpName2": {
											"type": "string",
											"nullable": true,
											"maxLength": 40,
											"title": "Business Partner First Name"
										},
										"bpCity": {
											"type": "string",
											"nullable": true,
											"maxLength": 40,
											"title": "City"
										},
										"bpDistrict": {
											"type": "string",
											"nullable": true,
											"maxLength": 40,
											"title": "District"
										},
										"bpPostalCode": {
											"type": "string",
											"nullable": true,
											"maxLength": 10,
											"title": "Postal Code"
										},
										"bpPoBoxPostalCode": {
											"type": "string",
											"nullable": true,
											"maxLength": 10,
											"title": "PO Box Postal Code"
										},
										"bpCompanyPostalCode": {
											"type": "string",
											"nullable": true,
											"maxLength": 10,
											"title": "Company Postal Code (for Large Customers)"
										},
										"bpPoBoxCity": {
											"type": "string",
											"nullable": true,
											"maxLength": 40,
											"title": "PO Box City"
										},
										"bpStreet": {
											"type": "string",
											"nullable": true,
											"maxLength": 60,
											"title": "Street"
										},
										"bpHouseNo": {
											"type": "string",
											"nullable": true,
											"maxLength": 10,
											"title": "House Number"
										},
										"bpHouseSupplement": {
											"type": "string",
											"nullable": true,
											"maxLength": 10,
											"title": "House Number Supplement"
										},
										"bpCountryKey": {
											"type": "string",
											"nullable": true,
											"maxLength": 3,
											"title": "Country/Region Key"
										},
										"bpRegionKey": {
											"type": "string",
											"nullable": true,
											"maxLength": 3,
											"title": "Region (State, Province, Country)"
										},
										"bpSearchTerm1": {
											"type": "string",
											"nullable": true,
											"maxLength": 20,
											"title": "Search Term 1"
										},
										"bpSearchTerm2": {
											"type": "string",
											"nullable": true,
											"maxLength": 20,
											"title": "Search Term 2"
										},
										"bpAddressNumber": {
											"type": "string",
											"nullable": true,
											"maxLength": 10,
											"title": "Address Number"
										},
										"bpMobileNumber": {
											"type": "string",
											"nullable": true,
											"maxLength": 30,
											"title": "Complete Number: Dialing Code+Number+Extension"
										},
										"bpSocialInsuranceNo": {
											"type": "string",
											"nullable": true,
											"maxLength": 12,
											"title": "Social Insurance Number"
										},
										"bpDivingLicenseNo": {
											"type": "string",
											"nullable": true,
											"maxLength": 20,
											"title": "Driver's License Number"
										},
										"bpWelfareOffice": {
											"type": "string",
											"nullable": true,
											"maxLength": 9,
											"title": "Welfare Office"
										},
										"bpBankAccountNo": {
											"type": "string",
											"nullable": true,
											"maxLength": 18,
											"title": "Bank Account Number"
										},
										"bpBankNo": {
											"type": "string",
											"nullable": true,
											"maxLength": 15,
											"title": "Bank Number"
										},
										"bpBankCountryKey": {
											"type": "string",
											"nullable": true,
											"maxLength": 3,
											"title": "Bank Country/Region Key"
										},
										"bpTaxCategory": {
											"type": "string",
											"nullable": true,
											"maxLength": 4,
											"title": "Tax Number Category"
										},
										"bpTaxNo": {
											"type": "string",
											"nullable": true,
											"maxLength": 20,
											"title": "Business Partner Tax Number"
										},
										"contractAccountId": {
											"type": "string",
											"nullable": true,
											"maxLength": 12,
											"title": "Contract Account"
										},
										"caAlternativePayerId": {
											"type": "string",
											"nullable": true,
											"maxLength": 10,
											"title": "Alternative Payer"
										},
										"caAlternativePayeeId": {
											"type": "string",
											"nullable": true,
											"maxLength": 10,
											"title": "Alternative Payee"
										},
										"caAltInvRecipientId": {
											"type": "string",
											"nullable": true,
											"maxLength": 10,
											"title": "Alternative Invoice Recipient"
										},
										"caAltDunningRecipientId": {
											"type": "string",
											"nullable": true,
											"maxLength": 10,
											"title": "Alternative Dunning Recipient"
										},
										"caAltCaCollBillId": {
											"type": "string",
											"nullable": true,
											"maxLength": 12,
											"title": "Alternative Contract Account for Collective Bills"
										},
										"caPaymentCa": {
											"type": "string",
											"nullable": true,
											"maxLength": 12,
											"title": "Contract account used for payment transactions"
										},
										"contractId": {
											"type": "string",
											"nullable": true,
											"maxLength": 10,
											"title": "Contract"
										},
										"companyCode": {
											"type": "string",
											"nullable": true,
											"maxLength": 4,
											"title": "Company Code"
										},
										"division": {
											"type": "string",
											"nullable": true,
											"maxLength": 2,
											"title": "Division"
										},
										"contractDateUsed": {
											"type": "string",
											"format": "date",
											"nullable": true
										},
										"budgeBilling": {
											"type": "string",
											"nullable": true,
											"maxLength": 12,
											"title": "Budget Billing Plan"
										},
										"bBDateUsed": {
											"type": "string",
											"format": "date",
											"nullable": true
										},
										"connectionObjectId": {
											"type": "string",
											"nullable": true,
											"maxLength": 30,
											"title": "Connection Object"
										},
										"coCity": {
											"type": "string",
											"nullable": true,
											"maxLength": 40,
											"title": "City"
										},
										"coDistrict": {
											"type": "string",
											"nullable": true,
											"maxLength": 40,
											"title": "District"
										},
										"coPostalCode": {
											"type": "string",
											"nullable": true,
											"maxLength": 10,
											"title": "Postal Code"
										},
										"coPoBoxPostalCode": {
											"type": "string",
											"nullable": true,
											"maxLength": 10,
											"title": "PO Box Postal Code"
										},
										"coCompanyPostalCode": {
											"type": "string",
											"nullable": true,
											"maxLength": 10,
											"title": "Company Postal Code (for Large Customers)"
										},
										"coPoBoxCity": {
											"type": "string",
											"nullable": true,
											"maxLength": 40,
											"title": "PO Box City"
										},
										"coStreet": {
											"type": "string",
											"nullable": true,
											"maxLength": 60,
											"title": "Street"
										},
										"coHouseNumber": {
											"type": "string",
											"nullable": true,
											"maxLength": 10,
											"title": "House Number"
										},
										"coHouseSupplement": {
											"type": "string",
											"nullable": true,
											"maxLength": 10,
											"title": "House Number Supplement"
										},
										"coHouseNo": {
											"type": "string",
											"nullable": true,
											"maxLength": 10,
											"title": "House Number"
										},
										"coCountryKey": {
											"type": "string",
											"nullable": true,
											"maxLength": 3,
											"title": "Country/Region Key"
										},
										"coRegionKey": {
											"type": "string",
											"nullable": true,
											"maxLength": 3,
											"title": "Region (State, Province, Country)"
										},
										"coSearchTerm1": {
											"type": "string",
											"nullable": true,
											"maxLength": 20,
											"title": "Search Term 1"
										},
										"coSearchTerm2": {
											"type": "string",
											"nullable": true,
											"maxLength": 20,
											"title": "Search Term 2"
										},
										"coAddressNumber": {
											"type": "string",
											"nullable": true,
											"maxLength": 10,
											"title": "Address Number"
										},
										"premiseId": {
											"type": "string",
											"nullable": true,
											"maxLength": 10,
											"title": "Premise"
										},
										"premiseHouseNo": {
											"type": "string",
											"nullable": true,
											"maxLength": 10,
											"title": "Premise House Number Supplement"
										},
										"street3": {
											"type": "string",
											"nullable": true,
											"maxLength": 40,
											"title": "Street 3"
										},
										"street5": {
											"type": "string",
											"nullable": true,
											"maxLength": 40,
											"title": "Street 5"
										},
										"floor": {
											"type": "string",
											"nullable": true,
											"maxLength": 10,
											"title": "Floor Building"
										},
										"room": {
											"type": "string",
											"nullable": true,
											"maxLength": 10,
											"title": "Room or Apartment Number"
										},
										"ownerId": {
											"type": "string",
											"nullable": true,
											"maxLength": 10,
											"title": "Owner"
										},
										"installationId": {
											"type": "string",
											"nullable": true,
											"maxLength": 10,
											"title": "Installation"
										},
										"insDivision": {
											"type": "string",
											"nullable": true,
											"maxLength": 2,
											"title": "Division"
										},
										"insBillingClass": {
											"type": "string",
											"nullable": true,
											"maxLength": 4,
											"title": "Billing Class"
										},
										"insDateUsed": {
											"type": "string",
											"format": "date",
											"nullable": true
										},
										"podId": {
											"type": "string",
											"nullable": true,
											"maxLength": 50,
											"title": "Point of Delivery ID"
										},
										"podDateUsed": {
											"type": "string",
											"format": "date",
											"nullable": true
										},
										"deviceLocation": {
											"type": "string",
											"nullable": true,
											"maxLength": 30,
											"title": "Device Location"
										},
										"maintenanceObject": {
											"type": "string",
											"nullable": true,
											"maxLength": 10,
											"title": "Location of Maintenance Object"
										},
										"equipmentNo": {
											"type": "string",
											"nullable": true,
											"maxLength": 18,
											"title": "Equipment Number"
										},
										"serialNo": {
											"type": "string",
											"nullable": true,
											"maxLength": 18,
											"title": "Serial Number"
										},
										"eqDivision": {
											"type": "string",
											"nullable": true,
											"maxLength": 2,
											"title": "Division"
										},
										"eqDateUsed": {
											"type": "string",
											"format": "date",
											"nullable": true
										},
										"invoiceNo": {
											"type": "string",
											"nullable": true,
											"maxLength": 12,
											"title": "Invoice Number"
										},
										"invPostingDate": {
											"type": "string",
											"format": "date",
											"nullable": true
										},
										"orderNo": {
											"type": "string",
											"nullable": true,
											"maxLength": 12,
											"title": "Order Number"
										},
										"orderStatus": {
											"type": "integer",
											"nullable": true
										},
										"orderType": {
											"type": "string",
											"nullable": true,
											"maxLength": 4,
											"title": "Order Type"
										},
										"orderCategory": {
											"type": "integer",
											"nullable": true
										},
										"sNotificationNo": {
											"type": "string",
											"nullable": true,
											"maxLength": 12,
											"title": "Notification Number"
										},
										"mOrderNo": {
											"type": "string",
											"nullable": true,
											"maxLength": 12,
											"title": "Order Number"
										},
										"mOrderStatus": {
											"type": "integer",
											"nullable": true
										},
										"mNotificationNo": {
											"type": "string",
											"nullable": true,
											"maxLength": 12,
											"title": "Notification Number"
										},
										"mOrderType": {
											"type": "string",
											"nullable": true,
											"maxLength": 4,
											"title": "Order Type"
										},
										"xGlobalDate": {
											"type": "string",
											"format": "date",
											"nullable": true
										},
										"xCompayCode": {
											"type": "string",
											"nullable": true,
											"maxLength": 4,
											"title": "Company Code"
										},
										"xDivision": {
											"type": "string",
											"nullable": true,
											"maxLength": 2,
											"title": "lbl_divion"
										},
										"findDeviceLocationViaDeviceIndicator": {
											"type": "boolean",
											"nullable": true
										},
										"dataFinderKeepSelectionIndicator": {
											"type": "boolean",
											"nullable": true
										},
										"genericSearch": {
											"type": "string",
											"nullable": true,
											"maxLength": 132,
											"title": "Generic Search String in Form of Free Text Field"
										},
										"bpDateOfBirth": {
											"type": "string",
											"format": "date",
											"nullable": true
										},
										"bpBirthPlace": {
											"type": "string",
											"nullable": true,
											"maxLength": 40,
											"title": "Birthplace of Business Partner"
										},
										"bpEmail": {
											"type": "string",
											"nullable": true,
											"format": "email",
											"maxLength": 241,
											"title": "Email Address"
										},
										"contractDateUsedTo": {
											"type": "string",
											"format": "date",
											"nullable": true
										},
										"customerReference": {
											"type": "string",
											"nullable": true,
											"maxLength": 35,
											"title": "Customer reference as match code field"
										},
										"salesAndDistributionNo": {
											"type": "string",
											"nullable": true,
											"maxLength": 10,
											"title": "Sales and Distribution Document Number"
										},
										"salesOrganization": {
											"type": "string",
											"nullable": true,
											"maxLength": 4,
											"title": "Sales Organization"
										},
										"salesDocumentType": {
											"type": "string",
											"nullable": true,
											"maxLength": 4,
											"title": "Sales Document Type"
										},
										"internationalAddrIndicator": {
											"type": "boolean",
											"nullable": true
										},
										"versionIdIndicator": {
											"type": "boolean",
											"nullable": true
										},
										"processingVariant": {
											"type": "string",
											"nullable": true,
											"maxLength": 4,
											"title": "Processing variant for disconnection/reconnection"
										},
										"disconnectionReason": {
											"type": "string",
											"nullable": true,
											"maxLength": 2,
											"title": "Disconnection Reason"
										},
										"disconnDocStatus": {
											"type": "integer",
											"nullable": true
										},
										"recordCreatedDate": {
											"type": "string",
											"format": "date",
											"nullable": true
										},
										"disconnDocNo": {
											"type": "string",
											"nullable": true,
											"maxLength": 12,
											"title": "Disconnection Document Number"
										},
										"iBan": {
											"type": "string",
											"nullable": true,
											"maxLength": 34,
											"title": "IBAN (International Bank Account Number)"
										},
										"bpIdentificationType": {
											"type": "string",
											"nullable": true,
											"maxLength": 6,
											"title": "Identification Type"
										},
										"bpIdentificationNo": {
											"type": "string",
											"nullable": true,
											"maxLength": 60,
											"title": "Identification Number"
										},
										"docNotReleasedIndicator": {
											"type": "boolean",
											"nullable": true
										}
									}
								},
								"maxRows": {
									"type": "integer",
									"nullable": true
								},
								"results": {
									"type": "array",
									"items": {
										"type": "object",
										"properties": {
											"objectType": {
												"type": "string",
												"nullable": true,
												"maxLength": 10,
												"title": "Entity Type"
											},
											"objectKey": {
												"type": "string",
												"nullable": true,
												"maxLength": 70,
												"title": "Entity key"
											}
										}
									}
								}
							}
						}
					}
				}
			},
			"info": {
				"type": "object",
				"properties": {
					"info": {
						"type": "object",
						"properties": {
							"code": {
								"type": "string"
							},
							"details": {
								"type": "array",
								"items": {
									"type": "object",
									"properties": {
										"message": {
											"type": "string"
										},
										"target": {
											"type": "string"
										},
										"code": {
											"type": "string"
										},
										"severity": {
											"type": "string",
											"enum": [
												"ERROR",
												"WARNING",
												"INFO"
											]
										}
									}
								}
							},
							"message": {
								"type": "string"
							},
							"target": {
								"type": "string"
							},
							"severity": {
								"type": "string",
								"enum": [
									"ERROR",
									"WARNING",
									"INFO"
								]
							}
						}
					}
				}
			}
		}
	},
	"security": [
		{
			"basicAuthentication": []
		}
	],
	"paths": {
		"/sap/c4c/api/v1/utilities-common-integration-service/utilitiesSearch": {
			"get": {
				"operationId": "querycommonintegrationservice_utilitiesSearch",
				"tags": [
					"UtilitiesSearch"
				],
				"summary": "Get Premises for Customer or Customers for Premise",
				"description": "Get associate premises for customer or associate customers for premise",
				"parameters": [
					{
						"name": "$filter",
						"in": "query",
						"required": true,
						"schema": {
							"type": "string"
						},
						"examples": {
							"one": {
								"value": "objectType eq PREMISES and businessPartnerId eq 7000000605 and contractDateUsedTo eq 9999-12-31 and insDateUsed eq 2023-08-16 and maxRows eq 100",
								"summary": "Get Premises for Customer"
							},
							"two": {
								"value": "objectType eq ISUPARTNER and premiseId eq 717498 and contractDateUsedTo eq 2023-08-16 and maxRows eq 100",
								"summary": "Get Customers for Premise"
							}
						},
						"description": "Get Premises for Customer or Customers for Premise"
					}
				],
				"responses": {
					"200": {
						"description": "Premise or Customer retrived",
						"content": {
							"application/json": {
								"schema": {
									"allOf": [
										{
											"$ref": "#/components/schemas/UtilitiesSearchqueryresponse"
										},
										{
											"$ref": "#/components/schemas/info"
										}
									]
								}
							}
						}
					},
					"401": {
						"description": "Unauthorized.\n\nThis error is caused when the request has not been applied because there are no valid authentication credentials for the target resource."
					},
					"403": {
						"description": "Forbidden.\n\nThis client error code indicates that the server understood the request but refuses to authorize it."
					},
					"500": {
						"description": "Internal Server Error.\n\nFailed to query installment plan.",
						"content": {
							"application/json": {
								"schema": {
									"$ref": "#/components/schemas/error"
								}
							}
						}
					}
				}
			}
		}
	},
	"x-sap-shortText": "Manage entities from Utilities Search service."
}