{
    "openapi": "3.0.3",
    "info": {
        "title": "Open Api Specification for customer service",
        "version": "1.0.0",
        "description": "Customer Details \n\nGet Customer details for a premise"
    },
    "servers": [
        {
            "url": "https://{hostname}",
            "description": "Example of server url is https://my1234567.crm.cloud.sap",
            "variables": {
                "hostname": {
                    "default": ""
                }
            }
        }
    ],
    "components": {
        "securitySchemes": {
            "basicAuthentication": {
                "type": "http",
                "scheme": "basic"
            }
        },
        "schemas": {
            "error": {
                "type": "object",
                "properties": {
                    "error": {
                        "type": "object",
                        "properties": {
                            "code": {
                                "type": "string"
                            },
                            "details": {
                                "type": "array",
                                "items": {
                                    "type": "object",
                                    "properties": {
                                        "message": {
                                            "type": "string"
                                        },
                                        "code": {
                                            "type": "string"
                                        },
                                        "target": {
                                            "type": "string"
                                        }
                                    }
                                }
                            },
                            "message": {
                                "type": "string"
                            },
                            "target": {
                                "type": "string"
                            }
                        }
                    }
                }
            },
            "Customerqueryresponse": {
                "title": "Customer query response",
                "type": "object",
                "properties": {
                    "count": {
                        "type": "integer",
                        "format": "int32"
                    },
                    "value": {
                        "type": "array",
                        "items": {
                            "type": "object",
                            "properties": {
                                "premise": {
                                    "type": "string",
                                    "nullable": true,
                                    "maxLength": 10
                                },
                                "language": {
                                    "type": "string",
                                    "nullable": true,
                                    "maxLength": 1
                                },
                                "customerId": {
                                    "type": "string",
                                    "nullable": true,
                                    "maxLength": 10
                                },
                                "firstName": {
                                    "type": "string",
                                    "nullable": true,
                                    "maxLength": 10
                                },
                                "lastName": {
                                    "type": "string",
                                    "nullable": true,
                                    "maxLength": 10
                                },
                                "contractAccounts": {
                                    "type": "array",
                                    "items": {
                                        "type": "object",
                                        "properties": {
                                            "contractAccountId": {
                                                "type": "string",
                                                "nullable": true,
                                                "maxLength": 10
                                            },
                                            "contractAccountName": {
                                                "type": "string",
                                                "nullable": true,
                                                "maxLength": 10
                                            },
                                            "contracts": {
                                                "type": "array",
                                                "items": {
                                                    "type": "object",
                                                    "properties": {
                                                        "contractId": {
                                                            "type": "string",
                                                            "nullable": true,
                                                            "maxLength": 10
                                                        },
                                                        "installation": {
                                                            "type": "string",
                                                            "nullable": true,
                                                            "maxLength": 10
                                                        },
                                                        "moveInDate": {
                                                            "type": "string",
                                                            "format": "date",
                                                            "nullable": true
                                                        },
                                                        "moveOutDate": {
                                                            "type": "string",
                                                            "format": "date",
                                                            "nullable": true
                                                        },
                                                        "moveInDocumentNumber": {
                                                            "type": "string",
                                                            "nullable": true,
                                                            "maxLength": 12
                                                        },
                                                        "moveOutDocumentNumber": {
                                                            "type": "string",
                                                            "nullable": true,
                                                            "maxLength": 12
                                                        },
                                                        "pointOfDelivery": {
                                                            "type": "string",
                                                            "nullable": true,
                                                            "maxLength": 50
                                                        },
                                                        "division": {
                                                            "type": "string",
                                                            "nullable": true,
                                                            "maxLength": 2
                                                        },
                                                        "divisionText": {
                                                            "type": "string",
                                                            "nullable": true,
                                                            "maxLength": 20
                                                        },
                                                        "divisionCategory": {
                                                            "type": "string",
                                                            "nullable": true,
                                                            "maxLength": 2
                                                        }
                                                    }
                                                }
                                            },
                                            "dueAmount": {
                                                "type": "object",
                                                "properties": {
                                                    "content": {
                                                        "type": "number",
                                                        "nullable": true,
                                                        "format": "double"
                                                    },
                                                    "currencyCode": {
                                                        "type": "string",
                                                        "nullable": true,
                                                        "title": "Currency"
                                                    }
                                                }
                                            },
                                            "openAndPayableAmount": {
                                                "type": "object",
                                                "properties": {
                                                    "content": {
                                                        "type": "number",
                                                        "nullable": true,
                                                        "format": "double"
                                                    },
                                                    "currencyCode": {
                                                        "type": "string",
                                                        "nullable": true,
                                                        "title": "Currency"
                                                    }
                                                }
                                            },
                                            "accountDetermination": {
                                                "type": "string",
                                                "nullable": true,
                                                "maxLength": 2
                                            },
                                            "accountDeterminationText": {
                                                "type": "string",
                                                "nullable": true,
                                                "maxLength": 50
                                            }
                                        }
                                    }
                                },
                                "dueAmount": {
                                    "type": "object",
                                    "properties": {
                                        "content": {
                                            "type": "number",
                                            "nullable": true,
                                            "format": "double"
                                        },
                                        "currencyCode": {
                                            "type": "string",
                                            "nullable": true,
                                            "title": "Currency"
                                        }
                                    }
                                },
                                "openAndPayableAmount": {
                                    "type": "object",
                                    "properties": {
                                        "content": {
                                            "type": "number",
                                            "nullable": true,
                                            "format": "double"
                                        },
                                        "currencyCode": {
                                            "type": "string",
                                            "nullable": true,
                                            "title": "Currency"
                                        }
                                    }
                                },
                                "customerCategory": {
                                    "type": "integer",
                                    "nullable": true,
                                    "format": "int32"
                                }
                            }
                        }
                    }
                }
            },
            "info": {
                "type": "object",
                "properties": {
                    "info": {
                        "type": "object",
                        "properties": {
                            "code": {
                                "type": "string"
                            },
                            "details": {
                                "type": "array",
                                "items": {
                                    "type": "object",
                                    "properties": {
                                        "message": {
                                            "type": "string"
                                        },
                                        "target": {
                                            "type": "string"
                                        },
                                        "code": {
                                            "type": "string"
                                        },
                                        "severity": {
                                            "type": "string",
                                            "enum": [
                                                "ERROR",
                                                "WARNING",
                                                "INFO"
                                            ]
                                        }
                                    }
                                }
                            },
                            "message": {
                                "type": "string"
                            },
                            "target": {
                                "type": "string"
                            },
                            "severity": {
                                "type": "string",
                                "enum": [
                                    "ERROR",
                                    "WARNING",
                                    "INFO"
                                ]
                            }
                        }
                    }
                }
            }
        }
    },
    "security": [
        {
            "basicAuthentication": []
        }
    ],
    "paths": {
        "/sap/c4c/api/v1/premise-integration-service/customers": {
            "get": {
                "operationId": "querypremiseservice_customer",
                "tags": [
                    "Customer"
                ],
                "summary": "Retrieve customer details for Premise.",
                "description": "Specify query parameters to retrieve customer details.",
                "parameters": [
                    {
                        "name": "$filter",
                        "in": "query",
                        "required": true,
                        "schema": {
                            "type": "string"
                        },
                        "examples": {
                            "one": {
                                "value": "premise eq 713286",
                                "summary": "Premise Customer Details"
                            }
                        },
                        "description": "Retrieve customers for premise"
                    }
                ],
                "responses": {
                    "200": {
                        "description": "Retrieved customer details.",
                        "content": {
                            "application/json": {
                                "schema": {
                                    "allOf": [
                                        {
                                            "$ref": "#/components/schemas/Customerqueryresponse"
                                        },
                                        {
                                            "$ref": "#/components/schemas/info"
                                        }
                                    ]
                                }
                            }
                        }
                    },
                    "401": {
                        "description": "Unauthorized.\n\nThis error is caused when the request has not been applied because there are no valid authentication credentials for the target resource."
                    },
                    "403": {
                        "description": "Forbidden.\n\nThis client error code indicates that the server understood the request but refuses to authorize it."
                    },
                    "500": {
                        "description": "Internal Server Error.\n\nFailed to query customer details.",
                        "content": {
                            "application/json": {
                                "schema": {
                                    "$ref": "#/components/schemas/error"
                                }
                            }
                        }
                    }
                }
            }
        }
    },
    "x-sap-shortText": "Manage entities from customer service.",
    "x-sap-extensible": {
        "supported": "automatic",
        "description": "You can create extension fields in the customer API by following the steps mentioned in https://help.sap.com/docs/CX_NG_SVC/2c87cece32844c91836e535aef8f9642/d3bdfac0c6b141c0bac27408c3ed159f.html?locale=en-US. The newly created extensions will be available in the API request and response body."
    }
}