{
  "openapi": "3.0.1",
  "info": {
    "title": "SAP PRP Order Proposal Purchase Order",
    "description": "SAP PRP Order Proposal Purchase Order",
    "version": "0.1"
  },
  "servers": [
    {
      "url": "https://example.com/api/v1/order-proposal"
    }
  ],
  "paths": {
    "/transferPurchaseOrder": {
      "post": {
        "description": "Transfers the Order Proposals generated in PRP to create Purchase Orders",
        "requestBody": {
          "content": {
            "application/json": {
              "schema": {
                "$ref": "#/components/schemas/orderproposal_transferPurchaseOrder_body"
              }
            }
          }
        },
        "responses": {
          "201": {
            "description": "Created entity",
            "content": {
              "application/json": {
                "schema": {
                  "title": "A_POSubcontractingComponentType",
                  "type": "object",
                  "properties": {
                    "d": {
                      "$ref": "#/components/schemas/orderproposal_transferPurchaseOrder_response"
                    }
                  }
                }
              }
            }
          },
          "4XX": {
            "$ref": "#/components/responses/error"
          }
        },
        "servers": [
          {
            "url": "https://example.com/api/v1/order-proposal"
          }
        ]
      },
      "servers": [
        {
          "url": "https://example.com/api/v1/order-proposal"
        }
      ]
    }
  },
  "components": {
    "schemas": {
      "transferPurchaseOrder_ScheduleLines": {
        "type": "object",
        "properties": {
          "ScheduleLine": {
            "type": "string",
            "maxLength": 4
          },
          "ScheduleLineDeliveryDate": {
            "type": "string",
            "example": "/Date(1492041600000)/"
          },
          "ScheduleLineDeliveryTime": {
            "type": "string",
            "example": "PT15H51M04S"
          }
        },
        "example": null
      },
      "transferPurchaseOrder_PurchaseOrderItems": {
        "type": "object",
        "properties": {
          "PurchaseOrderItem": {
            "type": "string",
            "maxLength": 5
          },
          "Plant": {
            "type": "string",
            "maxLength": 4
          },
          "Material": {
            "type": "string",
            "maxLength": 40
          },
          "OrderQuantity": {
            "type": "string",
            "format": "decimal"
          },
          "PurchaseOrderQuantityUnit": {
            "type": "string",
            "maxLength": 3
          },
          "NetPriceAmount": {
            "type": "string",
            "format": "decimal"
          },
          "OrderProposalItemID": {
            "type": "string",
            "maxLength": 10
          },
          "ScheduleLines": {
            "type": "array",
            "items": {
              "$ref": "#/components/schemas/transferPurchaseOrder_ScheduleLines"
            }
          }
        },
        "example": null
      },
      "orderproposal_transferPurchaseOrder_body": {
        "type": "object",
        "properties": {
          "PurchaseOrderType": {
            "type": "string",
            "maxLength": 4
          },
          "CompanyCode": {
            "type": "string",
            "maxLength": 4
          },
          "Supplier": {
            "type": "string",
            "maxLength": 10
          },
          "PurchasingOrganization": {
            "type": "string",
            "maxLength": 4
          },
          "PurchasingGroup": {
            "type": "string",
            "maxLength": 3
          },
          "PurchaseOrderDate": {
            "type": "string",
            "example": "/Date(1492041600000)/"
          },
          "DocumentCurrency": {
            "type": "string",
            "maxLength": 3
          },
          "OrderProposalID": {
            "type": "string",
            "maxLength": 10
          },
          "OrderProposalSplitID": {
            "type": "integer",
            "format": "int64"
          },
          "Language": {
            "type": "string",
            "maxLength": 2
          },
          "PurchaseOrderItems": {
            "type": "array",
            "items": {
              "$ref": "#/components/schemas/transferPurchaseOrder_PurchaseOrderItems"
            }
          }
        }
      },
      "orderproposal_transferPurchaseOrder_response": {
        "type": "object",
        "properties": {
          "Status": {
            "type": "string"
          },
          "PurchaseOrderNumber": {
            "type": "string"
          }
        }
      },
      "error": {
        "type": "object",
        "required": ["error"],
        "properties": {
          "error": {
            "type": "object",
            "required": ["code", "message"],
            "properties": {
              "code": {
                "type": "string"
              },
              "message": {
                "type": "object",
                "required": ["lang", "value"],
                "properties": {
                  "lang": {
                    "type": "string"
                  },
                  "value": {
                    "type": "string"
                  }
                }
              },
              "innererror": {
                "type": "object",
                "description": "The structure of this object is service-specific"
              }
            }
          }
        }
      }
    },
    "responses": {
      "error": {
        "description": "Error",
        "content": {
          "application/json": {
            "schema": {
              "$ref": "#/components/schemas/error"
            }
          }
        }
      }
    }
  }
}
