{
	"openapi": "3.0.3",
	"info": {
		"title": "Collection Write Off Service",
		"version": "1.0.0",
		"description": "Collection Write Off Service \n\nUse this API to view and manage your Collection Write off"
	},
	"servers": [
		{
			"url": "https://{hostname}",
			"description": "Example of server url is https://my1234567.crm.cloud.sap",
			"variables": {
				"hostname": {
					"default": ""
				}
			}
		}
	],
	"components": {
		"securitySchemes": {
			"basicAuthentication": {
				"type": "http",
				"scheme": "basic"
			}
		},
		"schemas": {
			"error": {
				"type": "object",
				"properties": {
					"error": {
						"type": "object",
						"properties": {
							"code": {
								"type": "string"
							},
							"details": {
								"type": "array",
								"items": {
									"type": "object",
									"properties": {
										"message": {
											"type": "string"
										},
										"code": {
											"type": "string"
										},
										"target": {
											"type": "string"
										}
									}
								}
							},
							"message": {
								"type": "string"
							},
							"target": {
								"type": "string"
							}
						}
					}
				}
			},
			"CollectionWriteOffqueryresponse": {
				"title": "Collection Write Off query response",
				"type": "object",
				"properties": {
					"count": {
						"type": "integer",
						"format": "int32"
					},
					"value": {
						"type": "array",
						"items": {
							"type": "object",
							"properties": {
								"documentNumber": {
									"type": "string",
									"nullable": true,
									"maxLength": 20,
									"title": "Document Number"
								},
								"writeOffDocumentNumber": {
									"type": "string",
									"nullable": true,
									"maxLength": 20,
									"title": "Write-Off Document Number"
								},
								"companyCode": {
									"type": "string",
									"nullable": true,
									"maxLength": 10,
									"title": "Company Code"
								},
								"writeOffAmount": {
									"type": "object",
									"properties": {
										"content": {
											"type": "number",
											"nullable": true,
											"format": "double"
										},
										"currencyCode": {
											"type": "string",
											"nullable": true,
											"title": "Currency"
										}
									}
								},
								"writeOffReasonCode": {
									"type": "string",
									"nullable": true,
									"maxLength": 2,
									"title": "Write-Off Reason Code"
								},
								"writeOffReasonText": {
									"type": "string",
									"nullable": true,
									"maxLength": 50,
									"title": "Write-Off Reason Description"
								},
								"writeOffDate": {
									"type": "string",
									"format": "date",
									"nullable": true
								},
								"reversedFlag": {
									"type": "boolean",
									"nullable": true
								},
								"contractAccountId": {
									"type": "string",
									"nullable": true,
									"maxLength": 12,
									"title": "Contract Account"
								},
								"businessPartnerId": {
									"type": "string",
									"nullable": true,
									"maxLength": 10,
									"title": "Business Partner ID"
								},
								"language": {
									"type": "string",
									"nullable": true,
									"maxLength": 2,
									"title": "Language"
								}
							}
						}
					}
				}
			},
			"info": {
				"type": "object",
				"properties": {
					"info": {
						"type": "object",
						"properties": {
							"code": {
								"type": "string"
							},
							"details": {
								"type": "array",
								"items": {
									"type": "object",
									"properties": {
										"message": {
											"type": "string"
										},
										"target": {
											"type": "string"
										},
										"code": {
											"type": "string"
										},
										"severity": {
											"type": "string",
											"enum": [
												"ERROR",
												"WARNING",
												"INFO"
											]
										}
									}
								}
							},
							"message": {
								"type": "string"
							},
							"target": {
								"type": "string"
							},
							"severity": {
								"type": "string",
								"enum": [
									"ERROR",
									"WARNING",
									"INFO"
								]
							}
						}
					}
				}
			}
		}
	},
	"security": [
		{
			"basicAuthentication": []
		}
	],
	"paths": {
		"/sap/c4c/api/v1/collections-integration-service/writeOff": {
			"get": {
				"operationId": "querycollectionsintegrationservice_writeOff",
				"tags": [
					"WriteOff"
				],
				"summary": "Retrieve Collection Write Off information for a contract account from the system.",
				"description": "Specify query parameters to return desired Collection Write Off records from the system.",
				"parameters": [
					{
						"name": "$filter",
						"in": "query",
						"required": true,
						"schema": {
							"type": "string"
						},
						"examples": {
							"one": {
								"value": "contractAccountId eq 2025601",
								"summary": "Retrieve Collection Write Off of a contract account"
							},
							"two": {
								"value": "contractAccountId eq 2025601 and dateFrom eq 2020-01-01 and dateTo eq 2020-12-31",
								"summary": "Retrieve Collection Write Off of a contract account between dates"
							},
							"three": {
								"value": "contractAccountId eq 2025601 and dateFrom eq 2020-01-01 and dateTo eq 2020-12-31 and reversedWriteOff eq X",
								"summary": "Retrieve Collection Write Off of a contract account between dates and including reversed write offs"
							}
						},
						"description": "Filter Collection Write Off by attribute."
					}
				],
				"responses": {
					"200": {
						"description": "Retrieved Collection Write Off",
						"content": {
							"application/json": {
								"schema": {
									"allOf": [
										{
											"$ref": "#/components/schemas/CollectionWriteOffqueryresponse"
										},
										{
											"$ref": "#/components/schemas/info"
										}
									]
								}
							}
						}
					},
					"401": {
						"description": "Unauthorized.\n\nThis error is caused when the request has not been applied because there are no valid authentication credentials for the target resource."
					},
					"403": {
						"description": "Forbidden.\n\nThis client error code indicates that the server understood the request but refuses to authorize it."
					},
					"500": {
						"description": "Internal Server Error.\n\nFailed to query Collection Write Off.",
						"content": {
							"application/json": {
								"schema": {
									"$ref": "#/components/schemas/error"
								}
							}
						}
					}
				}
			}
		}
	},
	"x-sap-shortText": "Manage entities from Collection Write Off service.",
	"x-sap-extensible": {
		"supported": "automatic",
		"description": "You can create extension fields in the Collection Write Off Service API by following the steps mentioned in https://help.sap.com/docs/CX_NG_SVC/2c87cece32844c91836e535aef8f9642/d3bdfac0c6b141c0bac27408c3ed159f.html?locale=en-US. The newly created extensions will be available in the API request and response body."
	}
}