<ns1:ABS_REQUEST xmlns:ns1="http://webservice.SalesOrder.test.org">
  <ns1:TechnicalProvider>str1234</ns1:TechnicalProvider>
  <ns1:CompanyId>str1234</ns1:CompanyId>
  <ns1:SendingTime>str1234</ns1:SendingTime>
  <ns1:MerchantId>str1234</ns1:MerchantId>
  <ns1:PaymentType>str1234</ns1:PaymentType>
  <ns1:PaymentProvider>str1234</ns1:PaymentProvider>
  <ns1:ReceiverEmail>str1234</ns1:ReceiverEmail>
  <ns1:PurposeNote>str1234</ns1:PurposeNote>
  <ns1:Amount>str1234</ns1:Amount>
  <ns1:Currency>str1234</ns1:Currency>
  <ns1:OTR>str1234</ns1:OTR>
  <ns1:SIGN>str1234</ns1:SIGN>
</ns1:ABS_REQUEST>