{
  "openapi": "3.0.3",
  "info": {
    "title": "External Follow-Up Quote Confirmation In",
    "version": "1.0.0",
    "description": "Confirm External Follow-Up Quote Creation"
  },
  "servers": [
    {
      "url": "https://{hostname}",
      "description": "Example of server url is https://my1234567.crm.cloud.sap",
      "variables": {
        "hostname": {
          "default": ""
        }
      }
    }
  ],
  "components": {
    "securitySchemes": {
      "basicAuthentication": {
        "type": "http",
        "scheme": "basic"
      }
    },
    "schemas": {
      "error": {
        "type": "object",
        "properties": {
          "error": {
            "type": "object",
            "properties": {
              "code": {
                "type": "string"
              },
              "details": {
                "type": "array",
                "items": {
                  "type": "object",
                  "properties": {
                    "message": {
                      "type": "string"
                    },
                    "code": {
                      "type": "string"
                    },
                    "target": {
                      "type": "string"
                    }
                  }
                }
              },
              "message": {
                "type": "string"
              },
              "target": {
                "type": "string"
              }
            }
          }
        }
      },
      "create": {
        "title": "External Follow-Up Quote Confirmation In create request",
        "type": "object",
        "properties": {
          "messageHeader": {
            "type": "object",
            "properties": {
              "id": {
                "type": "string",
                "format": "uuid"
              },
              "senderCommunicationSystemDisplayId": {
                "type": "string"
              },
              "receiverCommunicationSystemDisplayId": {
                "type": "string"
              },
              "creationDateTime": {
                "type": "string",
                "format": "date-time"
              }
            }
          },
          "messageRequests": {
            "type": "array",
            "items": {
              "type": "object",
              "properties": {
                "messageHeader": {
                  "type": "object",
                  "properties": {
                    "id": {
                      "type": "string",
                      "format": "uuid"
                    },
                    "messageEntityName": {
                      "type": "string"
                    },
                    "creationDateTime": {
                      "type": "string",
                      "format": "date-time"
                    },
                    "actionCode": {
                      "type": "string"
                    },
                    "referenceMessageRequestId": {
                      "type": "string"
                    }
                  }
                },
                "body": {
                  "type": "object",
                  "properties": {
                    "receiverId": {
                      "type": "string",
                      "format": "uuid"
                    },
                    "receiverDisplayId": {
                      "type": "string"
                    },
                    "salesQuoteDisplayId": {
                      "type": "string"
                    },
                    "logs": {
                      "type": "array",
                      "items": {
                        "type": "object",
                        "properties": {
                          "severity": {
                            "type": "string"
                          },
                          "note": {
                            "type": "string"
                          }
                        }
                      }
                    }
                  }
                }
              }
            }
          }
        }
      },
      "read": {
        "title": "External Follow-Up Quote Confirmation In file",
        "type": "object",
        "properties": {
          "value": {
            "type": "object",
            "properties": {
              "messageHeader": {
                "type": "object",
                "properties": {
                  "id": {
                    "type": "string",
                    "format": "uuid"
                  },
                  "senderCommunicationSystemDisplayId": {
                    "type": "string"
                  },
                  "receiverCommunicationSystemDisplayId": {
                    "type": "string"
                  },
                  "creationDateTime": {
                    "type": "string",
                    "format": "date-time"
                  }
                }
              },
              "messageRequests": {
                "type": "array",
                "items": {
                  "type": "object",
                  "properties": {
                    "messageHeader": {
                      "type": "object",
                      "properties": {
                        "id": {
                          "type": "string",
                          "format": "uuid"
                        },
                        "messageEntityName": {
                          "type": "string"
                        },
                        "creationDateTime": {
                          "type": "string",
                          "format": "date-time"
                        },
                        "actionCode": {
                          "type": "string"
                        },
                        "referenceMessageRequestId": {
                          "type": "string"
                        }
                      }
                    },
                    "body": {
                      "type": "object",
                      "properties": {
                        "receiverId": {
                          "type": "string",
                          "format": "uuid"
                        },
                        "receiverDisplayId": {
                          "type": "string"
                        },
                        "salesQuoteDisplayId": {
                          "type": "string"
                        },
                        "logs": {
                          "type": "array",
                          "items": {
                            "type": "object",
                            "properties": {
                              "severity": {
                                "type": "string"
                              },
                              "note": {
                                "type": "string"
                              }
                            }
                          }
                        }
                      }
                    }
                  }
                }
              }
            }
          }
        }
      }
    }
  },
  "security": [
    {
      "basicAuthentication": []
    }
  ],
  "paths": {
    "/sap/c4c/api/v1/inbound-data-connector-service/messages/sap.crm.opportunityservice.entity.opportunityExternalQuoteConfirmationMessageIn": {
      "parameters": [
        {
          "name": "x-sap-crm-token",
          "in": "header",
          "required": true,
          "schema": {
            "type": "string"
          }
        }
      ],
      "post": {
        "operationId": "createopportunityservice_opportunityExternalQuoteConfirmationIn",
        "tags": [
          "OpportunityExternalQuoteConfirmationIn"
        ],
        "summary": "Create data",
        "parameters": [],
        "requestBody": {
          "content": {
            "application/json": {
              "schema": {
                "$ref": "#/components/schemas/create"
              }
            }
          }
        },
        "responses": {
          "201": {
            "description": "201 CREATED",
            "content": {
              "application/json": {
                "schema": {
                  "$ref": "#/components/schemas/read"
                }
              }
            }
          },
          "400": {
            "description": "400 BAD_REQUEST",
            "content": {
              "application/json": {
                "schema": {
                  "$ref": "#/components/schemas/error"
                }
              }
            }
          },
          "401": {
            "description": "401 UNAUTHORIZED"
          },
          "403": {
            "description": "403 FORBIDDEN"
          },
          "404": {
            "description": "404 NOT_FOUND"
          },
          "500": {
            "description": "500 INTERNAL_SERVER_ERROR",
            "content": {
              "application/json": {
                "schema": {
                  "$ref": "#/components/schemas/error"
                }
              }
            }
          }
        }
      }
    }
  },
  "x-sap-shortText": "Manage objects from External Follow-Up Quote Confirmation In service."
}