{
    "openapi": "3.0.0",
    "info": {
        "title": "SPA",
        "version": "1.0.0"
    },
    "servers": [
        {
            "url": "https://c0401-iflmap.hcisb.int.sap.eu2.hana.ondemand.com"
        }
    ],
    "components": {
        "securitySchemes": {
            "basicAuth": {
                "type": "http",
                "scheme": "basic"
            }
        }
    },
    "paths": {
        "/http/spa/purchaserequisition": {
            "post": {
                "description": "Create a new purchase requisition in S/4HANA Cloud",
                "operationId": "Purchase Requisition",
                "summary": "Create a purchase requisition in S4HANA",
                "requestBody": {
                    "content": {
                        "application/json": {
                            "schema": {
                                "type": "object",
                                "properties": {
                                    "Description": {
                                        "type": "string"
                                    },
                                    "Purchase Requisition Type": {
                                        "type": "string"
                                    },
                                    "Account Assignment Category": {
                                        "type": "string"
                                    },
                                    "Material Group": {
                                        "type": "string"
                                    },
                                    "Base Unit": {
                                        "type": "string"
                                    },
                                    "Purchasing Group": {
                                        "type": "string"
                                    },
                                    "Company Code": {
                                        "type": "string"
                                    },
                                    "Material": {
                                        "type": "string"
                                    },
                                    "Quantity": {
                                        "type": "number"
                                    },
                                    "Plant": {
                                        "type": "string"
                                    },
                                    "Delivery Date": {
                                        "type": "string",
                                        "format": "date"
                                    }
                                }
                            }
                        }
                    }
                },
                "security": [
                    {
                        "basicAuth": []
                    }
                ],
                "parameters": [
                    {
                        "name": "Accept",
                        "in": "header",
                        "schema": {
                            "type": "string"
                        },
                        "example": "application/json"
                    }
                ],
                "responses": {
                    "200": {
                        "description": "Successful response",
                        "content": {
                            "application/json": {
                                "schema": {
                                    "type": "object",
                                    "properties": {
                                        "PurchaseRequisitionID": {
                                            "type": "string"
                                        }
                                    }
                                }
                            }
                        }
                    }
                }
            }
        }
    }
}