<?xml version="1.0" encoding="utf-8"?>
<edmx:Edmx Version="1.0"
	xmlns:edmx="http://schemas.microsoft.com/ado/2007/06/edmx"
	xmlns:m="http://schemas.microsoft.com/ado/2007/08/dataservices/metadata"
	xmlns:sap="http://www.sap.com/Protocols/SAPData">
	<edmx:Reference Uri="https://ldciqw9.wdf.sap.corp:44300/sap/opu/odata/iwfnd/catalogservice;v=2/Vocabularies(TechnicalName='%2FIWBEP%2FVOC_AGGREGATION',Version='0001',SAP__Origin='LOCAL')/$value"
		xmlns:edmx="http://docs.oasis-open.org/odata/ns/edmx">
		<edmx:Include Namespace="Org.OData.Aggregation.V1" Alias="Aggregation"/>
	</edmx:Reference>
	<edmx:Reference Uri="https://ldciqw9.wdf.sap.corp:44300/sap/opu/odata/iwfnd/catalogservice;v=2/Vocabularies(TechnicalName='%2FIWBEP%2FVOC_ANALYTICS',Version='0001',SAP__Origin='LOCAL')/$value"
		xmlns:edmx="http://docs.oasis-open.org/odata/ns/edmx">
		<edmx:Include Namespace="com.sap.vocabularies.Analytics.v1" Alias="Analytics"/>
	</edmx:Reference>
	<edmx:Reference Uri="https://ldciqw9.wdf.sap.corp:44300/sap/opu/odata/iwfnd/catalogservice;v=2/Vocabularies(TechnicalName='%2FIWBEP%2FVOC_CAPABILITIES',Version='0001',SAP__Origin='LOCAL')/$value"
		xmlns:edmx="http://docs.oasis-open.org/odata/ns/edmx">
		<edmx:Include Namespace="Org.OData.Capabilities.V1" Alias="Capabilities"/>
	</edmx:Reference>
	<edmx:Reference Uri="https://ldciqw9.wdf.sap.corp:44300/sap/opu/odata/iwfnd/catalogservice;v=2/Vocabularies(TechnicalName='%2FIWBEP%2FVOC_CODELIST',Version='0001',SAP__Origin='LOCAL')/$value"
		xmlns:edmx="http://docs.oasis-open.org/odata/ns/edmx">
		<edmx:Include Namespace="com.sap.vocabularies.CodeList.v1" Alias="SAP__CodeList"/>
	</edmx:Reference>
	<edmx:Reference Uri="https://ldciqw9.wdf.sap.corp:44300/sap/opu/odata/iwfnd/catalogservice;v=2/Vocabularies(TechnicalName='%2FIWBEP%2FVOC_COMMON',Version='0001',SAP__Origin='LOCAL')/$value"
		xmlns:edmx="http://docs.oasis-open.org/odata/ns/edmx">
		<edmx:Include Namespace="com.sap.vocabularies.Common.v1" Alias="Common"/>
	</edmx:Reference>
	<edmx:Reference Uri="https://ldciqw9.wdf.sap.corp:44300/sap/opu/odata/iwfnd/catalogservice;v=2/Vocabularies(TechnicalName='%2FIWBEP%2FVOC_COMMUNICATION',Version='0001',SAP__Origin='LOCAL')/$value"
		xmlns:edmx="http://docs.oasis-open.org/odata/ns/edmx">
		<edmx:Include Namespace="com.sap.vocabularies.Communication.v1" Alias="Communication"/>
	</edmx:Reference>
	<edmx:Reference Uri="https://ldciqw9.wdf.sap.corp:44300/sap/opu/odata/iwfnd/catalogservice;v=2/Vocabularies(TechnicalName='%2FIWBEP%2FVOC_MEASURES',Version='0001',SAP__Origin='LOCAL')/$value"
		xmlns:edmx="http://docs.oasis-open.org/odata/ns/edmx">
		<edmx:Include Namespace="Org.OData.Measures.V1" Alias="Measures"/>
	</edmx:Reference>
	<edmx:Reference Uri="https://ldciqw9.wdf.sap.corp:44300/sap/opu/odata/iwfnd/catalogservice;v=2/Vocabularies(TechnicalName='%2FIWBEP%2FVOC_ODM',Version='0001',SAP__Origin='LOCAL')/$value"
		xmlns:edmx="http://docs.oasis-open.org/odata/ns/edmx">
		<edmx:Include Namespace="com.sap.vocabularies.ODM.v1" Alias="SAP__ODM"/>
	</edmx:Reference>
	<edmx:Reference Uri="https://ldciqw9.wdf.sap.corp:44300/sap/opu/odata/iwfnd/catalogservice;v=2/Vocabularies(TechnicalName='%2FIWBEP%2FVOC_PERSONALDATA',Version='0001',SAP__Origin='LOCAL')/$value"
		xmlns:edmx="http://docs.oasis-open.org/odata/ns/edmx">
		<edmx:Include Namespace="com.sap.vocabularies.PersonalData.v1" Alias="PersonalData"/>
	</edmx:Reference>
	<edmx:Reference Uri="https://ldciqw9.wdf.sap.corp:44300/sap/opu/odata/iwfnd/catalogservice;v=2/Vocabularies(TechnicalName='%2FIWBEP%2FVOC_UI',Version='0001',SAP__Origin='LOCAL')/$value"
		xmlns:edmx="http://docs.oasis-open.org/odata/ns/edmx">
		<edmx:Include Namespace="com.sap.vocabularies.UI.v1" Alias="UI"/>
	</edmx:Reference>
	<edmx:Reference Uri="https://ldciqw9.wdf.sap.corp:44300/sap/opu/odata/iwfnd/catalogservice;v=2/Vocabularies(TechnicalName='%2FIWBEP%2FVOC_VALIDATION',Version='0001',SAP__Origin='LOCAL')/$value"
		xmlns:edmx="http://docs.oasis-open.org/odata/ns/edmx">
		<edmx:Include Namespace="Org.OData.Validation.V1" Alias="Validation"/>
	</edmx:Reference>
	<edmx:DataServices m:DataServiceVersion="2.0">
		<Schema Namespace="API_SALES_ORDER_SIMULATION_SRV" xml:lang="en" sap:schema-version="1"
			xmlns="http://schemas.microsoft.com/ado/2008/09/edm">
			<EntityType Name="A_SalesOrderCreditSimulationType" sap:label="Sales Order Credit Simulation (API)" sap:content-version="1">
				<Key>
					<PropertyRef Name="SalesOrder"/>
				</Key>
				<Property Name="SalesOrder" Type="Edm.String" Nullable="false" MaxLength="10" sap:display-format="UpperCase" sap:label="Sales Order" sap:creatable="false" sap:updatable="false"/>
				<Property Name="TotalCreditCheckStatus" Type="Edm.String" MaxLength="1" sap:display-format="UpperCase" sap:label="Credit Status" sap:quickinfo="Overall Status of Credit Checks"/>
				<NavigationProperty Name="to_SalesOrder" Relationship="API_SALES_ORDER_SIMULATION_SRV.assoc_26634135EFCF9268914EE7F62D4B5B39" FromRole="FromRole_assoc_26634135EFCF9268914EE7F62D4B5B39" ToRole="ToRole_assoc_26634135EFCF9268914EE7F62D4B5B39"/>
			</EntityType>
			<EntityType Name="A_SalesOrderItemPartnerSimlnType" sap:label="Sales Order Item Partner Sim (API)" sap:content-version="1">
				<Key>
					<PropertyRef Name="SalesOrder"/>
					<PropertyRef Name="SalesOrderItem"/>
					<PropertyRef Name="PartnerFunction"/>
				</Key>
				<Property Name="SalesOrder" Type="Edm.String" Nullable="false" MaxLength="10" sap:display-format="UpperCase" sap:label="Sales Order" sap:creatable="false" sap:updatable="false"/>
				<Property Name="SalesOrderItem" Type="Edm.String" Nullable="false" MaxLength="6" sap:display-format="NonNegative" sap:label="Item" sap:quickinfo="Sales Order Item" sap:creatable="false" sap:updatable="false"/>
				<Property Name="PartnerFunction" Type="Edm.String" Nullable="false" MaxLength="2" sap:display-format="UpperCase" sap:label="Partner Function"/>
				<Property Name="Customer" Type="Edm.String" MaxLength="10" sap:display-format="UpperCase" sap:label="Customer" sap:quickinfo="Customer Number"/>
				<Property Name="Supplier" Type="Edm.String" MaxLength="10" sap:display-format="UpperCase" sap:label="Supplier" sap:quickinfo="Account Number of Supplier"/>
				<Property Name="Personnel" Type="Edm.String" MaxLength="8" sap:display-format="NonNegative" sap:label="Personnel Number"/>
				<Property Name="ContactPerson" Type="Edm.String" MaxLength="10" sap:display-format="NonNegative" sap:label="Contact Person" sap:quickinfo="Number of Contact Person"/>
				<Property Name="VATRegistration" Type="Edm.String" MaxLength="20" sap:display-format="UpperCase" sap:label="VAT Registration No." sap:quickinfo="VAT Registration Number"/>
				<NavigationProperty Name="to_SalesOrder" Relationship="API_SALES_ORDER_SIMULATION_SRV.assoc_E0FE476A735DC637844E2A44BD30085C" FromRole="FromRole_assoc_E0FE476A735DC637844E2A44BD30085C" ToRole="ToRole_assoc_E0FE476A735DC637844E2A44BD30085C"/>
				<NavigationProperty Name="to_SalesOrderItem" Relationship="API_SALES_ORDER_SIMULATION_SRV.assoc_B7946EDD467E2BD88C87A57E636DB365" FromRole="FromRole_assoc_B7946EDD467E2BD88C87A57E636DB365" ToRole="ToRole_assoc_B7946EDD467E2BD88C87A57E636DB365"/>
			</EntityType>
			<EntityType Name="A_SalesOrderItemSimulationType" sap:label="Sales Order Item Simulation (API)" sap:content-version="1">
				<Key>
					<PropertyRef Name="SalesOrder"/>
					<PropertyRef Name="SalesOrderItem"/>
				</Key>
				<Property Name="SalesOrder" Type="Edm.String" Nullable="false" MaxLength="10" sap:display-format="UpperCase" sap:label="Sales Order" sap:creatable="false" sap:updatable="false"/>
				<Property Name="SalesOrderItem" Type="Edm.String" Nullable="false" MaxLength="6" sap:display-format="NonNegative" sap:text="SalesOrderItemText" sap:label="Item" sap:quickinfo="Sales Order Item"/>
				<Property Name="HigherLevelItem" Type="Edm.String" MaxLength="6" sap:display-format="NonNegative" sap:label="Higher-Level Item" sap:quickinfo="Higher-Level Item in Bill of Material Structures"/>
				<Property Name="HigherLevelItemUsage" Type="Edm.String" MaxLength="1" sap:display-format="UpperCase" sap:label="Usage of HL Item" sap:quickinfo="ID for higher-level item usage" sap:creatable="false" sap:updatable="false"/>
				<Property Name="SalesOrderItemCategory" Type="Edm.String" MaxLength="4" sap:display-format="UpperCase" sap:label="Item Category" sap:quickinfo="Sales Document Item Category"/>
				<Property Name="SalesOrderItemText" Type="Edm.String" MaxLength="40" sap:label="Item Description" sap:quickinfo="Short text for sales order item"/>
				<Property Name="PurchaseOrderByCustomer" Type="Edm.String" MaxLength="35" sap:label="Customer Reference"/>
				<Property Name="Material" Type="Edm.String" MaxLength="40" sap:display-format="UpperCase" sap:label="Material" sap:quickinfo="Material Number"/>
				<Property Name="MaterialByCustomer" Type="Edm.String" MaxLength="35" sap:display-format="UpperCase" sap:label="Customer Material" sap:quickinfo="Material Number Used by Customer"/>
				<Property Name="PricingDate" Type="Edm.DateTime" Precision="0" sap:display-format="Date" sap:label="Pricing Date" sap:quickinfo="Date for Pricing and Exchange Rate"/>
				<Property Name="PricingReferenceMaterial" Type="Edm.String" MaxLength="40" sap:display-format="UpperCase" sap:label="Pricing Ref. Matl" sap:quickinfo="Pricing Reference Material"/>
				<Property Name="RequestedQuantity" Type="Edm.Decimal" Precision="15" Scale="3" sap:unit="RequestedQuantitySAPUnit" sap:label="Requested Quantity"/>
				<Property Name="RequestedQuantityUnit" Type="Edm.String" MaxLength="3" sap:label="Requested Qty Unit" sap:quickinfo="Unit of the Requested Quantity" sap:semantics="unit-of-measure"/>
				<Property Name="RequestedQuantitySAPUnit" Type="Edm.String" MaxLength="3" sap:label="SAP Code Req. Qty" sap:quickinfo="SAP Unit Code for Requested Quantity" sap:semantics="unit-of-measure"/>
				<Property Name="RequestedQuantityISOUnit" Type="Edm.String" MaxLength="3" sap:display-format="UpperCase" sap:label="ISO Code Req. Qty" sap:quickinfo="ISO Unit Code for Requested Quantity"/>
				<Property Name="OrderQuantityUnit" Type="Edm.String" MaxLength="3" sap:label="Sales Unit" sap:creatable="false" sap:updatable="false" sap:semantics="unit-of-measure"/>
				<Property Name="OrderQuantitySAPUnit" Type="Edm.String" MaxLength="3" sap:label="SAP Order Quantity" sap:quickinfo="SAP Unit Code for Order Quantity" sap:creatable="false" sap:updatable="false" sap:semantics="unit-of-measure"/>
				<Property Name="OrderQuantityISOUnit" Type="Edm.String" MaxLength="3" sap:display-format="UpperCase" sap:label="ISO Order Quantity" sap:quickinfo="ISO Unit Code for Order Quantity" sap:creatable="false" sap:updatable="false"/>
				<Property Name="ConfdDelivQtyInOrderQtyUnit" Type="Edm.Decimal" Precision="15" Scale="3" sap:unit="OrderQuantitySAPUnit" sap:label="Confirmed Quantity" sap:quickinfo="Cumulative Confirmed Quantity in Sales Unit" sap:creatable="false" sap:updatable="false"/>
				<Property Name="ItemGrossWeight" Type="Edm.Decimal" Precision="15" Scale="3" sap:unit="ItemWeightSAPUnit" sap:label="Gross Weight" sap:quickinfo="Gross Weight of the Item" sap:creatable="false" sap:updatable="false"/>
				<Property Name="ItemNetWeight" Type="Edm.Decimal" Precision="15" Scale="3" sap:unit="ItemWeightSAPUnit" sap:label="Net Weight" sap:quickinfo="Net Weight of the Item" sap:creatable="false" sap:updatable="false"/>
				<Property Name="ItemWeightUnit" Type="Edm.String" MaxLength="3" sap:label="Unit of Weight" sap:creatable="false" sap:updatable="false" sap:semantics="unit-of-measure"/>
				<Property Name="ItemWeightSAPUnit" Type="Edm.String" MaxLength="3" sap:label="SAP Code Item Weight" sap:quickinfo="SAP Unit Code for Item Weight" sap:creatable="false" sap:updatable="false" sap:semantics="unit-of-measure"/>
				<Property Name="ItemWeightISOUnit" Type="Edm.String" MaxLength="3" sap:display-format="UpperCase" sap:label="ISO Code Item Weight" sap:quickinfo="ISO Unit Code for Item Weight" sap:creatable="false" sap:updatable="false"/>
				<Property Name="ItemVolume" Type="Edm.Decimal" Precision="15" Scale="3" sap:unit="ItemVolumeSAPUnit" sap:label="Volume" sap:quickinfo="Volume of the item" sap:creatable="false" sap:updatable="false"/>
				<Property Name="ItemVolumeUnit" Type="Edm.String" MaxLength="3" sap:label="Volume Unit" sap:creatable="false" sap:updatable="false" sap:semantics="unit-of-measure"/>
				<Property Name="ItemVolumeSAPUnit" Type="Edm.String" MaxLength="3" sap:label="SAP Code f Item Vol." sap:quickinfo="SAP Unit Code for Item Volume" sap:creatable="false" sap:updatable="false" sap:semantics="unit-of-measure"/>
				<Property Name="ItemVolumeISOUnit" Type="Edm.String" MaxLength="3" sap:display-format="UpperCase" sap:label="ISO Unit Item Volume" sap:quickinfo="ISO Unit Code for Item Volume" sap:creatable="false" sap:updatable="false"/>
				<Property Name="TransactionCurrency" Type="Edm.String" MaxLength="5" sap:display-format="UpperCase" sap:label="Document Currency" sap:quickinfo="SD Document Currency" sap:creatable="false" sap:updatable="false" sap:semantics="currency-code"/>
				<Property Name="NetAmount" Type="Edm.Decimal" Precision="16" Scale="3" sap:unit="TransactionCurrency" sap:label="Net Value" sap:quickinfo="Net Value of the Document Item in Document Currency" sap:creatable="false" sap:updatable="false"/>
				<Property Name="TaxAmount" Type="Edm.Decimal" Precision="14" Scale="3" sap:unit="TransactionCurrency" sap:label="Tax Amount" sap:quickinfo="Tax Amount in Document Currency" sap:creatable="false" sap:updatable="false"/>
				<Property Name="CostAmount" Type="Edm.Decimal" Precision="14" Scale="3" sap:unit="TransactionCurrency" sap:label="Cost" sap:quickinfo="Cost in Document Currency" sap:creatable="false" sap:updatable="false"/>
				<Property Name="Subtotal1Amount" Type="Edm.Decimal" Precision="14" Scale="3" sap:unit="TransactionCurrency" sap:label="Subtotal 1" sap:quickinfo="Subtotal 1 from Pricing Procedure for Price Element" sap:creatable="false" sap:updatable="false"/>
				<Property Name="Subtotal2Amount" Type="Edm.Decimal" Precision="14" Scale="3" sap:unit="TransactionCurrency" sap:label="Subtotal 2" sap:quickinfo="Subtotal 2 from Pricing Procedure for Price Element" sap:creatable="false" sap:updatable="false"/>
				<Property Name="Subtotal3Amount" Type="Edm.Decimal" Precision="14" Scale="3" sap:unit="TransactionCurrency" sap:label="Subtotal 3" sap:quickinfo="Subtotal 3 from Pricing Procedure for Price Element" sap:creatable="false" sap:updatable="false"/>
				<Property Name="Subtotal4Amount" Type="Edm.Decimal" Precision="14" Scale="3" sap:unit="TransactionCurrency" sap:label="Subtotal 4" sap:quickinfo="Subtotal 4 from Pricing Procedure for Price Element" sap:creatable="false" sap:updatable="false"/>
				<Property Name="Subtotal5Amount" Type="Edm.Decimal" Precision="14" Scale="3" sap:unit="TransactionCurrency" sap:label="Subtotal 5" sap:quickinfo="Subtotal 5 from Pricing Procedure for Price Element" sap:creatable="false" sap:updatable="false"/>
				<Property Name="Subtotal6Amount" Type="Edm.Decimal" Precision="14" Scale="3" sap:unit="TransactionCurrency" sap:label="Subtotal 6" sap:quickinfo="Subtotal 6 from Pricing Procedure for Price Element" sap:creatable="false" sap:updatable="false"/>
				<Property Name="MaterialSubstitutionReason" Type="Edm.String" MaxLength="4" sap:display-format="UpperCase" sap:label="Substitution Reason" sap:quickinfo="Reason for Material Substitution" sap:creatable="false" sap:updatable="false"/>
				<Property Name="MaterialGroup" Type="Edm.String" MaxLength="9" sap:display-format="UpperCase" sap:label="Material Group"/>
				<Property Name="MaterialPricingGroup" Type="Edm.String" MaxLength="2" sap:display-format="UpperCase" sap:label="Product Price Group"/>
				<Property Name="Batch" Type="Edm.String" MaxLength="10" sap:display-format="UpperCase" sap:label="Batch" sap:quickinfo="Batch Number"/>
				<Property Name="Plant" Type="Edm.String" MaxLength="4" sap:display-format="UpperCase" sap:label="Plant" sap:quickinfo="Plant (Own or External)"/>
				<Property Name="StorageLocation" Type="Edm.String" MaxLength="4" sap:display-format="UpperCase" sap:label="Storage Location"/>
				<Property Name="DeliveryGroup" Type="Edm.String" MaxLength="3" sap:display-format="NonNegative" sap:label="Delivery Group" sap:quickinfo="Delivery Group (Items are delivered together)"/>
				<Property Name="ShippingPoint" Type="Edm.String" MaxLength="4" sap:display-format="UpperCase" sap:label="Shipping Point" sap:quickinfo="Shipping Point / Receiving Point"/>
				<Property Name="ShippingType" Type="Edm.String" MaxLength="2" sap:display-format="UpperCase" sap:label="Shipping Type"/>
				<Property Name="DeliveryPriority" Type="Edm.String" MaxLength="2" sap:display-format="NonNegative" sap:label="Delivery Priority"/>
				<Property Name="IncotermsClassification" Type="Edm.String" MaxLength="3" sap:display-format="UpperCase" sap:label="Incoterms" sap:quickinfo="Incoterms (Part 1)"/>
				<Property Name="IncotermsTransferLocation" Type="Edm.String" MaxLength="28" sap:label="Incoterms (Part 2)"/>
				<Property Name="IncotermsLocation1" Type="Edm.String" MaxLength="70" sap:label="Incoterms Location 1"/>
				<Property Name="IncotermsLocation2" Type="Edm.String" MaxLength="70" sap:label="Incoterms Location 2"/>
				<Property Name="ProductTaxClassification1" Type="Edm.String" MaxLength="1" sap:display-format="UpperCase" sap:label="Tax Classifc. Mat." sap:quickinfo="Tax Classification for Material"/>
				<Property Name="ProductTaxClassification2" Type="Edm.String" MaxLength="1" sap:display-format="UpperCase" sap:label="Tax Classifc. Mat." sap:quickinfo="Tax Classification for Material"/>
				<Property Name="ProductTaxClassification3" Type="Edm.String" MaxLength="1" sap:display-format="UpperCase" sap:label="Tax Classifc. Mat." sap:quickinfo="Tax Classification for Material"/>
				<Property Name="ProductTaxClassification4" Type="Edm.String" MaxLength="1" sap:display-format="UpperCase" sap:label="Tax Classifc. Mat." sap:quickinfo="Tax Classification for Material"/>
				<Property Name="ProductTaxClassification5" Type="Edm.String" MaxLength="1" sap:display-format="UpperCase" sap:label="Tax Classifc. Mat." sap:quickinfo="Tax Classification for Material"/>
				<Property Name="ProductTaxClassification6" Type="Edm.String" MaxLength="1" sap:display-format="UpperCase" sap:label="Tax Classifc. Mat." sap:quickinfo="Tax Classification for Material"/>
				<Property Name="ProductTaxClassification7" Type="Edm.String" MaxLength="1" sap:display-format="UpperCase" sap:label="Tax Classifc. Mat." sap:quickinfo="Tax Classification for Material"/>
				<Property Name="ProductTaxClassification8" Type="Edm.String" MaxLength="1" sap:display-format="UpperCase" sap:label="Tax Classifc. Mat." sap:quickinfo="Tax Classification for Material"/>
				<Property Name="ProductTaxClassification9" Type="Edm.String" MaxLength="1" sap:display-format="UpperCase" sap:label="Tax Classifc. Mat." sap:quickinfo="Tax Classification for Material"/>
				<Property Name="ReferenceSDDocument" Type="Edm.String" MaxLength="10" sap:display-format="UpperCase" sap:label="Reference Document" sap:quickinfo="Document Number of Reference Document"/>
				<Property Name="ReferenceSDDocumentItem" Type="Edm.String" MaxLength="6" sap:display-format="NonNegative" sap:label="Reference Item" sap:quickinfo="Item Number of the Reference Item"/>
				<Property Name="CustomerPaymentTerms" Type="Edm.String" MaxLength="4" sap:display-format="UpperCase" sap:label="Terms of Payment" sap:quickinfo="Terms of Payment Key"/>
				<Property Name="SalesDocumentRjcnReason" Type="Edm.String" MaxLength="2" sap:display-format="UpperCase" sap:label="Reason for Rejection" sap:quickinfo="Reason for Rejection of Sales Documents"/>
				<Property Name="RequirementSegment" Type="Edm.String" MaxLength="40" sap:display-format="UpperCase" sap:label="Requirement Segment"/>
				<NavigationProperty Name="to_Partner" Relationship="API_SALES_ORDER_SIMULATION_SRV.assoc_036B9A16D7EAF5FC436B5909FDAB55C7" FromRole="FromRole_assoc_036B9A16D7EAF5FC436B5909FDAB55C7" ToRole="ToRole_assoc_036B9A16D7EAF5FC436B5909FDAB55C7"/>
				<NavigationProperty Name="to_PricingElement" Relationship="API_SALES_ORDER_SIMULATION_SRV.assoc_1397E5E95667491CB0DAB8030565236A" FromRole="FromRole_assoc_1397E5E95667491CB0DAB8030565236A" ToRole="ToRole_assoc_1397E5E95667491CB0DAB8030565236A"/>
				<NavigationProperty Name="to_SalesOrder" Relationship="API_SALES_ORDER_SIMULATION_SRV.assoc_53816724613E7ECBF4FB53952D6D1176" FromRole="FromRole_assoc_53816724613E7ECBF4FB53952D6D1176" ToRole="ToRole_assoc_53816724613E7ECBF4FB53952D6D1176"/>
				<NavigationProperty Name="to_ScheduleLine" Relationship="API_SALES_ORDER_SIMULATION_SRV.assoc_5953784DB807BE42507A68E85149A783" FromRole="FromRole_assoc_5953784DB807BE42507A68E85149A783" ToRole="ToRole_assoc_5953784DB807BE42507A68E85149A783"/>
			</EntityType>
			<EntityType Name="A_SalesOrderItmPrcgElmntSimlnType" sap:label="Sales Order Item Pricing Elmnt Sim (API)" sap:content-version="1">
				<Key>
					<PropertyRef Name="SalesOrder"/>
					<PropertyRef Name="SalesOrderItem"/>
					<PropertyRef Name="PricingProcedureStep"/>
					<PropertyRef Name="PricingProcedureCounter"/>
				</Key>
				<Property Name="SalesOrder" Type="Edm.String" Nullable="false" MaxLength="10" sap:display-format="UpperCase" sap:label="Sales Order" sap:creatable="false" sap:updatable="false"/>
				<Property Name="SalesOrderItem" Type="Edm.String" Nullable="false" MaxLength="6" sap:display-format="NonNegative" sap:label="Item" sap:quickinfo="Sales Order Item" sap:creatable="false" sap:updatable="false"/>
				<Property Name="PricingProcedureStep" Type="Edm.String" Nullable="false" MaxLength="3" sap:display-format="NonNegative" sap:label="Step Number"/>
				<Property Name="PricingProcedureCounter" Type="Edm.String" Nullable="false" MaxLength="3" sap:display-format="NonNegative" sap:label="Counter" sap:quickinfo="Condition Counter"/>
				<Property Name="ConditionType" Type="Edm.String" MaxLength="4" sap:display-format="UpperCase" sap:label="Condition Type"/>
				<Property Name="PriceConditionDeterminationDte" Type="Edm.DateTime" Precision="0" sap:display-format="Date" sap:label="Cndn Pricing Date" sap:quickinfo="Condition Pricing Date" sap:creatable="false" sap:updatable="false"/>
				<Property Name="ConditionCalculationType" Type="Edm.String" MaxLength="3" sap:display-format="UpperCase" sap:label="Calculation Type" sap:quickinfo="Calculation Type for Condition" sap:creatable="false" sap:updatable="false"/>
				<Property Name="ConditionBaseValue" Type="Edm.Decimal" Precision="24" Scale="9" sap:label="Condition Basis" sap:creatable="false" sap:updatable="false"/>
				<Property Name="ConditionRateValue" Type="Edm.Decimal" Precision="24" Scale="9" sap:label="Amount" sap:quickinfo="Condition Amount or Percentage"/>
				<Property Name="ConditionCurrency" Type="Edm.String" MaxLength="5" sap:display-format="UpperCase" sap:label="Currency" sap:quickinfo="Currency Key" sap:semantics="currency-code"/>
				<Property Name="ConditionQuantity" Type="Edm.Decimal" Precision="5" Scale="0" sap:unit="ConditionQuantitySAPUnit" sap:label="Pricing Unit" sap:quickinfo="Condition Pricing Unit"/>
				<Property Name="ConditionQuantityUnit" Type="Edm.String" MaxLength="3" sap:label="Condition Unit" sap:quickinfo="Condition Unit in the Document" sap:semantics="unit-of-measure"/>
				<Property Name="ConditionQuantitySAPUnit" Type="Edm.String" MaxLength="3" sap:label="SAP Condition Qty" sap:quickinfo="SAP Unit Code for Condition Quantity" sap:semantics="unit-of-measure"/>
				<Property Name="ConditionQuantityISOUnit" Type="Edm.String" MaxLength="3" sap:display-format="UpperCase" sap:label="ISO Condition Qty" sap:quickinfo="ISO Unit Code for Condition Quantity"/>
				<Property Name="ConditionIsForStatistics" Type="Edm.Boolean" sap:label="Statistical" sap:quickinfo="Condition is used for statistics" sap:creatable="false" sap:updatable="false"/>
				<Property Name="ConditionOrigin" Type="Edm.String" MaxLength="1" sap:display-format="UpperCase" sap:label="Condition Origin" sap:quickinfo="Origin of the Condition" sap:creatable="false" sap:updatable="false"/>
				<Property Name="IsGroupCondition" Type="Edm.String" MaxLength="1" sap:display-format="UpperCase" sap:label="Group Condition" sap:creatable="false" sap:updatable="false"/>
				<Property Name="ConditionAmount" Type="Edm.Decimal" Precision="16" Scale="3" sap:unit="TransactionCurrency" sap:label="Condition Value" sap:creatable="false" sap:updatable="false"/>
				<Property Name="TransactionCurrency" Type="Edm.String" MaxLength="5" sap:display-format="UpperCase" sap:label="Document Currency" sap:quickinfo="SD Document Currency" sap:semantics="currency-code"/>
				<Property Name="ConditionInactiveReason" Type="Edm.String" MaxLength="1" sap:display-format="UpperCase" sap:label="Inactive Condition" sap:quickinfo="Condition is Inactive" sap:creatable="false" sap:updatable="false"/>
				<Property Name="ConditionClass" Type="Edm.String" MaxLength="1" sap:display-format="UpperCase" sap:label="Condition Class" sap:creatable="false" sap:updatable="false"/>
				<Property Name="PricingScaleBasis" Type="Edm.String" MaxLength="3" sap:display-format="UpperCase" sap:label="Scale Basis" sap:quickinfo="Scale Basis Indicator" sap:creatable="false" sap:updatable="false"/>
				<Property Name="ConditionScaleBasisValue" Type="Edm.Decimal" Precision="24" Scale="9" sap:label="Scale Base Val." sap:quickinfo="Scale Base Value" sap:creatable="false" sap:updatable="false"/>
				<Property Name="ConditionIsManuallyChanged" Type="Edm.Boolean" sap:label="Changed Manually" sap:quickinfo="Condition Changed Manually" sap:creatable="false" sap:updatable="false"/>
				<NavigationProperty Name="to_SalesOrder" Relationship="API_SALES_ORDER_SIMULATION_SRV.assoc_C8327E2027C5F32FF63661754166938B" FromRole="FromRole_assoc_C8327E2027C5F32FF63661754166938B" ToRole="ToRole_assoc_C8327E2027C5F32FF63661754166938B"/>
				<NavigationProperty Name="to_SalesOrderItem" Relationship="API_SALES_ORDER_SIMULATION_SRV.assoc_9F3D7582A67C0D2CE50C97F35CA6BCA5" FromRole="FromRole_assoc_9F3D7582A67C0D2CE50C97F35CA6BCA5" ToRole="ToRole_assoc_9F3D7582A67C0D2CE50C97F35CA6BCA5"/>
			</EntityType>
			<EntityType Name="A_SalesOrderPartnerSimulationType" sap:label="Sales Order Partner Simulation (API)" sap:content-version="1">
				<Key>
					<PropertyRef Name="SalesOrder"/>
					<PropertyRef Name="PartnerFunction"/>
				</Key>
				<Property Name="SalesOrder" Type="Edm.String" Nullable="false" MaxLength="10" sap:display-format="UpperCase" sap:label="Sales Order" sap:creatable="false" sap:updatable="false"/>
				<Property Name="PartnerFunction" Type="Edm.String" Nullable="false" MaxLength="2" sap:display-format="UpperCase" sap:label="Partner Function"/>
				<Property Name="Customer" Type="Edm.String" MaxLength="10" sap:display-format="UpperCase" sap:label="Customer" sap:quickinfo="Customer Number"/>
				<Property Name="Supplier" Type="Edm.String" MaxLength="10" sap:display-format="UpperCase" sap:label="Supplier" sap:quickinfo="Account Number of Supplier"/>
				<Property Name="Personnel" Type="Edm.String" MaxLength="8" sap:display-format="NonNegative" sap:label="Personnel Number"/>
				<Property Name="ContactPerson" Type="Edm.String" MaxLength="10" sap:display-format="NonNegative" sap:label="Contact Person" sap:quickinfo="Number of Contact Person"/>
				<Property Name="VATRegistration" Type="Edm.String" MaxLength="20" sap:display-format="UpperCase" sap:label="VAT Registration No." sap:quickinfo="VAT Registration Number"/>
				<NavigationProperty Name="to_SalesOrder" Relationship="API_SALES_ORDER_SIMULATION_SRV.assoc_D80C4CA7BCFA91A324AFCB9CE1C08212" FromRole="FromRole_assoc_D80C4CA7BCFA91A324AFCB9CE1C08212" ToRole="ToRole_assoc_D80C4CA7BCFA91A324AFCB9CE1C08212"/>
			</EntityType>
			<EntityType Name="A_SalesOrderPrcgElmntSimlnType" sap:label="Sales Order Pricing Elmnt Sim (API)" sap:content-version="1">
				<Key>
					<PropertyRef Name="SalesOrder"/>
					<PropertyRef Name="PricingProcedureStep"/>
					<PropertyRef Name="PricingProcedureCounter"/>
				</Key>
				<Property Name="SalesOrder" Type="Edm.String" Nullable="false" MaxLength="10" sap:display-format="UpperCase" sap:label="Sales Order" sap:creatable="false" sap:updatable="false"/>
				<Property Name="PricingProcedureStep" Type="Edm.String" Nullable="false" MaxLength="3" sap:display-format="NonNegative" sap:label="Step Number"/>
				<Property Name="PricingProcedureCounter" Type="Edm.String" Nullable="false" MaxLength="3" sap:display-format="NonNegative" sap:label="Counter" sap:quickinfo="Condition Counter"/>
				<Property Name="ConditionType" Type="Edm.String" MaxLength="4" sap:display-format="UpperCase" sap:label="Condition Type"/>
				<Property Name="PriceConditionDeterminationDte" Type="Edm.DateTime" Precision="0" sap:display-format="Date" sap:label="Cndn Pricing Date" sap:quickinfo="Condition Pricing Date" sap:creatable="false" sap:updatable="false"/>
				<Property Name="ConditionCalculationType" Type="Edm.String" MaxLength="3" sap:display-format="UpperCase" sap:label="Calculation Type" sap:quickinfo="Calculation Type for Condition" sap:creatable="false" sap:updatable="false"/>
				<Property Name="ConditionBaseValue" Type="Edm.Decimal" Precision="24" Scale="9" sap:label="Condition Basis" sap:creatable="false" sap:updatable="false"/>
				<Property Name="ConditionRateValue" Type="Edm.Decimal" Precision="24" Scale="9" sap:label="Amount" sap:quickinfo="Condition Amount or Percentage"/>
				<Property Name="ConditionCurrency" Type="Edm.String" MaxLength="5" sap:display-format="UpperCase" sap:label="Currency" sap:quickinfo="Currency Key" sap:semantics="currency-code"/>
				<Property Name="ConditionQuantity" Type="Edm.Decimal" Precision="5" Scale="0" sap:unit="ConditionQuantitySAPUnit" sap:label="Pricing Unit" sap:quickinfo="Condition Pricing Unit"/>
				<Property Name="ConditionQuantityUnit" Type="Edm.String" MaxLength="3" sap:label="Condition Unit" sap:quickinfo="Condition Unit in the Document" sap:semantics="unit-of-measure"/>
				<Property Name="ConditionQuantitySAPUnit" Type="Edm.String" MaxLength="3" sap:label="SAP Condition Qty" sap:quickinfo="SAP Unit Code for Condition Quantity" sap:semantics="unit-of-measure"/>
				<Property Name="ConditionQuantityISOUnit" Type="Edm.String" MaxLength="3" sap:display-format="UpperCase" sap:label="ISO Condition Qty" sap:quickinfo="ISO Unit Code for Condition Quantity"/>
				<Property Name="ConditionIsForStatistics" Type="Edm.Boolean" sap:label="Statistical" sap:quickinfo="Condition is used for statistics" sap:creatable="false" sap:updatable="false"/>
				<Property Name="ConditionOrigin" Type="Edm.String" MaxLength="1" sap:display-format="UpperCase" sap:label="Condition Origin" sap:quickinfo="Origin of the Condition" sap:creatable="false" sap:updatable="false"/>
				<Property Name="IsGroupCondition" Type="Edm.String" MaxLength="1" sap:display-format="UpperCase" sap:label="Group Condition" sap:creatable="false" sap:updatable="false"/>
				<Property Name="ConditionAmount" Type="Edm.Decimal" Precision="16" Scale="3" sap:unit="TransactionCurrency" sap:label="Condition Value" sap:creatable="false" sap:updatable="false"/>
				<Property Name="TransactionCurrency" Type="Edm.String" MaxLength="5" sap:display-format="UpperCase" sap:label="Document Currency" sap:quickinfo="SD Document Currency" sap:semantics="currency-code"/>
				<Property Name="ConditionInactiveReason" Type="Edm.String" MaxLength="1" sap:display-format="UpperCase" sap:label="Inactive Condition" sap:quickinfo="Condition is Inactive" sap:creatable="false" sap:updatable="false"/>
				<Property Name="ConditionClass" Type="Edm.String" MaxLength="1" sap:display-format="UpperCase" sap:label="Condition Class" sap:creatable="false" sap:updatable="false"/>
				<Property Name="PricingScaleBasis" Type="Edm.String" MaxLength="3" sap:display-format="UpperCase" sap:label="Scale Basis" sap:quickinfo="Scale Basis Indicator" sap:creatable="false" sap:updatable="false"/>
				<Property Name="ConditionScaleBasisValue" Type="Edm.Decimal" Precision="24" Scale="9" sap:label="Scale Base Val." sap:quickinfo="Scale Base Value" sap:creatable="false" sap:updatable="false"/>
				<Property Name="ConditionIsManuallyChanged" Type="Edm.Boolean" sap:label="Changed Manually" sap:quickinfo="Condition Changed Manually" sap:creatable="false" sap:updatable="false"/>
				<NavigationProperty Name="to_SalesOrder" Relationship="API_SALES_ORDER_SIMULATION_SRV.assoc_2D7F894DE8E30E5BEDD13142E51B8F5F" FromRole="FromRole_assoc_2D7F894DE8E30E5BEDD13142E51B8F5F" ToRole="ToRole_assoc_2D7F894DE8E30E5BEDD13142E51B8F5F"/>
			</EntityType>
			<EntityType Name="A_SalesOrderPricingSimulationType" sap:label="Sales Order Pricing Simulation (API)" sap:content-version="1">
				<Key>
					<PropertyRef Name="SalesOrder"/>
				</Key>
				<Property Name="SalesOrder" Type="Edm.String" Nullable="false" MaxLength="10" sap:display-format="UpperCase" sap:label="Sales Order" sap:creatable="false" sap:updatable="false"/>
				<Property Name="TotalNetAmount" Type="Edm.Decimal" Precision="16" Scale="3" sap:unit="TransactionCurrency" sap:label="Net Value" sap:quickinfo="Net Value of the Sales Document in Document Currency"/>
				<Property Name="TransactionCurrency" Type="Edm.String" MaxLength="5" sap:display-format="UpperCase" sap:label="Document Currency" sap:quickinfo="SD Document Currency" sap:creatable="false" sap:updatable="false" sap:semantics="currency-code"/>
				<NavigationProperty Name="to_SalesOrder" Relationship="API_SALES_ORDER_SIMULATION_SRV.assoc_DE0AC028DA6E05F98B684C56601E6E40" FromRole="FromRole_assoc_DE0AC028DA6E05F98B684C56601E6E40" ToRole="ToRole_assoc_DE0AC028DA6E05F98B684C56601E6E40"/>
			</EntityType>
			<EntityType Name="A_SalesOrderScheduleLineSimlnType" sap:label="Sales Order Schedule Line Sim (API)" sap:content-version="1">
				<Key>
					<PropertyRef Name="SalesOrder"/>
					<PropertyRef Name="SalesOrderItem"/>
					<PropertyRef Name="ScheduleLine"/>
				</Key>
				<Property Name="SalesOrder" Type="Edm.String" Nullable="false" MaxLength="10" sap:display-format="UpperCase" sap:label="Sales Document" sap:creatable="false" sap:updatable="false"/>
				<Property Name="SalesOrderItem" Type="Edm.String" Nullable="false" MaxLength="6" sap:display-format="NonNegative" sap:label="Sales Document Item" sap:creatable="false" sap:updatable="false"/>
				<Property Name="ScheduleLine" Type="Edm.String" Nullable="false" MaxLength="4" sap:display-format="NonNegative" sap:label="Schedule Line Number"/>
				<Property Name="RequestedDeliveryDate" Type="Edm.DateTime" Precision="0" sap:display-format="Date" sap:label="Delivery Date" sap:quickinfo="Requested Delivery Date"/>
				<Property Name="ConfirmedDeliveryDate" Type="Edm.DateTime" Precision="0" sap:display-format="Date" sap:label="Delivery Date" sap:quickinfo="Confirmed Delivery Date"/>
				<Property Name="OrderQuantityUnit" Type="Edm.String" MaxLength="3" sap:label="Sales Unit" sap:semantics="unit-of-measure"/>
				<Property Name="OrderQuantitySAPUnit" Type="Edm.String" MaxLength="3" sap:label="SAP Order Quantity" sap:quickinfo="SAP Unit Code for Order Quantity" sap:semantics="unit-of-measure"/>
				<Property Name="OrderQuantityISOUnit" Type="Edm.String" MaxLength="3" sap:display-format="UpperCase" sap:label="ISO Order Quantity" sap:quickinfo="ISO Unit Code for Order Quantity"/>
				<Property Name="ScheduleLineOrderQuantity" Type="Edm.Decimal" Precision="13" Scale="3" sap:unit="OrderQuantitySAPUnit" sap:label="Order Quantity" sap:quickinfo="Order Quantity in Sales Units"/>
				<Property Name="ConfdOrderQtyByMatlAvailCheck" Type="Edm.Decimal" Precision="13" Scale="3" sap:unit="OrderQuantitySAPUnit" sap:label="Confirmed Quantity"/>
				<Property Name="OpenConfdDelivQtyInOrdQtyUnit" Type="Edm.Decimal" Precision="13" Scale="3" sap:unit="OrderQuantitySAPUnit" sap:label="Open Quantity" sap:quickinfo="Open Confirmed Delivery Quantity"/>
				<Property Name="CorrectedQtyInOrderQtyUnit" Type="Edm.Decimal" Precision="13" Scale="3" sap:unit="OrderQuantitySAPUnit" sap:label="Corr.qty" sap:quickinfo="Corrected quantity in sales unit"/>
				<NavigationProperty Name="to_SalesOrder" Relationship="API_SALES_ORDER_SIMULATION_SRV.assoc_0A661E00C02ECA9E45F715E1F13EA2C2" FromRole="FromRole_assoc_0A661E00C02ECA9E45F715E1F13EA2C2" ToRole="ToRole_assoc_0A661E00C02ECA9E45F715E1F13EA2C2"/>
				<NavigationProperty Name="to_SalesOrderItem" Relationship="API_SALES_ORDER_SIMULATION_SRV.assoc_5F2ADB264BF23A2504FDED7DD5AE3EEB" FromRole="FromRole_assoc_5F2ADB264BF23A2504FDED7DD5AE3EEB" ToRole="ToRole_assoc_5F2ADB264BF23A2504FDED7DD5AE3EEB"/>
			</EntityType>
			<EntityType Name="A_SalesOrderSimulationType" sap:label="Sales Order Simulation" sap:content-version="1">
				<Key>
					<PropertyRef Name="SalesOrder"/>
				</Key>
				<Property Name="SalesOrder" Type="Edm.String" Nullable="false" MaxLength="10" sap:display-format="UpperCase" sap:label="Sales Order"/>
				<Property Name="SalesOrderType" Type="Edm.String" MaxLength="4" sap:display-format="UpperCase" sap:label="Sales Order Type"/>
				<Property Name="SalesOrganization" Type="Edm.String" MaxLength="4" sap:display-format="UpperCase" sap:label="Sales Organization"/>
				<Property Name="DistributionChannel" Type="Edm.String" MaxLength="2" sap:display-format="UpperCase" sap:label="Distribution Channel"/>
				<Property Name="OrganizationDivision" Type="Edm.String" MaxLength="2" sap:display-format="UpperCase" sap:label="Division"/>
				<Property Name="SalesGroup" Type="Edm.String" MaxLength="3" sap:display-format="UpperCase" sap:label="Sales Group"/>
				<Property Name="SalesOffice" Type="Edm.String" MaxLength="4" sap:display-format="UpperCase" sap:label="Sales Office"/>
				<Property Name="SalesDistrict" Type="Edm.String" MaxLength="6" sap:display-format="UpperCase" sap:label="Sales District"/>
				<Property Name="SoldToParty" Type="Edm.String" MaxLength="10" sap:display-format="UpperCase" sap:label="Sold-to Party"/>
				<Property Name="CustomerGroup" Type="Edm.String" MaxLength="2" sap:display-format="UpperCase" sap:label="Customer Group"/>
				<Property Name="AdditionalCustomerGroup1" Type="Edm.String" MaxLength="3" sap:display-format="UpperCase" sap:label="Customer Group 1"/>
				<Property Name="AdditionalCustomerGroup2" Type="Edm.String" MaxLength="3" sap:display-format="UpperCase" sap:label="Customer Group 2"/>
				<Property Name="AdditionalCustomerGroup3" Type="Edm.String" MaxLength="3" sap:display-format="UpperCase" sap:label="Customer Group 3"/>
				<Property Name="AdditionalCustomerGroup4" Type="Edm.String" MaxLength="3" sap:display-format="UpperCase" sap:label="Customer Group 4"/>
				<Property Name="AdditionalCustomerGroup5" Type="Edm.String" MaxLength="3" sap:display-format="UpperCase" sap:label="Customer Group 5"/>
				<Property Name="PurchaseOrderByCustomer" Type="Edm.String" MaxLength="35" sap:label="Customer Reference"/>
				<Property Name="CustomerPurchaseOrderType" Type="Edm.String" MaxLength="4" sap:display-format="UpperCase" sap:label="Purchase Order Type" sap:quickinfo="Customer Purchase Order Type"/>
				<Property Name="CustomerPurchaseOrderDate" Type="Edm.DateTime" Precision="0" sap:display-format="Date" sap:label="Customer Ref. Date" sap:quickinfo="Customer Reference Date"/>
				<Property Name="SalesOrderDate" Type="Edm.DateTime" Precision="0" sap:display-format="Date" sap:label="Document Date" sap:quickinfo="Document Date (Date Received/Sent)"/>
				<Property Name="TransactionCurrency" Type="Edm.String" MaxLength="5" sap:display-format="UpperCase" sap:label="Document Currency" sap:quickinfo="SD Document Currency" sap:semantics="currency-code"/>
				<Property Name="AccountingDocExternalReference" Type="Edm.String" MaxLength="16" sap:display-format="UpperCase" sap:label="Reference" sap:quickinfo="Reference Document Number"/>
				<Property Name="CustomerTaxClassification1" Type="Edm.String" MaxLength="1" sap:display-format="UpperCase" sap:label="Alt.Tax Classific." sap:quickinfo="Alternative Tax Classification"/>
				<Property Name="CustomerTaxClassification2" Type="Edm.String" MaxLength="1" sap:display-format="UpperCase" sap:label="Tax Class.2 Customer" sap:quickinfo="Tax Classification 2 for Customer"/>
				<Property Name="CustomerTaxClassification3" Type="Edm.String" MaxLength="1" sap:display-format="UpperCase" sap:label="Tax Class.3 Customer" sap:quickinfo="Tax Classification 3 for Customer"/>
				<Property Name="CustomerTaxClassification4" Type="Edm.String" MaxLength="1" sap:display-format="UpperCase" sap:label="Tax Class.4 Customer" sap:quickinfo="Tax Classification 4 for Customer"/>
				<Property Name="CustomerTaxClassification5" Type="Edm.String" MaxLength="1" sap:display-format="UpperCase" sap:label="Tax Class.5 Customer" sap:quickinfo="Tax Classification 5 for Customer"/>
				<Property Name="CustomerTaxClassification6" Type="Edm.String" MaxLength="1" sap:display-format="UpperCase" sap:label="Tax Class.6 Customer" sap:quickinfo="Tax Classification 6 for Customer"/>
				<Property Name="CustomerTaxClassification7" Type="Edm.String" MaxLength="1" sap:display-format="UpperCase" sap:label="Tax Class.7 Customer" sap:quickinfo="Tax Classification 7 for Customer"/>
				<Property Name="CustomerTaxClassification8" Type="Edm.String" MaxLength="1" sap:display-format="UpperCase" sap:label="Tax Class.8 Customer" sap:quickinfo="Tax Classification 8 for Customer"/>
				<Property Name="CustomerTaxClassification9" Type="Edm.String" MaxLength="1" sap:display-format="UpperCase" sap:label="Tax Class.9 Customer" sap:quickinfo="Tax Classification 9 for Customer"/>
				<Property Name="TaxDepartureCountry" Type="Edm.String" MaxLength="3" sap:display-format="UpperCase" sap:label="Tax Departure C/R" sap:quickinfo="Tax Departure Country/Region"/>
				<Property Name="VATRegistrationCountry" Type="Edm.String" MaxLength="3" sap:display-format="UpperCase" sap:label="Tax Dest. Ctry/Reg." sap:quickinfo="Tax Destination Country/Region"/>
				<Property Name="PriceListType" Type="Edm.String" MaxLength="2" sap:display-format="UpperCase" sap:label="Price List Type"/>
				<Property Name="CustomerPriceGroup" Type="Edm.String" MaxLength="2" sap:display-format="UpperCase" sap:label="Customer Price Group"/>
				<Property Name="SDDocumentReason" Type="Edm.String" MaxLength="3" sap:display-format="UpperCase" sap:label="Order Reason" sap:quickinfo="Order Reason (Reason for the Business Transaction)"/>
				<Property Name="PricingDate" Type="Edm.DateTime" Precision="0" sap:display-format="Date" sap:label="Pricing Date" sap:quickinfo="Date for Pricing and Exchange Rate"/>
				<Property Name="SDPricingProcedure" Type="Edm.String" MaxLength="6" sap:display-format="UpperCase" sap:label="Pricing Procedure" sap:quickinfo="Pricing Procedure in Pricing" sap:creatable="false" sap:updatable="false"/>
				<Property Name="RequestedDeliveryDate" Type="Edm.DateTime" Precision="0" sap:display-format="Date" sap:label="Requested Delivery Date"/>
				<Property Name="ShippingCondition" Type="Edm.String" MaxLength="2" sap:display-format="UpperCase" sap:label="Shipping Conditions"/>
				<Property Name="CompleteDeliveryIsDefined" Type="Edm.Boolean" sap:label="Complete Delivery" sap:quickinfo="Complete Delivery Defined for Each Sales Order"/>
				<Property Name="ShippingType" Type="Edm.String" MaxLength="2" sap:display-format="UpperCase" sap:label="Shipping Type"/>
				<Property Name="IncotermsClassification" Type="Edm.String" MaxLength="3" sap:display-format="UpperCase" sap:label="Incoterms" sap:quickinfo="Incoterms (Part 1)"/>
				<Property Name="IncotermsTransferLocation" Type="Edm.String" MaxLength="28" sap:label="Incoterms (Part 2)"/>
				<Property Name="IncotermsLocation1" Type="Edm.String" MaxLength="70" sap:label="Incoterms Location 1"/>
				<Property Name="IncotermsLocation2" Type="Edm.String" MaxLength="70" sap:label="Incoterms Location 2"/>
				<Property Name="IncotermsVersion" Type="Edm.String" MaxLength="4" sap:display-format="UpperCase" sap:label="Incoterms Version"/>
				<Property Name="ReferenceSDDocument" Type="Edm.String" MaxLength="10" sap:display-format="UpperCase" sap:label="Reference Document" sap:quickinfo="Document Number of Reference Document"/>
				<Property Name="CustomerPaymentTerms" Type="Edm.String" MaxLength="4" sap:display-format="UpperCase" sap:label="Terms of Payment" sap:quickinfo="Terms of Payment Key"/>
				<Property Name="PaymentMethod" Type="Edm.String" MaxLength="1" sap:display-format="UpperCase" sap:label="Payment Method"/>
				<NavigationProperty Name="to_Credit" Relationship="API_SALES_ORDER_SIMULATION_SRV.assoc_09E895DA67A75176385AC79D884760B5" FromRole="FromRole_assoc_09E895DA67A75176385AC79D884760B5" ToRole="ToRole_assoc_09E895DA67A75176385AC79D884760B5"/>
				<NavigationProperty Name="to_Item" Relationship="API_SALES_ORDER_SIMULATION_SRV.assoc_86B3631913169957CBD0C2992D08B371" FromRole="FromRole_assoc_86B3631913169957CBD0C2992D08B371" ToRole="ToRole_assoc_86B3631913169957CBD0C2992D08B371"/>
				<NavigationProperty Name="to_Partner" Relationship="API_SALES_ORDER_SIMULATION_SRV.assoc_C5EED2E8FFB18945CB96D5EBA826FB83" FromRole="FromRole_assoc_C5EED2E8FFB18945CB96D5EBA826FB83" ToRole="ToRole_assoc_C5EED2E8FFB18945CB96D5EBA826FB83"/>
				<NavigationProperty Name="to_Pricing" Relationship="API_SALES_ORDER_SIMULATION_SRV.assoc_0B9AFD90BACEE6F01CD6F67E38FB5A5B" FromRole="FromRole_assoc_0B9AFD90BACEE6F01CD6F67E38FB5A5B" ToRole="ToRole_assoc_0B9AFD90BACEE6F01CD6F67E38FB5A5B"/>
				<NavigationProperty Name="to_PricingElement" Relationship="API_SALES_ORDER_SIMULATION_SRV.assoc_3B7A5DAD1E49589629F292F5755BF495" FromRole="FromRole_assoc_3B7A5DAD1E49589629F292F5755BF495" ToRole="ToRole_assoc_3B7A5DAD1E49589629F292F5755BF495"/>
			</EntityType>
			<EntityType Name="A_SlsOrdSimlnValAddedSrvcType" sap:label="Value Added Service for SO Simulation" sap:content-version="1">
				<Key>
					<PropertyRef Name="ValueAddedServiceType"/>
					<PropertyRef Name="ValueAddedSubServiceType"/>
					<PropertyRef Name="SalesOrder"/>
					<PropertyRef Name="SalesOrderItem"/>
				</Key>
				<Property Name="ValueAddedServiceType" Type="Edm.String" Nullable="false" MaxLength="2" sap:display-format="NonNegative" sap:label="VAS Service Types"/>
				<Property Name="ValueAddedSubServiceType" Type="Edm.String" Nullable="false" MaxLength="5" sap:display-format="UpperCase" sap:label="VAS Sub Services"/>
				<Property Name="SalesOrder" Type="Edm.String" Nullable="false" MaxLength="10" sap:display-format="UpperCase" sap:label="Reference Document" sap:quickinfo="Document Number of Reference Document"/>
				<Property Name="SalesOrderItem" Type="Edm.String" Nullable="false" MaxLength="6" sap:display-format="NonNegative" sap:label="Reference Item" sap:quickinfo="Item Number of the Reference Item"/>
				<Property Name="ValAddedSrvcTransactionNumber" Type="Edm.String" MaxLength="10" sap:display-format="UpperCase" sap:label="Transaction Number" sap:creatable="false" sap:updatable="false"/>
				<Property Name="ValAddedSrvcItemGroup" Type="Edm.String" MaxLength="5" sap:display-format="NonNegative" sap:label="Item Group" sap:creatable="false" sap:updatable="false"/>
				<Property Name="ValAddedSrvcItemNumber" Type="Edm.String" MaxLength="5" sap:display-format="NonNegative" sap:label="Item Number" sap:creatable="false" sap:updatable="false"/>
				<Property Name="ValueAddedServiceProduct" Type="Edm.String" MaxLength="40" sap:display-format="UpperCase" sap:label="Material Number" sap:quickinfo="VAS Material Number"/>
				<Property Name="ValAddedSrvcHasToBeOrdered" Type="Edm.Boolean" sap:label="Req Relevance" sap:quickinfo="Requirement Relevancy Flag for VAS Material"/>
				<Property Name="ValAddedSrvcIncrement" Type="Edm.String" MaxLength="4" sap:display-format="NonNegative" sap:label="Increment" sap:quickinfo="VAS Increment"/>
				<Property Name="ValueAddedServiceChargeCode" Type="Edm.String" MaxLength="3" sap:display-format="UpperCase" sap:label="VAS Charge Code" sap:quickinfo="VAS Charge Codes"/>
				<Property Name="ValAddedSrvcIsCreatedManually" Type="Edm.String" MaxLength="1" sap:display-format="UpperCase" sap:label="Manual Entry Ind." sap:quickinfo="Manual Entry Indicator" sap:creatable="false" sap:updatable="false"/>
				<Property Name="ValAddedSrvcItemNumberInSD" Type="Edm.String" MaxLength="6" sap:display-format="NonNegative" sap:label="VAS Item Number" sap:quickinfo="VAS Item Number in SD" sap:creatable="false" sap:updatable="false"/>
				<Property Name="ValAddedSrvcIsRlvtForProcmt" Type="Edm.Boolean" sap:label="Procurmnt Relev" sap:quickinfo="Procurement Relevant for VAS Material"/>
				<Property Name="ValueAddedServiceText1" Type="Edm.String" MaxLength="20" sap:label="Field1" sap:quickinfo="VAS Field 1 for Free Use by Customer"/>
				<Property Name="ValueAddedServiceText2" Type="Edm.String" MaxLength="20" sap:label="Field2" sap:quickinfo="VAS Field 2 for Free Use by Customer"/>
				<Property Name="ValueAddedServiceText3" Type="Edm.String" MaxLength="20" sap:label="Field3" sap:quickinfo="VAS Field 3 for Free Use by Customer"/>
				<Property Name="ValueAddedServiceLongText" Type="Edm.String" MaxLength="132" sap:sortable="false" sap:filterable="false"/>
			</EntityType>
			<Association Name="assoc_036B9A16D7EAF5FC436B5909FDAB55C7" sap:content-version="1">
				<End Type="API_SALES_ORDER_SIMULATION_SRV.A_SalesOrderItemSimulationType" Multiplicity="1" Role="FromRole_assoc_036B9A16D7EAF5FC436B5909FDAB55C7"/>
				<End Type="API_SALES_ORDER_SIMULATION_SRV.A_SalesOrderItemPartnerSimlnType" Multiplicity="*" Role="ToRole_assoc_036B9A16D7EAF5FC436B5909FDAB55C7"/>
			</Association>
			<Association Name="assoc_1397E5E95667491CB0DAB8030565236A" sap:content-version="1">
				<End Type="API_SALES_ORDER_SIMULATION_SRV.A_SalesOrderItemSimulationType" Multiplicity="1" Role="FromRole_assoc_1397E5E95667491CB0DAB8030565236A"/>
				<End Type="API_SALES_ORDER_SIMULATION_SRV.A_SalesOrderItmPrcgElmntSimlnType" Multiplicity="*" Role="ToRole_assoc_1397E5E95667491CB0DAB8030565236A"/>
			</Association>
			<Association Name="assoc_53816724613E7ECBF4FB53952D6D1176" sap:content-version="1">
				<End Type="API_SALES_ORDER_SIMULATION_SRV.A_SalesOrderItemSimulationType" Multiplicity="1" Role="FromRole_assoc_53816724613E7ECBF4FB53952D6D1176"/>
				<End Type="API_SALES_ORDER_SIMULATION_SRV.A_SalesOrderSimulationType" Multiplicity="1" Role="ToRole_assoc_53816724613E7ECBF4FB53952D6D1176"/>
			</Association>
			<Association Name="assoc_5953784DB807BE42507A68E85149A783" sap:content-version="1">
				<End Type="API_SALES_ORDER_SIMULATION_SRV.A_SalesOrderItemSimulationType" Multiplicity="1" Role="FromRole_assoc_5953784DB807BE42507A68E85149A783"/>
				<End Type="API_SALES_ORDER_SIMULATION_SRV.A_SalesOrderScheduleLineSimlnType" Multiplicity="*" Role="ToRole_assoc_5953784DB807BE42507A68E85149A783"/>
			</Association>
			<Association Name="assoc_09E895DA67A75176385AC79D884760B5" sap:content-version="1">
				<End Type="API_SALES_ORDER_SIMULATION_SRV.A_SalesOrderSimulationType" Multiplicity="1" Role="FromRole_assoc_09E895DA67A75176385AC79D884760B5"/>
				<End Type="API_SALES_ORDER_SIMULATION_SRV.A_SalesOrderCreditSimulationType" Multiplicity="1" Role="ToRole_assoc_09E895DA67A75176385AC79D884760B5"/>
			</Association>
			<Association Name="assoc_86B3631913169957CBD0C2992D08B371" sap:content-version="1">
				<End Type="API_SALES_ORDER_SIMULATION_SRV.A_SalesOrderSimulationType" Multiplicity="1" Role="FromRole_assoc_86B3631913169957CBD0C2992D08B371"/>
				<End Type="API_SALES_ORDER_SIMULATION_SRV.A_SalesOrderItemSimulationType" Multiplicity="*" Role="ToRole_assoc_86B3631913169957CBD0C2992D08B371"/>
			</Association>
			<Association Name="assoc_C5EED2E8FFB18945CB96D5EBA826FB83" sap:content-version="1">
				<End Type="API_SALES_ORDER_SIMULATION_SRV.A_SalesOrderSimulationType" Multiplicity="1" Role="FromRole_assoc_C5EED2E8FFB18945CB96D5EBA826FB83"/>
				<End Type="API_SALES_ORDER_SIMULATION_SRV.A_SalesOrderPartnerSimulationType" Multiplicity="*" Role="ToRole_assoc_C5EED2E8FFB18945CB96D5EBA826FB83"/>
			</Association>
			<Association Name="assoc_0B9AFD90BACEE6F01CD6F67E38FB5A5B" sap:content-version="1">
				<End Type="API_SALES_ORDER_SIMULATION_SRV.A_SalesOrderSimulationType" Multiplicity="1" Role="FromRole_assoc_0B9AFD90BACEE6F01CD6F67E38FB5A5B"/>
				<End Type="API_SALES_ORDER_SIMULATION_SRV.A_SalesOrderPricingSimulationType" Multiplicity="1" Role="ToRole_assoc_0B9AFD90BACEE6F01CD6F67E38FB5A5B"/>
			</Association>
			<Association Name="assoc_3B7A5DAD1E49589629F292F5755BF495" sap:content-version="1">
				<End Type="API_SALES_ORDER_SIMULATION_SRV.A_SalesOrderSimulationType" Multiplicity="1" Role="FromRole_assoc_3B7A5DAD1E49589629F292F5755BF495"/>
				<End Type="API_SALES_ORDER_SIMULATION_SRV.A_SalesOrderPrcgElmntSimlnType" Multiplicity="*" Role="ToRole_assoc_3B7A5DAD1E49589629F292F5755BF495"/>
			</Association>
			<Association Name="assoc_C8327E2027C5F32FF63661754166938B" sap:content-version="1">
				<End Type="API_SALES_ORDER_SIMULATION_SRV.A_SalesOrderItmPrcgElmntSimlnType" Multiplicity="1" Role="FromRole_assoc_C8327E2027C5F32FF63661754166938B"/>
				<End Type="API_SALES_ORDER_SIMULATION_SRV.A_SalesOrderSimulationType" Multiplicity="1" Role="ToRole_assoc_C8327E2027C5F32FF63661754166938B"/>
			</Association>
			<Association Name="assoc_9F3D7582A67C0D2CE50C97F35CA6BCA5" sap:content-version="1">
				<End Type="API_SALES_ORDER_SIMULATION_SRV.A_SalesOrderItmPrcgElmntSimlnType" Multiplicity="1" Role="FromRole_assoc_9F3D7582A67C0D2CE50C97F35CA6BCA5"/>
				<End Type="API_SALES_ORDER_SIMULATION_SRV.A_SalesOrderItemSimulationType" Multiplicity="1" Role="ToRole_assoc_9F3D7582A67C0D2CE50C97F35CA6BCA5"/>
			</Association>
			<Association Name="assoc_26634135EFCF9268914EE7F62D4B5B39" sap:content-version="1">
				<End Type="API_SALES_ORDER_SIMULATION_SRV.A_SalesOrderCreditSimulationType" Multiplicity="1" Role="FromRole_assoc_26634135EFCF9268914EE7F62D4B5B39"/>
				<End Type="API_SALES_ORDER_SIMULATION_SRV.A_SalesOrderSimulationType" Multiplicity="1" Role="ToRole_assoc_26634135EFCF9268914EE7F62D4B5B39"/>
			</Association>
			<Association Name="assoc_0A661E00C02ECA9E45F715E1F13EA2C2" sap:content-version="1">
				<End Type="API_SALES_ORDER_SIMULATION_SRV.A_SalesOrderScheduleLineSimlnType" Multiplicity="1" Role="FromRole_assoc_0A661E00C02ECA9E45F715E1F13EA2C2"/>
				<End Type="API_SALES_ORDER_SIMULATION_SRV.A_SalesOrderSimulationType" Multiplicity="1" Role="ToRole_assoc_0A661E00C02ECA9E45F715E1F13EA2C2"/>
			</Association>
			<Association Name="assoc_5F2ADB264BF23A2504FDED7DD5AE3EEB" sap:content-version="1">
				<End Type="API_SALES_ORDER_SIMULATION_SRV.A_SalesOrderScheduleLineSimlnType" Multiplicity="1" Role="FromRole_assoc_5F2ADB264BF23A2504FDED7DD5AE3EEB"/>
				<End Type="API_SALES_ORDER_SIMULATION_SRV.A_SalesOrderItemSimulationType" Multiplicity="1" Role="ToRole_assoc_5F2ADB264BF23A2504FDED7DD5AE3EEB"/>
			</Association>
			<Association Name="assoc_D80C4CA7BCFA91A324AFCB9CE1C08212" sap:content-version="1">
				<End Type="API_SALES_ORDER_SIMULATION_SRV.A_SalesOrderPartnerSimulationType" Multiplicity="1" Role="FromRole_assoc_D80C4CA7BCFA91A324AFCB9CE1C08212"/>
				<End Type="API_SALES_ORDER_SIMULATION_SRV.A_SalesOrderSimulationType" Multiplicity="1" Role="ToRole_assoc_D80C4CA7BCFA91A324AFCB9CE1C08212"/>
			</Association>
			<Association Name="assoc_DE0AC028DA6E05F98B684C56601E6E40" sap:content-version="1">
				<End Type="API_SALES_ORDER_SIMULATION_SRV.A_SalesOrderPricingSimulationType" Multiplicity="1" Role="FromRole_assoc_DE0AC028DA6E05F98B684C56601E6E40"/>
				<End Type="API_SALES_ORDER_SIMULATION_SRV.A_SalesOrderSimulationType" Multiplicity="1" Role="ToRole_assoc_DE0AC028DA6E05F98B684C56601E6E40"/>
			</Association>
			<Association Name="assoc_2D7F894DE8E30E5BEDD13142E51B8F5F" sap:content-version="1">
				<End Type="API_SALES_ORDER_SIMULATION_SRV.A_SalesOrderPrcgElmntSimlnType" Multiplicity="1" Role="FromRole_assoc_2D7F894DE8E30E5BEDD13142E51B8F5F"/>
				<End Type="API_SALES_ORDER_SIMULATION_SRV.A_SalesOrderSimulationType" Multiplicity="1" Role="ToRole_assoc_2D7F894DE8E30E5BEDD13142E51B8F5F"/>
			</Association>
			<Association Name="assoc_E0FE476A735DC637844E2A44BD30085C" sap:content-version="1">
				<End Type="API_SALES_ORDER_SIMULATION_SRV.A_SalesOrderItemPartnerSimlnType" Multiplicity="1" Role="FromRole_assoc_E0FE476A735DC637844E2A44BD30085C"/>
				<End Type="API_SALES_ORDER_SIMULATION_SRV.A_SalesOrderSimulationType" Multiplicity="1" Role="ToRole_assoc_E0FE476A735DC637844E2A44BD30085C"/>
			</Association>
			<Association Name="assoc_B7946EDD467E2BD88C87A57E636DB365" sap:content-version="1">
				<End Type="API_SALES_ORDER_SIMULATION_SRV.A_SalesOrderItemPartnerSimlnType" Multiplicity="1" Role="FromRole_assoc_B7946EDD467E2BD88C87A57E636DB365"/>
				<End Type="API_SALES_ORDER_SIMULATION_SRV.A_SalesOrderItemSimulationType" Multiplicity="1" Role="ToRole_assoc_B7946EDD467E2BD88C87A57E636DB365"/>
			</Association>
			<EntityContainer Name="API_SALES_ORDER_SIMULATION_SRV_Entities" m:IsDefaultEntityContainer="true" sap:message-scope-supported="true" sap:supported-formats="atom json xlsx">
				<EntitySet Name="A_SalesOrderCreditSimulation" EntityType="API_SALES_ORDER_SIMULATION_SRV.A_SalesOrderCreditSimulationType" sap:creatable="false" sap:updatable="false" sap:deletable="false" sap:content-version="1"/>
				<EntitySet Name="A_SalesOrderItemPartnerSimln" EntityType="API_SALES_ORDER_SIMULATION_SRV.A_SalesOrderItemPartnerSimlnType" sap:creatable="false" sap:updatable="false" sap:deletable="false" sap:content-version="1"/>
				<EntitySet Name="A_SalesOrderItemSimulation" EntityType="API_SALES_ORDER_SIMULATION_SRV.A_SalesOrderItemSimulationType" sap:creatable="false" sap:updatable="false" sap:deletable="false" sap:content-version="1"/>
				<EntitySet Name="A_SalesOrderItmPrcgElmntSimln" EntityType="API_SALES_ORDER_SIMULATION_SRV.A_SalesOrderItmPrcgElmntSimlnType" sap:creatable="false" sap:updatable="false" sap:deletable="false" sap:content-version="1"/>
				<EntitySet Name="A_SalesOrderPartnerSimulation" EntityType="API_SALES_ORDER_SIMULATION_SRV.A_SalesOrderPartnerSimulationType" sap:creatable="false" sap:updatable="false" sap:deletable="false" sap:content-version="1"/>
				<EntitySet Name="A_SalesOrderPrcgElmntSimln" EntityType="API_SALES_ORDER_SIMULATION_SRV.A_SalesOrderPrcgElmntSimlnType" sap:creatable="false" sap:updatable="false" sap:deletable="false" sap:content-version="1"/>
				<EntitySet Name="A_SalesOrderPricingSimulation" EntityType="API_SALES_ORDER_SIMULATION_SRV.A_SalesOrderPricingSimulationType" sap:creatable="false" sap:updatable="false" sap:deletable="false" sap:content-version="1"/>
				<EntitySet Name="A_SalesOrderScheduleLineSimln" EntityType="API_SALES_ORDER_SIMULATION_SRV.A_SalesOrderScheduleLineSimlnType" sap:creatable="false" sap:updatable="false" sap:deletable="false" sap:content-version="1"/>
				<EntitySet Name="A_SalesOrderSimulation" EntityType="API_SALES_ORDER_SIMULATION_SRV.A_SalesOrderSimulationType" sap:updatable="false" sap:deletable="false" sap:content-version="1"/>
				<EntitySet Name="A_SlsOrdSimlnValAddedSrvc" EntityType="API_SALES_ORDER_SIMULATION_SRV.A_SlsOrdSimlnValAddedSrvcType" sap:content-version="1"/>
				<AssociationSet Name="assoc_5953784DB807BE42507A68E85149A783" Association="API_SALES_ORDER_SIMULATION_SRV.assoc_5953784DB807BE42507A68E85149A783" sap:creatable="false" sap:updatable="false" sap:deletable="false" sap:content-version="1">
					<End EntitySet="A_SalesOrderItemSimulation" Role="FromRole_assoc_5953784DB807BE42507A68E85149A783"/>
					<End EntitySet="A_SalesOrderScheduleLineSimln" Role="ToRole_assoc_5953784DB807BE42507A68E85149A783"/>
				</AssociationSet>
				<AssociationSet Name="assoc_036B9A16D7EAF5FC436B5909FDAB55C7" Association="API_SALES_ORDER_SIMULATION_SRV.assoc_036B9A16D7EAF5FC436B5909FDAB55C7" sap:creatable="false" sap:updatable="false" sap:deletable="false" sap:content-version="1">
					<End EntitySet="A_SalesOrderItemSimulation" Role="FromRole_assoc_036B9A16D7EAF5FC436B5909FDAB55C7"/>
					<End EntitySet="A_SalesOrderItemPartnerSimln" Role="ToRole_assoc_036B9A16D7EAF5FC436B5909FDAB55C7"/>
				</AssociationSet>
				<AssociationSet Name="assoc_5F2ADB264BF23A2504FDED7DD5AE3EEB" Association="API_SALES_ORDER_SIMULATION_SRV.assoc_5F2ADB264BF23A2504FDED7DD5AE3EEB" sap:creatable="false" sap:updatable="false" sap:deletable="false" sap:content-version="1">
					<End EntitySet="A_SalesOrderScheduleLineSimln" Role="FromRole_assoc_5F2ADB264BF23A2504FDED7DD5AE3EEB"/>
					<End EntitySet="A_SalesOrderItemSimulation" Role="ToRole_assoc_5F2ADB264BF23A2504FDED7DD5AE3EEB"/>
				</AssociationSet>
				<AssociationSet Name="assoc_2D7F894DE8E30E5BEDD13142E51B8F5F" Association="API_SALES_ORDER_SIMULATION_SRV.assoc_2D7F894DE8E30E5BEDD13142E51B8F5F" sap:creatable="false" sap:updatable="false" sap:deletable="false" sap:content-version="1">
					<End EntitySet="A_SalesOrderPrcgElmntSimln" Role="FromRole_assoc_2D7F894DE8E30E5BEDD13142E51B8F5F"/>
					<End EntitySet="A_SalesOrderSimulation" Role="ToRole_assoc_2D7F894DE8E30E5BEDD13142E51B8F5F"/>
				</AssociationSet>
				<AssociationSet Name="assoc_3B7A5DAD1E49589629F292F5755BF495" Association="API_SALES_ORDER_SIMULATION_SRV.assoc_3B7A5DAD1E49589629F292F5755BF495" sap:creatable="false" sap:updatable="false" sap:deletable="false" sap:content-version="1">
					<End EntitySet="A_SalesOrderSimulation" Role="FromRole_assoc_3B7A5DAD1E49589629F292F5755BF495"/>
					<End EntitySet="A_SalesOrderPrcgElmntSimln" Role="ToRole_assoc_3B7A5DAD1E49589629F292F5755BF495"/>
				</AssociationSet>
				<AssociationSet Name="assoc_C5EED2E8FFB18945CB96D5EBA826FB83" Association="API_SALES_ORDER_SIMULATION_SRV.assoc_C5EED2E8FFB18945CB96D5EBA826FB83" sap:creatable="false" sap:updatable="false" sap:deletable="false" sap:content-version="1">
					<End EntitySet="A_SalesOrderSimulation" Role="FromRole_assoc_C5EED2E8FFB18945CB96D5EBA826FB83"/>
					<End EntitySet="A_SalesOrderPartnerSimulation" Role="ToRole_assoc_C5EED2E8FFB18945CB96D5EBA826FB83"/>
				</AssociationSet>
				<AssociationSet Name="assoc_9F3D7582A67C0D2CE50C97F35CA6BCA5" Association="API_SALES_ORDER_SIMULATION_SRV.assoc_9F3D7582A67C0D2CE50C97F35CA6BCA5" sap:creatable="false" sap:updatable="false" sap:deletable="false" sap:content-version="1">
					<End EntitySet="A_SalesOrderItmPrcgElmntSimln" Role="FromRole_assoc_9F3D7582A67C0D2CE50C97F35CA6BCA5"/>
					<End EntitySet="A_SalesOrderItemSimulation" Role="ToRole_assoc_9F3D7582A67C0D2CE50C97F35CA6BCA5"/>
				</AssociationSet>
				<AssociationSet Name="assoc_B7946EDD467E2BD88C87A57E636DB365" Association="API_SALES_ORDER_SIMULATION_SRV.assoc_B7946EDD467E2BD88C87A57E636DB365" sap:creatable="false" sap:updatable="false" sap:deletable="false" sap:content-version="1">
					<End EntitySet="A_SalesOrderItemPartnerSimln" Role="FromRole_assoc_B7946EDD467E2BD88C87A57E636DB365"/>
					<End EntitySet="A_SalesOrderItemSimulation" Role="ToRole_assoc_B7946EDD467E2BD88C87A57E636DB365"/>
				</AssociationSet>
				<AssociationSet Name="assoc_DE0AC028DA6E05F98B684C56601E6E40" Association="API_SALES_ORDER_SIMULATION_SRV.assoc_DE0AC028DA6E05F98B684C56601E6E40" sap:creatable="false" sap:updatable="false" sap:deletable="false" sap:content-version="1">
					<End EntitySet="A_SalesOrderPricingSimulation" Role="FromRole_assoc_DE0AC028DA6E05F98B684C56601E6E40"/>
					<End EntitySet="A_SalesOrderSimulation" Role="ToRole_assoc_DE0AC028DA6E05F98B684C56601E6E40"/>
				</AssociationSet>
				<AssociationSet Name="assoc_1397E5E95667491CB0DAB8030565236A" Association="API_SALES_ORDER_SIMULATION_SRV.assoc_1397E5E95667491CB0DAB8030565236A" sap:creatable="false" sap:updatable="false" sap:deletable="false" sap:content-version="1">
					<End EntitySet="A_SalesOrderItemSimulation" Role="FromRole_assoc_1397E5E95667491CB0DAB8030565236A"/>
					<End EntitySet="A_SalesOrderItmPrcgElmntSimln" Role="ToRole_assoc_1397E5E95667491CB0DAB8030565236A"/>
				</AssociationSet>
				<AssociationSet Name="assoc_0B9AFD90BACEE6F01CD6F67E38FB5A5B" Association="API_SALES_ORDER_SIMULATION_SRV.assoc_0B9AFD90BACEE6F01CD6F67E38FB5A5B" sap:creatable="false" sap:updatable="false" sap:deletable="false" sap:content-version="1">
					<End EntitySet="A_SalesOrderSimulation" Role="FromRole_assoc_0B9AFD90BACEE6F01CD6F67E38FB5A5B"/>
					<End EntitySet="A_SalesOrderPricingSimulation" Role="ToRole_assoc_0B9AFD90BACEE6F01CD6F67E38FB5A5B"/>
				</AssociationSet>
				<AssociationSet Name="assoc_09E895DA67A75176385AC79D884760B5" Association="API_SALES_ORDER_SIMULATION_SRV.assoc_09E895DA67A75176385AC79D884760B5" sap:creatable="false" sap:updatable="false" sap:deletable="false" sap:content-version="1">
					<End EntitySet="A_SalesOrderSimulation" Role="FromRole_assoc_09E895DA67A75176385AC79D884760B5"/>
					<End EntitySet="A_SalesOrderCreditSimulation" Role="ToRole_assoc_09E895DA67A75176385AC79D884760B5"/>
				</AssociationSet>
				<AssociationSet Name="assoc_E0FE476A735DC637844E2A44BD30085C" Association="API_SALES_ORDER_SIMULATION_SRV.assoc_E0FE476A735DC637844E2A44BD30085C" sap:creatable="false" sap:updatable="false" sap:deletable="false" sap:content-version="1">
					<End EntitySet="A_SalesOrderItemPartnerSimln" Role="FromRole_assoc_E0FE476A735DC637844E2A44BD30085C"/>
					<End EntitySet="A_SalesOrderSimulation" Role="ToRole_assoc_E0FE476A735DC637844E2A44BD30085C"/>
				</AssociationSet>
				<AssociationSet Name="assoc_D80C4CA7BCFA91A324AFCB9CE1C08212" Association="API_SALES_ORDER_SIMULATION_SRV.assoc_D80C4CA7BCFA91A324AFCB9CE1C08212" sap:creatable="false" sap:updatable="false" sap:deletable="false" sap:content-version="1">
					<End EntitySet="A_SalesOrderPartnerSimulation" Role="FromRole_assoc_D80C4CA7BCFA91A324AFCB9CE1C08212"/>
					<End EntitySet="A_SalesOrderSimulation" Role="ToRole_assoc_D80C4CA7BCFA91A324AFCB9CE1C08212"/>
				</AssociationSet>
				<AssociationSet Name="assoc_C8327E2027C5F32FF63661754166938B" Association="API_SALES_ORDER_SIMULATION_SRV.assoc_C8327E2027C5F32FF63661754166938B" sap:creatable="false" sap:updatable="false" sap:deletable="false" sap:content-version="1">
					<End EntitySet="A_SalesOrderItmPrcgElmntSimln" Role="FromRole_assoc_C8327E2027C5F32FF63661754166938B"/>
					<End EntitySet="A_SalesOrderSimulation" Role="ToRole_assoc_C8327E2027C5F32FF63661754166938B"/>
				</AssociationSet>
				<AssociationSet Name="assoc_0A661E00C02ECA9E45F715E1F13EA2C2" Association="API_SALES_ORDER_SIMULATION_SRV.assoc_0A661E00C02ECA9E45F715E1F13EA2C2" sap:creatable="false" sap:updatable="false" sap:deletable="false" sap:content-version="1">
					<End EntitySet="A_SalesOrderScheduleLineSimln" Role="FromRole_assoc_0A661E00C02ECA9E45F715E1F13EA2C2"/>
					<End EntitySet="A_SalesOrderSimulation" Role="ToRole_assoc_0A661E00C02ECA9E45F715E1F13EA2C2"/>
				</AssociationSet>
				<AssociationSet Name="assoc_26634135EFCF9268914EE7F62D4B5B39" Association="API_SALES_ORDER_SIMULATION_SRV.assoc_26634135EFCF9268914EE7F62D4B5B39" sap:creatable="false" sap:updatable="false" sap:deletable="false" sap:content-version="1">
					<End EntitySet="A_SalesOrderCreditSimulation" Role="FromRole_assoc_26634135EFCF9268914EE7F62D4B5B39"/>
					<End EntitySet="A_SalesOrderSimulation" Role="ToRole_assoc_26634135EFCF9268914EE7F62D4B5B39"/>
				</AssociationSet>
				<AssociationSet Name="assoc_86B3631913169957CBD0C2992D08B371" Association="API_SALES_ORDER_SIMULATION_SRV.assoc_86B3631913169957CBD0C2992D08B371" sap:creatable="false" sap:updatable="false" sap:deletable="false" sap:content-version="1">
					<End EntitySet="A_SalesOrderSimulation" Role="FromRole_assoc_86B3631913169957CBD0C2992D08B371"/>
					<End EntitySet="A_SalesOrderItemSimulation" Role="ToRole_assoc_86B3631913169957CBD0C2992D08B371"/>
				</AssociationSet>
				<AssociationSet Name="assoc_53816724613E7ECBF4FB53952D6D1176" Association="API_SALES_ORDER_SIMULATION_SRV.assoc_53816724613E7ECBF4FB53952D6D1176" sap:creatable="false" sap:updatable="false" sap:deletable="false" sap:content-version="1">
					<End EntitySet="A_SalesOrderItemSimulation" Role="FromRole_assoc_53816724613E7ECBF4FB53952D6D1176"/>
					<End EntitySet="A_SalesOrderSimulation" Role="ToRole_assoc_53816724613E7ECBF4FB53952D6D1176"/>
				</AssociationSet>
			</EntityContainer>
			<Annotation Term="Core.SchemaVersion" String="1.0.0"
				xmlns="http://docs.oasis-open.org/odata/ns/edm"/>
				<Annotations Target="API_SALES_ORDER_SIMULATION_SRV.API_SALES_ORDER_SIMULATION_SRV_Entities"
					xmlns="http://docs.oasis-open.org/odata/ns/edm">
					<Annotation Term="Common.ApplyMultiUnitBehaviorForSortingAndFiltering" Bool="true"/>
				</Annotations>
				<Annotations Target="API_SALES_ORDER_SIMULATION_SRV.API_SALES_ORDER_SIMULATION_SRV_Entities/A_SlsOrdSimlnValAddedSrvc"
					xmlns="http://docs.oasis-open.org/odata/ns/edm">
					<Annotation Term="Capabilities.FilterRestrictions">
						<Record>
							<PropertyValue Property="NonFilterableProperties">
								<Collection>
									<PropertyPath>ValueAddedServiceLongText</PropertyPath>
								</Collection>
							</PropertyValue>
						</Record>
					</Annotation>
					<Annotation Term="Capabilities.SortRestrictions">
						<Record>
							<PropertyValue Property="NonSortableProperties">
								<Collection>
									<PropertyPath>ValueAddedServiceLongText</PropertyPath>
								</Collection>
							</PropertyValue>
						</Record>
					</Annotation>
				</Annotations>
				<Annotations Target="API_SALES_ORDER_SIMULATION_SRV.API_SALES_ORDER_SIMULATION_SRV_Entities/A_SalesOrderCreditSimulation"
					xmlns="http://docs.oasis-open.org/odata/ns/edm">
					<Annotation Term="Capabilities.NavigationRestrictions">
						<Record>
							<PropertyValue Property="RestrictedProperties">
								<Collection>
									<Record>
										<PropertyValue Property="NavigationProperty" NavigationPropertyPath="to_SalesOrder"/>
										<PropertyValue Property="InsertRestrictions">
											<Record>
												<PropertyValue Property="Insertable" Bool="true"/>
											</Record>
										</PropertyValue>
									</Record>
								</Collection>
							</PropertyValue>
						</Record>
					</Annotation>
				</Annotations>
				<Annotations Target="API_SALES_ORDER_SIMULATION_SRV.API_SALES_ORDER_SIMULATION_SRV_Entities/A_SalesOrderItemPartnerSimln"
					xmlns="http://docs.oasis-open.org/odata/ns/edm">
					<Annotation Term="Capabilities.NavigationRestrictions">
						<Record>
							<PropertyValue Property="RestrictedProperties">
								<Collection>
									<Record>
										<PropertyValue Property="NavigationProperty" NavigationPropertyPath="to_SalesOrder"/>
										<PropertyValue Property="InsertRestrictions">
											<Record>
												<PropertyValue Property="Insertable" Bool="true"/>
											</Record>
										</PropertyValue>
									</Record>
									<Record>
										<PropertyValue Property="NavigationProperty" NavigationPropertyPath="to_SalesOrderItem"/>
										<PropertyValue Property="InsertRestrictions">
											<Record>
												<PropertyValue Property="Insertable" Bool="false"/>
											</Record>
										</PropertyValue>
									</Record>
								</Collection>
							</PropertyValue>
						</Record>
					</Annotation>
				</Annotations>
				<Annotations Target="API_SALES_ORDER_SIMULATION_SRV.API_SALES_ORDER_SIMULATION_SRV_Entities/A_SalesOrderItemSimulation"
					xmlns="http://docs.oasis-open.org/odata/ns/edm">
					<Annotation Term="Capabilities.NavigationRestrictions">
						<Record>
							<PropertyValue Property="RestrictedProperties">
								<Collection>
									<Record>
										<PropertyValue Property="NavigationProperty" NavigationPropertyPath="to_Partner"/>
										<PropertyValue Property="InsertRestrictions">
											<Record>
												<PropertyValue Property="Insertable" Bool="false"/>
											</Record>
										</PropertyValue>
									</Record>
									<Record>
										<PropertyValue Property="NavigationProperty" NavigationPropertyPath="to_PricingElement"/>
										<PropertyValue Property="InsertRestrictions">
											<Record>
												<PropertyValue Property="Insertable" Bool="false"/>
											</Record>
										</PropertyValue>
									</Record>
									<Record>
										<PropertyValue Property="NavigationProperty" NavigationPropertyPath="to_SalesOrder"/>
										<PropertyValue Property="InsertRestrictions">
											<Record>
												<PropertyValue Property="Insertable" Bool="true"/>
											</Record>
										</PropertyValue>
									</Record>
									<Record>
										<PropertyValue Property="NavigationProperty" NavigationPropertyPath="to_ScheduleLine"/>
										<PropertyValue Property="InsertRestrictions">
											<Record>
												<PropertyValue Property="Insertable" Bool="false"/>
											</Record>
										</PropertyValue>
									</Record>
								</Collection>
							</PropertyValue>
						</Record>
					</Annotation>
				</Annotations>
				<Annotations Target="API_SALES_ORDER_SIMULATION_SRV.API_SALES_ORDER_SIMULATION_SRV_Entities/A_SalesOrderItmPrcgElmntSimln"
					xmlns="http://docs.oasis-open.org/odata/ns/edm">
					<Annotation Term="Capabilities.NavigationRestrictions">
						<Record>
							<PropertyValue Property="RestrictedProperties">
								<Collection>
									<Record>
										<PropertyValue Property="NavigationProperty" NavigationPropertyPath="to_SalesOrder"/>
										<PropertyValue Property="InsertRestrictions">
											<Record>
												<PropertyValue Property="Insertable" Bool="true"/>
											</Record>
										</PropertyValue>
									</Record>
									<Record>
										<PropertyValue Property="NavigationProperty" NavigationPropertyPath="to_SalesOrderItem"/>
										<PropertyValue Property="InsertRestrictions">
											<Record>
												<PropertyValue Property="Insertable" Bool="false"/>
											</Record>
										</PropertyValue>
									</Record>
								</Collection>
							</PropertyValue>
						</Record>
					</Annotation>
				</Annotations>
				<Annotations Target="API_SALES_ORDER_SIMULATION_SRV.API_SALES_ORDER_SIMULATION_SRV_Entities/A_SalesOrderPartnerSimulation"
					xmlns="http://docs.oasis-open.org/odata/ns/edm">
					<Annotation Term="Capabilities.NavigationRestrictions">
						<Record>
							<PropertyValue Property="RestrictedProperties">
								<Collection>
									<Record>
										<PropertyValue Property="NavigationProperty" NavigationPropertyPath="to_SalesOrder"/>
										<PropertyValue Property="InsertRestrictions">
											<Record>
												<PropertyValue Property="Insertable" Bool="true"/>
											</Record>
										</PropertyValue>
									</Record>
								</Collection>
							</PropertyValue>
						</Record>
					</Annotation>
				</Annotations>
				<Annotations Target="API_SALES_ORDER_SIMULATION_SRV.API_SALES_ORDER_SIMULATION_SRV_Entities/A_SalesOrderPrcgElmntSimln"
					xmlns="http://docs.oasis-open.org/odata/ns/edm">
					<Annotation Term="Capabilities.NavigationRestrictions">
						<Record>
							<PropertyValue Property="RestrictedProperties">
								<Collection>
									<Record>
										<PropertyValue Property="NavigationProperty" NavigationPropertyPath="to_SalesOrder"/>
										<PropertyValue Property="InsertRestrictions">
											<Record>
												<PropertyValue Property="Insertable" Bool="true"/>
											</Record>
										</PropertyValue>
									</Record>
								</Collection>
							</PropertyValue>
						</Record>
					</Annotation>
				</Annotations>
				<Annotations Target="API_SALES_ORDER_SIMULATION_SRV.API_SALES_ORDER_SIMULATION_SRV_Entities/A_SalesOrderPricingSimulation"
					xmlns="http://docs.oasis-open.org/odata/ns/edm">
					<Annotation Term="Capabilities.NavigationRestrictions">
						<Record>
							<PropertyValue Property="RestrictedProperties">
								<Collection>
									<Record>
										<PropertyValue Property="NavigationProperty" NavigationPropertyPath="to_SalesOrder"/>
										<PropertyValue Property="InsertRestrictions">
											<Record>
												<PropertyValue Property="Insertable" Bool="true"/>
											</Record>
										</PropertyValue>
									</Record>
								</Collection>
							</PropertyValue>
						</Record>
					</Annotation>
				</Annotations>
				<Annotations Target="API_SALES_ORDER_SIMULATION_SRV.API_SALES_ORDER_SIMULATION_SRV_Entities/A_SalesOrderScheduleLineSimln"
					xmlns="http://docs.oasis-open.org/odata/ns/edm">
					<Annotation Term="Capabilities.NavigationRestrictions">
						<Record>
							<PropertyValue Property="RestrictedProperties">
								<Collection>
									<Record>
										<PropertyValue Property="NavigationProperty" NavigationPropertyPath="to_SalesOrder"/>
										<PropertyValue Property="InsertRestrictions">
											<Record>
												<PropertyValue Property="Insertable" Bool="true"/>
											</Record>
										</PropertyValue>
									</Record>
									<Record>
										<PropertyValue Property="NavigationProperty" NavigationPropertyPath="to_SalesOrderItem"/>
										<PropertyValue Property="InsertRestrictions">
											<Record>
												<PropertyValue Property="Insertable" Bool="false"/>
											</Record>
										</PropertyValue>
									</Record>
								</Collection>
							</PropertyValue>
						</Record>
					</Annotation>
				</Annotations>
				<Annotations Target="API_SALES_ORDER_SIMULATION_SRV.API_SALES_ORDER_SIMULATION_SRV_Entities/A_SalesOrderSimulation"
					xmlns="http://docs.oasis-open.org/odata/ns/edm">
					<Annotation Term="Capabilities.NavigationRestrictions">
						<Record>
							<PropertyValue Property="RestrictedProperties">
								<Collection>
									<Record>
										<PropertyValue Property="NavigationProperty" NavigationPropertyPath="to_Credit"/>
										<PropertyValue Property="InsertRestrictions">
											<Record>
												<PropertyValue Property="Insertable" Bool="false"/>
											</Record>
										</PropertyValue>
									</Record>
									<Record>
										<PropertyValue Property="NavigationProperty" NavigationPropertyPath="to_Item"/>
										<PropertyValue Property="InsertRestrictions">
											<Record>
												<PropertyValue Property="Insertable" Bool="false"/>
											</Record>
										</PropertyValue>
									</Record>
									<Record>
										<PropertyValue Property="NavigationProperty" NavigationPropertyPath="to_Partner"/>
										<PropertyValue Property="InsertRestrictions">
											<Record>
												<PropertyValue Property="Insertable" Bool="false"/>
											</Record>
										</PropertyValue>
									</Record>
									<Record>
										<PropertyValue Property="NavigationProperty" NavigationPropertyPath="to_Pricing"/>
										<PropertyValue Property="InsertRestrictions">
											<Record>
												<PropertyValue Property="Insertable" Bool="false"/>
											</Record>
										</PropertyValue>
									</Record>
									<Record>
										<PropertyValue Property="NavigationProperty" NavigationPropertyPath="to_PricingElement"/>
										<PropertyValue Property="InsertRestrictions">
											<Record>
												<PropertyValue Property="Insertable" Bool="false"/>
											</Record>
										</PropertyValue>
									</Record>
								</Collection>
							</PropertyValue>
						</Record>
					</Annotation>
				</Annotations>
				<Annotations Target="API_SALES_ORDER_SIMULATION_SRV.A_SalesOrderItemSimulationType/ConfdDelivQtyInOrderQtyUnit"
					xmlns="http://docs.oasis-open.org/odata/ns/edm">
					<Annotation Term="Measures.UNECEUnit" Path="OrderQuantityISOUnit"/>
				</Annotations>
				<Annotations Target="API_SALES_ORDER_SIMULATION_SRV.A_SalesOrderItemSimulationType/ItemGrossWeight"
					xmlns="http://docs.oasis-open.org/odata/ns/edm">
					<Annotation Term="Measures.UNECEUnit" Path="ItemWeightISOUnit"/>
				</Annotations>
				<Annotations Target="API_SALES_ORDER_SIMULATION_SRV.A_SalesOrderItemSimulationType/ItemNetWeight"
					xmlns="http://docs.oasis-open.org/odata/ns/edm">
					<Annotation Term="Measures.UNECEUnit" Path="ItemWeightISOUnit"/>
				</Annotations>
				<Annotations Target="API_SALES_ORDER_SIMULATION_SRV.A_SalesOrderItemSimulationType/ItemVolume"
					xmlns="http://docs.oasis-open.org/odata/ns/edm">
					<Annotation Term="Measures.UNECEUnit" Path="ItemVolumeISOUnit"/>
				</Annotations>
				<Annotations Target="API_SALES_ORDER_SIMULATION_SRV.A_SalesOrderItemSimulationType/RequestedQuantity"
					xmlns="http://docs.oasis-open.org/odata/ns/edm">
					<Annotation Term="Measures.UNECEUnit" Path="RequestedQuantityISOUnit"/>
				</Annotations>
				<Annotations Target="API_SALES_ORDER_SIMULATION_SRV.A_SalesOrderItmPrcgElmntSimlnType/ConditionQuantity"
					xmlns="http://docs.oasis-open.org/odata/ns/edm">
					<Annotation Term="Measures.UNECEUnit" Path="ConditionQuantityISOUnit"/>
				</Annotations>
				<Annotations Target="API_SALES_ORDER_SIMULATION_SRV.A_SalesOrderPrcgElmntSimlnType/ConditionQuantity"
					xmlns="http://docs.oasis-open.org/odata/ns/edm">
					<Annotation Term="Measures.UNECEUnit" Path="ConditionQuantityISOUnit"/>
				</Annotations>
				<Annotations Target="API_SALES_ORDER_SIMULATION_SRV.A_SalesOrderScheduleLineSimlnType/ConfdOrderQtyByMatlAvailCheck"
					xmlns="http://docs.oasis-open.org/odata/ns/edm">
					<Annotation Term="Measures.UNECEUnit" Path="OrderQuantityISOUnit"/>
				</Annotations>
				<Annotations Target="API_SALES_ORDER_SIMULATION_SRV.A_SalesOrderScheduleLineSimlnType/CorrectedQtyInOrderQtyUnit"
					xmlns="http://docs.oasis-open.org/odata/ns/edm">
					<Annotation Term="Measures.UNECEUnit" Path="OrderQuantityISOUnit"/>
				</Annotations>
				<Annotations Target="API_SALES_ORDER_SIMULATION_SRV.A_SalesOrderScheduleLineSimlnType/OpenConfdDelivQtyInOrdQtyUnit"
					xmlns="http://docs.oasis-open.org/odata/ns/edm">
					<Annotation Term="Measures.UNECEUnit" Path="OrderQuantityISOUnit"/>
				</Annotations>
				<Annotations Target="API_SALES_ORDER_SIMULATION_SRV.A_SalesOrderScheduleLineSimlnType/ScheduleLineOrderQuantity"
					xmlns="http://docs.oasis-open.org/odata/ns/edm">
					<Annotation Term="Measures.UNECEUnit" Path="OrderQuantityISOUnit"/>
				</Annotations>
				<Annotations Target="API_SALES_ORDER_SIMULATION_SRV.API_SALES_ORDER_SIMULATION_SRV_Entities/A_SalesOrderCreditSimulation"
					xmlns="http://docs.oasis-open.org/odata/ns/edm">
					<Annotation Term="Capabilities.ReadRestrictions">
						<Record>
							<PropertyValue Property="Readable" Bool="false"/>
						</Record>
					</Annotation>
				</Annotations>
				<Annotations Target="API_SALES_ORDER_SIMULATION_SRV.API_SALES_ORDER_SIMULATION_SRV_Entities/A_SalesOrderItemPartnerSimln"
					xmlns="http://docs.oasis-open.org/odata/ns/edm">
					<Annotation Term="Capabilities.ReadRestrictions">
						<Record>
							<PropertyValue Property="Readable" Bool="false"/>
						</Record>
					</Annotation>
				</Annotations>
				<Annotations Target="API_SALES_ORDER_SIMULATION_SRV.API_SALES_ORDER_SIMULATION_SRV_Entities/A_SalesOrderItemSimulation"
					xmlns="http://docs.oasis-open.org/odata/ns/edm">
					<Annotation Term="Capabilities.ReadRestrictions">
						<Record>
							<PropertyValue Property="Readable" Bool="false"/>
						</Record>
					</Annotation>
				</Annotations>
				<Annotations Target="API_SALES_ORDER_SIMULATION_SRV.API_SALES_ORDER_SIMULATION_SRV_Entities/A_SalesOrderItmPrcgElmntSimln"
					xmlns="http://docs.oasis-open.org/odata/ns/edm">
					<Annotation Term="Capabilities.ReadRestrictions">
						<Record>
							<PropertyValue Property="Readable" Bool="false"/>
						</Record>
					</Annotation>
				</Annotations>
				<Annotations Target="API_SALES_ORDER_SIMULATION_SRV.API_SALES_ORDER_SIMULATION_SRV_Entities/A_SalesOrderPartnerSimulation"
					xmlns="http://docs.oasis-open.org/odata/ns/edm">
					<Annotation Term="Capabilities.ReadRestrictions">
						<Record>
							<PropertyValue Property="Readable" Bool="false"/>
						</Record>
					</Annotation>
				</Annotations>
				<Annotations Target="API_SALES_ORDER_SIMULATION_SRV.API_SALES_ORDER_SIMULATION_SRV_Entities/A_SalesOrderPrcgElmntSimln"
					xmlns="http://docs.oasis-open.org/odata/ns/edm">
					<Annotation Term="Capabilities.ReadRestrictions">
						<Record>
							<PropertyValue Property="Readable" Bool="false"/>
						</Record>
					</Annotation>
				</Annotations>
				<Annotations Target="API_SALES_ORDER_SIMULATION_SRV.API_SALES_ORDER_SIMULATION_SRV_Entities/A_SalesOrderPricingSimulation"
					xmlns="http://docs.oasis-open.org/odata/ns/edm">
					<Annotation Term="Capabilities.ReadRestrictions">
						<Record>
							<PropertyValue Property="Readable" Bool="false"/>
						</Record>
					</Annotation>
				</Annotations>
				<Annotations Target="API_SALES_ORDER_SIMULATION_SRV.API_SALES_ORDER_SIMULATION_SRV_Entities/A_SalesOrderScheduleLineSimln"
					xmlns="http://docs.oasis-open.org/odata/ns/edm">
					<Annotation Term="Capabilities.ReadRestrictions">
						<Record>
							<PropertyValue Property="Readable" Bool="false"/>
						</Record>
					</Annotation>
				</Annotations>
				<Annotations Target="API_SALES_ORDER_SIMULATION_SRV.API_SALES_ORDER_SIMULATION_SRV_Entities/A_SalesOrderSimulation"
					xmlns="http://docs.oasis-open.org/odata/ns/edm">
					<Annotation Term="Capabilities.ReadRestrictions">
						<Record>
							<PropertyValue Property="Readable" Bool="false"/>
						</Record>
					</Annotation>
					<Annotation Term="Capabilities.InsertRestrictions">
						<Record>
							<PropertyValue Property="Description" String="Simulates the creation of a sales order."/>
							<PropertyValue Property="LongDescription" String="Simulates the creation of a sales order, including price calculation with results, Available-to-Promise (ATP) check, partner determination, and credit check."/>
						</Record>
					</Annotation>
				</Annotations>
				<Annotations Target="API_SALES_ORDER_SIMULATION_SRV.API_SALES_ORDER_SIMULATION_SRV_Entities"
					xmlns="http://docs.oasis-open.org/odata/ns/edm"/>
					<atom:link rel="self" href="https://ldciqw9.wdf.sap.corp:44300/sap/opu/odata/sap/API_SALES_ORDER_SIMULATION_SRV/$metadata"
						xmlns:atom="http://www.w3.org/2005/Atom"/>
						<atom:link rel="latest-version" href="https://ldciqw9.wdf.sap.corp:44300/sap/opu/odata/sap/API_SALES_ORDER_SIMULATION_SRV/$metadata"
							xmlns:atom="http://www.w3.org/2005/Atom"/>
						</Schema>
					</edmx:DataServices>
				</edmx:Edmx>