{
	"openapi": "3.0.3",
	"info": {
		"title": "Contract Account Overview",
		"version": "1.0.0",
		"description": "Contract Account Overview \n\nUse this API to view the contract account details based on customer external id"
	},
	"servers": [
		{
			"url": "https://{hostname}",
			"description": "Example of server url is https://my1234567.crm.cloud.sap",
			"variables": {
				"hostname": {
					"default": ""
				}
			}
		}
	],
	"components": {
		"securitySchemes": {
			"basicAuthentication": {
				"type": "http",
				"scheme": "basic"
			}
		},
		"schemas": {
			"error": {
				"type": "object",
				"properties": {
					"error": {
						"type": "object",
						"properties": {
							"code": {
								"type": "string"
							},
							"details": {
								"type": "array",
								"items": {
									"type": "object",
									"properties": {
										"message": {
											"type": "string"
										},
										"code": {
											"type": "string"
										},
										"target": {
											"type": "string"
										}
									}
								}
							},
							"message": {
								"type": "string"
							},
							"target": {
								"type": "string"
							}
						}
					}
				}
			},
			"ContractAccountOverviewqueryresponse": {
				"title": "Contract Account Overview query response",
				"type": "object",
				"properties": {
					"count": {
						"type": "integer",
						"format": "int32"
					},
					"value": {
						"type": "array",
						"items": {
							"type": "object",
							"properties": {
								"businessPartnerId": {
									"type": "string",
									"nullable": true,
									"maxLength": 10,
									"title": "Business Partner ID"
								},
								"contractAccountId": {
									"type": "string",
									"nullable": true,
									"maxLength": 12,
									"title": "Contract Account ID"
								},
								"language": {
									"type": "string",
									"nullable": true,
									"maxLength": 2,
									"title": "Language"
								},
								"contractAccountName": {
									"type": "string",
									"nullable": true,
									"maxLength": 35,
									"title": "Contract Account Name"
								},
								"accountClass": {
									"type": "string",
									"nullable": true,
									"maxLength": 4,
									"title": "Account Class"
								},
								"accountClassText": {
									"type": "string",
									"nullable": true,
									"maxLength": 40,
									"title": "Account Class Text"
								},
								"premiseId": {
									"type": "string",
									"nullable": true,
									"maxLength": 10,
									"title": "Premise ID"
								},
								"premiseAddress": {
									"type": "string",
									"nullable": true,
									"maxLength": 80,
									"title": "Premise Address"
								},
								"dueAmount": {
									"type": "object",
									"properties": {
										"content": {
											"type": "number",
											"nullable": true,
											"format": "double"
										},
										"currencyCode": {
											"type": "string",
											"nullable": true,
											"title": "lbl_currency"
										}
									}
								},
								"openPayableAmount": {
									"type": "object",
									"properties": {
										"content": {
											"type": "number",
											"nullable": true,
											"format": "double"
										},
										"currencyCode": {
											"type": "string",
											"nullable": true,
											"title": "lbl_currency"
										}
									}
								},
								"accountDeterminationId": {
									"type": "string",
									"nullable": true,
									"maxLength": 2,
									"title": "Account Determination ID"
								},
								"accountDeterminationText": {
									"type": "string",
									"nullable": true,
									"maxLength": 50,
									"title": "Account Determination Text"
								},
								"activeContractFlag": {
									"type": "boolean",
									"nullable": true
								},
								"contracts": {
									"type": "array",
									"items": {
										"type": "object",
										"properties": {
											"contract": {
												"type": "string",
												"nullable": true,
												"maxLength": 10,
												"title": "Contract"
											},
											"installation": {
												"type": "string",
												"nullable": true,
												"maxLength": 10,
												"title": "Installation"
											},
											"division": {
												"type": "string",
												"nullable": true,
												"maxLength": 2,
												"title": "Division"
											},
											"divisionText": {
												"type": "string",
												"nullable": true,
												"maxLength": 20,
												"title": "Division Text"
											},
											"divisionCategory": {
												"type": "string",
												"nullable": true,
												"maxLength": 2,
												"title": "Division Category"
											},
											"startDate": {
												"type": "string",
												"format": "date",
												"nullable": true
											},
											"endDate": {
												"type": "string",
												"format": "date",
												"nullable": true
											},
											"premiseId": {
												"type": "string",
												"nullable": true,
												"maxLength": 10,
												"title": "Premise ID"
											},
											"premiseAddress": {
												"type": "string",
												"nullable": true,
												"maxLength": 80,
												"title": "Premise Address"
											}
										}
									}
								}
							}
						}
					}
				}
			},
			"info": {
				"type": "object",
				"properties": {
					"info": {
						"type": "object",
						"properties": {
							"code": {
								"type": "string"
							},
							"details": {
								"type": "array",
								"items": {
									"type": "object",
									"properties": {
										"message": {
											"type": "string"
										},
										"target": {
											"type": "string"
										},
										"code": {
											"type": "string"
										},
										"severity": {
											"type": "string",
											"enum": [
												"ERROR",
												"WARNING",
												"INFO"
											]
										}
									}
								}
							},
							"message": {
								"type": "string"
							},
							"target": {
								"type": "string"
							},
							"severity": {
								"type": "string",
								"enum": [
									"ERROR",
									"WARNING",
									"INFO"
								]
							}
						}
					}
				}
			}
		}
	},
	"security": [
		{
			"basicAuthentication": []
		}
	],
	"paths": {
		"/sap/c4c/api/v1/utilities-common-integration-service/customerCaOverview": {
			"get": {
				"operationId": "querycommonintegrationservice_customerCaOverviewV2",
				"tags": [
					"CustomerCaOverviewV2"
				],
				"summary": "Retrieve contract account overview information from the system.",
				"description": "Specify query parameters to return desired contract account overview records from the system.",
				"parameters": [
					{
						"name": "$filter",
						"in": "query",
						"required": true,
						"schema": {
							"type": "string"
						},
						"examples": {
							"one": {
								"value": "businessPartnerId eq 7000004172",
								"summary": "Get Contract Account Overview"
							}
						},
						"description": "Filter contract account overview by customer."
					}
				],
				"responses": {
					"200": {
						"description": "Retrieved contract account overview.",
						"content": {
							"application/json": {
								"schema": {
									"allOf": [
										{
											"$ref": "#/components/schemas/ContractAccountOverviewqueryresponse"
										},
										{
											"$ref": "#/components/schemas/info"
										}
									]
								}
							}
						}
					},
					"401": {
						"description": "Unauthorized.\n\nThis error is caused when the request has not been applied because there are no valid authentication credentials for the target resource."
					},
					"403": {
						"description": "Forbidden.\n\nThis client error code indicates that the server understood the request but refuses to authorize it."
					},
					"500": {
						"description": "Internal Server Error.\n\nFailed to query contract account overview.",
						"content": {
							"application/json": {
								"schema": {
									"$ref": "#/components/schemas/error"
								}
							}
						}
					}
				}
			}
		}
	},
	"x-sap-shortText": "Manage entities from Contract Account Overview service.",
	"x-sap-extensible": {
		"supported": "automatic",
		"description": "You can create extension fields in the Contract Account Overview API by following the steps mentioned in https://help.sap.com/docs/CX_NG_SVC/2c87cece32844c91836e535aef8f9642/d3bdfac0c6b141c0bac27408c3ed159f.html?locale=en-US. The newly created extensions will be available in the API request and response body."
	}
}