{
    "openapi": "3.0.3",
    "info": {
        "title": "Customer Address Replication In",
        "version": "1.0.0",
        "description": "Replicate customer address from SAP ERP"
    },
    "servers": [{
            "url": "https://{hostname}",
            "description": "Example of server url is https://my1234567.crm.cloud.sap",
            "variables": {
                "hostname": {
                    "default": ""
                }
            }
        }
    ],
    "components": {
        "securitySchemes": {
            "basicAuthentication": {
                "type": "http",
                "scheme": "basic"
            }
        },
        "schemas": {
            "error": {
                "type": "object",
                "properties": {
                    "error": {
                        "type": "object",
                        "properties": {
                            "code": {
                                "type": "string"
                            },
                            "details": {
                                "type": "array",
                                "items": {
                                    "type": "object",
                                    "properties": {
                                        "message": {
                                            "type": "string"
                                        },
                                        "code": {
                                            "type": "string"
                                        },
                                        "target": {
                                            "type": "string"
                                        }
                                    }
                                }
                            },
                            "message": {
                                "type": "string"
                            },
                            "target": {
                                "type": "string"
                            }
                        }
                    }
                }
            },
            "CustomerAddressReplicationIncreaterequest": {
                "title": "Customer Address Replication In create request",
                "type": "object",
                "properties": {
                    "messageHeader": {
                        "type": "object",
                        "properties": {
                            "id": {
                                "type": "string",
                                "nullable": true,
                                "format": "uuid",
                                "title": "ID"
                            },
                            "senderCommunicationSystemDisplayId": {
                                "type": "string",
                                "nullable": true,
                                "title": "Sender Communication System Display ID"
                            },
                            "receiverCommunicationSystemDisplayId": {
                                "type": "string",
                                "nullable": true,
                                "title": "Receiver Communication System Display ID"
                            },
                            "creationDateTime": {
                                "type": "string",
                                "format": "date-time",
                                "nullable": true
                            }
                        }
                    },
                    "messageRequests": {
                        "type": "array",
                        "items": {
                            "type": "object",
                            "properties": {
                                "messageHeader": {
                                    "type": "object",
                                    "properties": {
                                        "id": {
                                            "type": "string",
                                            "nullable": true,
                                            "format": "uuid",
                                            "title": "ID"
                                        },
                                        "messageEntityName": {
                                            "type": "string",
                                            "nullable": true
                                        },
                                        "creationDateTime": {
                                            "type": "string",
                                            "format": "date-time",
                                            "nullable": true
                                        },
                                        "actionCode": {
                                            "type": "string",
                                            "nullable": true,
                                            "enum": ["CREATE", "DELETE", "SAVE", "QUERY"],
                                            "title": "Action Code"
                                        },
                                        "referenceMessageRequestId": {
                                            "type": "string",
                                            "nullable": true,
                                            "title": "Reference Message Request ID"
                                        }
                                    }
                                },
                                "body": {
                                    "type": "object",
                                    "properties": {
                                        "displayId": {
                                            "type": "string",
                                            "nullable": true
                                        },
                                        "web": {
                                            "type": "array",
                                            "items": {
                                                "type": "object",
                                                "properties": {
                                                    "validFrom": {
                                                        "type": "string",
                                                        "format": "date",
                                                        "nullable": true
                                                    },
                                                    "validTo": {
                                                        "type": "string",
                                                        "format": "date",
                                                        "nullable": true
                                                    },
                                                    "uri": {
                                                        "type": "string",
                                                        "nullable": true
                                                    },
                                                    "isDefault": {
                                                        "type": "boolean",
                                                        "nullable": true
                                                    }
                                                }
                                            }
                                        },
                                        "email": {
                                            "type": "array",
                                            "items": {
                                                "type": "object",
                                                "properties": {
                                                    "validFrom": {
                                                        "type": "string",
                                                        "format": "date",
                                                        "nullable": true
                                                    },
                                                    "validTo": {
                                                        "type": "string",
                                                        "format": "date",
                                                        "nullable": true
                                                    },
                                                    "uri": {
                                                        "type": "string",
                                                        "nullable": true
                                                    },
                                                    "isDefault": {
                                                        "type": "boolean",
                                                        "nullable": true
                                                    }
                                                }
                                            }
                                        },
                                        "facsimile": {
                                            "type": "array",
                                            "items": {
                                                "type": "object",
                                                "properties": {
                                                    "validFrom": {
                                                        "type": "string",
                                                        "format": "date",
                                                        "nullable": true
                                                    },
                                                    "validTo": {
                                                        "type": "string",
                                                        "format": "date",
                                                        "nullable": true
                                                    },
                                                    "isDefault": {
                                                        "type": "boolean",
                                                        "nullable": true
                                                    },
                                                    "subscriberId": {
                                                        "type": "string",
                                                        "nullable": true
                                                    },
                                                    "extensionId": {
                                                        "type": "string",
                                                        "nullable": true
                                                    },
                                                    "country": {
                                                        "type": "string",
                                                        "nullable": true
                                                    }
                                                }
                                            }
                                        },
                                        "nameAndAddress": {
                                            "type": "array",
                                            "items": {
                                                "type": "object",
                                                "properties": {
                                                    "validFrom": {
                                                        "type": "string",
                                                        "format": "date",
                                                        "nullable": true
                                                    },
                                                    "validTo": {
                                                        "type": "string",
                                                        "format": "date",
                                                        "nullable": true
                                                    },
                                                    "addressRepresentation": {
                                                        "type": "string",
                                                        "nullable": true
                                                    },
                                                    "formOfAddress": {
                                                        "type": "string",
                                                        "nullable": true
                                                    },
                                                    "firstLineName": {
                                                        "type": "string",
                                                        "nullable": true
                                                    },
                                                    "secondLineName": {
                                                        "type": "string",
                                                        "nullable": true
                                                    },
                                                    "thirdLineName": {
                                                        "type": "string",
                                                        "nullable": true
                                                    },
                                                    "fourthLineName": {
                                                        "type": "string",
                                                        "nullable": true
                                                    },
                                                    "country": {
                                                        "type": "string",
                                                        "nullable": true
                                                    },
                                                    "region": {
                                                        "type": "string",
                                                        "nullable": true
                                                    },
                                                    "cityName": {
                                                        "type": "string",
                                                        "nullable": true
                                                    },
                                                    "districtName": {
                                                        "type": "string",
                                                        "nullable": true
                                                    },
                                                    "streetName": {
                                                        "type": "string",
                                                        "nullable": true
                                                    },
                                                    "streetPrefixName": {
                                                        "type": "string",
                                                        "nullable": true
                                                    },
                                                    "additionalStreetPrefixName": {
                                                        "type": "string",
                                                        "nullable": true
                                                    },
                                                    "streetSuffixName": {
                                                        "type": "string",
                                                        "nullable": true
                                                    },
                                                    "additionalStreetSuffixName": {
                                                        "type": "string",
                                                        "nullable": true
                                                    },
                                                    "postalCode": {
                                                        "type": "string",
                                                        "nullable": true
                                                    },
                                                    "houseId": {
                                                        "type": "string",
                                                        "nullable": true
                                                    },
                                                    "correspondenceLanguage": {
                                                        "type": "string",
                                                        "nullable": true
                                                    },
                                                    "postOfficeBoxId": {
                                                        "type": "string",
                                                        "nullable": true
                                                    },
                                                    "postOfficePostalCode": {
                                                        "type": "string",
                                                        "nullable": true
                                                    },
                                                    "isPostOfficeBoxWithoutId": {
                                                        "type": "boolean",
                                                        "nullable": true
                                                    },
                                                    "postOfficeBoxDeviatingCityName": {
                                                        "type": "string",
                                                        "nullable": true
                                                    },
                                                    "postOfficeBoxDeviatingCountry": {
                                                        "type": "string",
                                                        "nullable": true
                                                    },
                                                    "postOfficeBoxDeviatingRegion": {
                                                        "type": "string",
                                                        "nullable": true
                                                    },
                                                    "additionalHouseId": {
                                                        "type": "string",
                                                        "nullable": true
                                                    },
                                                    "preferredCommunicationMediumType": {
                                                        "type": "string",
                                                        "nullable": true
                                                    },
                                                    "careOfName": {
                                                        "type": "string",
                                                        "nullable": true
                                                    }
                                                }
                                            }
                                        },
                                        "telephone": {
                                            "type": "array",
                                            "items": {
                                                "type": "object",
                                                "properties": {
                                                    "validFrom": {
                                                        "type": "string",
                                                        "format": "date",
                                                        "nullable": true
                                                    },
                                                    "validTo": {
                                                        "type": "string",
                                                        "format": "date",
                                                        "nullable": true
                                                    },
                                                    "isDefaultMobile": {
                                                        "type": "boolean",
                                                        "nullable": true
                                                    },
                                                    "isDefaultLandline": {
                                                        "type": "boolean",
                                                        "nullable": true
                                                    },
                                                    "subscriberId": {
                                                        "type": "string",
                                                        "nullable": true
                                                    },
                                                    "extensionId": {
                                                        "type": "string",
                                                        "nullable": true
                                                    },
                                                    "country": {
                                                        "type": "string",
                                                        "nullable": true
                                                    }
                                                }
                                            }
                                        }
									}
                                }
                            }
                        }
                    }
                }
            },
            "CustomerAddressReplicationInfile": {
                "title": "Customer Address Replication In file",
                "type": "object",
                "properties": {
                    "value": {
                        "type": "object",
                        "properties": {
                            "messageHeader": {
                                "type": "object",
                                "properties": {
                                    "id": {
                                        "type": "string",
                                        "nullable": true,
                                        "format": "uuid",
                                        "title": "ID"
                                    },
                                    "senderCommunicationSystemDisplayId": {
                                        "type": "string",
                                        "nullable": true,
                                        "title": "Sender Communication System Display ID"
                                    },
                                    "receiverCommunicationSystemDisplayId": {
                                        "type": "string",
                                        "nullable": true,
                                        "title": "Receiver Communication System Display ID"
                                    },
                                    "creationDateTime": {
                                        "type": "string",
                                        "format": "date-time",
                                        "nullable": true
                                    }
                                }
                            },
                            "messageRequests": {
                                "type": "array",
                                "items": {
                                    "type": "object",
                                    "properties": {
                                        "messageHeader": {
                                            "type": "object",
                                            "properties": {
                                                "id": {
                                                    "type": "string",
                                                    "nullable": true,
                                                    "format": "uuid",
                                                    "title": "ID"
                                                },
                                                "messageEntityName": {
                                                    "type": "string",
                                                    "nullable": true
                                                },
                                                "creationDateTime": {
                                                    "type": "string",
                                                    "format": "date-time",
                                                    "nullable": true
                                                },
                                                "actionCode": {
                                                    "type": "string",
                                                    "nullable": true,
                                                    "enum": ["CREATE", "DELETE", "SAVE", "QUERY"],
                                                    "title": "Action Code"
                                                },
                                                "referenceMessageRequestId": {
                                                    "type": "string",
                                                    "nullable": true,
                                                    "title": "Reference Message Request ID"
                                                }
                                            }
                                        },
                                        "body": {
                                            "type": "object",
                                            "properties": {
                                                "displayId": {
                                                    "type": "string",
                                                    "nullable": true
                                                },
                                                "web": {
                                                    "type": "array",
                                                    "items": {
                                                        "type": "object",
                                                        "properties": {
                                                            "validFrom": {
                                                                "type": "string",
                                                                "format": "date",
                                                                "nullable": true
                                                            },
                                                            "validTo": {
                                                                "type": "string",
                                                                "format": "date",
                                                                "nullable": true
                                                            },
                                                            "uri": {
                                                                "type": "string",
                                                                "nullable": true
                                                            },
                                                            "isDefault": {
                                                                "type": "boolean",
                                                                "nullable": true
                                                            }
                                                        }
                                                    }
                                                },
                                                "email": {
                                                    "type": "array",
                                                    "items": {
                                                        "type": "object",
                                                        "properties": {
                                                            "validFrom": {
                                                                "type": "string",
                                                                "format": "date",
                                                                "nullable": true
                                                            },
                                                            "validTo": {
                                                                "type": "string",
                                                                "format": "date",
                                                                "nullable": true
                                                            },
                                                            "uri": {
                                                                "type": "string",
                                                                "nullable": true
                                                            },
                                                            "isDefault": {
                                                                "type": "boolean",
                                                                "nullable": true
                                                            }
                                                        }
                                                    }
                                                },
                                                "facsimile": {
                                                    "type": "array",
                                                    "items": {
                                                        "type": "object",
                                                        "properties": {
                                                            "validFrom": {
                                                                "type": "string",
                                                                "format": "date",
                                                                "nullable": true
                                                            },
                                                            "validTo": {
                                                                "type": "string",
                                                                "format": "date",
                                                                "nullable": true
                                                            },
                                                            "isDefault": {
                                                                "type": "boolean",
                                                                "nullable": true
                                                            },
                                                            "subscriberId": {
                                                                "type": "string",
                                                                "nullable": true
                                                            },
                                                            "extensionId": {
                                                                "type": "string",
                                                                "nullable": true
                                                            },
                                                            "country": {
                                                                "type": "string",
                                                                "nullable": true
                                                            }
                                                        }
                                                    }
                                                },
                                                "nameAndAddress": {
                                                    "type": "array",
                                                    "items": {
                                                        "type": "object",
                                                        "properties": {
                                                            "validFrom": {
                                                                "type": "string",
                                                                "format": "date",
                                                                "nullable": true
                                                            },
                                                            "validTo": {
                                                                "type": "string",
                                                                "format": "date",
                                                                "nullable": true
                                                            },
                                                            "addressRepresentation": {
                                                                "type": "string",
                                                                "nullable": true
                                                            },
                                                            "formOfAddress": {
                                                                "type": "string",
                                                                "nullable": true
                                                            },
                                                            "firstLineName": {
                                                                "type": "string",
                                                                "nullable": true
                                                            },
                                                            "secondLineName": {
                                                                "type": "string",
                                                                "nullable": true
                                                            },
                                                            "thirdLineName": {
                                                                "type": "string",
                                                                "nullable": true
                                                            },
                                                            "fourthLineName": {
                                                                "type": "string",
                                                                "nullable": true
                                                            },
                                                            "country": {
                                                                "type": "string",
                                                                "nullable": true
                                                            },
                                                            "region": {
                                                                "type": "string",
                                                                "nullable": true
                                                            },
                                                            "cityName": {
                                                                "type": "string",
                                                                "nullable": true
                                                            },
                                                            "districtName": {
                                                                "type": "string",
                                                                "nullable": true
                                                            },
                                                            "streetName": {
                                                                "type": "string",
                                                                "nullable": true
                                                            },
                                                            "streetPrefixName": {
                                                                "type": "string",
                                                                "nullable": true
                                                            },
                                                            "additionalStreetPrefixName": {
                                                                "type": "string",
                                                                "nullable": true
                                                            },
                                                            "streetSuffixName": {
                                                                "type": "string",
                                                                "nullable": true
                                                            },
                                                            "additionalStreetSuffixName": {
                                                                "type": "string",
                                                                "nullable": true
                                                            },
                                                            "postalCode": {
                                                                "type": "string",
                                                                "nullable": true
                                                            },
                                                            "houseId": {
                                                                "type": "string",
                                                                "nullable": true
                                                            },
                                                            "correspondenceLanguage": {
                                                                "type": "string",
                                                                "nullable": true
                                                            },
                                                            "postOfficeBoxId": {
                                                                "type": "string",
                                                                "nullable": true
                                                            },
                                                            "postOfficePostalCode": {
                                                                "type": "string",
                                                                "nullable": true
                                                            },
                                                            "isPostOfficeBoxWithoutId": {
                                                                "type": "boolean",
                                                                "nullable": true
                                                            },
                                                            "postOfficeBoxDeviatingCityName": {
                                                                "type": "string",
                                                                "nullable": true
                                                            },
                                                            "postOfficeBoxDeviatingCountry": {
                                                                "type": "string",
                                                                "nullable": true
                                                            },
                                                            "postOfficeBoxDeviatingRegion": {
                                                                "type": "string",
                                                                "nullable": true
                                                            },
                                                            "additionalHouseId": {
                                                                "type": "string",
                                                                "nullable": true
                                                            },
                                                            "preferredCommunicationMediumType": {
                                                                "type": "string",
                                                                "nullable": true
                                                            },
                                                            "careOfName": {
                                                                "type": "string",
                                                                "nullable": true
                                                            }
                                                        }
                                                    }
                                                },
                                                "telephone": {
                                                    "type": "array",
                                                    "items": {
                                                        "type": "object",
                                                        "properties": {
                                                            "validFrom": {
                                                                "type": "string",
                                                                "format": "date",
                                                                "nullable": true
                                                            },
                                                            "validTo": {
                                                                "type": "string",
                                                                "format": "date",
                                                                "nullable": true
                                                            },
                                                            "isDefaultMobile": {
                                                                "type": "boolean",
                                                                "nullable": true
                                                            },
                                                            "isDefaultLandline": {
                                                                "type": "boolean",
                                                                "nullable": true
                                                            },
                                                            "subscriberId": {
                                                                "type": "string",
                                                                "nullable": true
                                                            },
                                                            "extensionId": {
                                                                "type": "string",
                                                                "nullable": true
                                                            },
                                                            "country": {
                                                                "type": "string",
                                                                "nullable": true
                                                            }
                                                        }
                                                    }
                                                }
											}
                                        }
                                    }
                                }
                            }
                        }
                    }
                }
            }
        }
    },
    "security": [{
            "basicAuthentication": []
        }
    ],
    "paths": {
        "/sap/c4c/api/v1/inbound-data-connector-service/messages/sap.crm.md.integrationmetadataservice.entity.customerAddressERPReplicationMessageIn": {
            "post": {
                "operationId": "createmd.integrationmetadataservice_customerAddressERPReplicationIn",
                "tags": ["CustomerAddressERPReplicationIn"],
                "summary": "Create data",
                "parameters": [],
                "requestBody": {
                    "content": {
                        "application/json": {
                            "schema": {
                                "$ref": "#/components/schemas/CustomerAddressReplicationIncreaterequest"
                            }
                        }
                    }
                },
                "responses": {
                    "201": {
                        "description": "201 CREATED",
                        "content": {
                            "application/json": {
                                "schema": {
                                    "$ref": "#/components/schemas/CustomerAddressReplicationInfile"
                                }
                            }
                        }
                    },
                    "400": {
                        "description": "400 BAD_REQUEST",
                        "content": {
                            "application/json": {
                                "schema": {
                                    "$ref": "#/components/schemas/error"
                                }
                            }
                        }
                    },
                    "401": {
                        "description": "401 UNAUTHORIZED"
                    },
                    "403": {
                        "description": "403 FORBIDDEN"
                    },
                    "404": {
                        "description": "404 NOT_FOUND"
                    },
                    "500": {
                        "description": "500 INTERNAL_SERVER_ERROR",
                        "content": {
                            "application/json": {
                                "schema": {
                                    "$ref": "#/components/schemas/error"
                                }
                            }
                        }
                    }
                }
            }
        }
    },
    "x-sap-shortText": "Manage entities from Customer Address Replication In service."
}
