{
    "openapi": "3.0.3",
    "info": {
        "title": "Payment Plan Service",
        "version": "1.0.0",
        "description": "Payment Plan Service \n\nUse this API to do Payment Plan"
    },
    "servers": [
        {
            "url": "https://{hostname}",
            "description": "Example of server url is https://my1234567.crm.cloud.sap",
            "variables": {
                "hostname": {
                    "default": ""
                }
            }
        }
    ],
    "components": {
        "securitySchemes": {
            "basicAuthentication": {
                "type": "http",
                "scheme": "basic"
            }
        },
        "schemas": {
            "error": {
                "type": "object",
                "properties": {
                    "error": {
                        "type": "object",
                        "properties": {
                            "code": {
                                "type": "string"
                            },
                            "details": {
                                "type": "array",
                                "items": {
                                    "type": "object",
                                    "properties": {
                                        "message": {
                                            "type": "string"
                                        },
                                        "code": {
                                            "type": "string"
                                        },
                                        "target": {
                                            "type": "string"
                                        }
                                    }
                                }
                            },
                            "message": {
                                "type": "string"
                            },
                            "target": {
                                "type": "string"
                            }
                        }
                    }
                }
            },
            "PaymentPlanqueryresponse": {
                "title": "Payment Plan query response",
                "type": "object",
                "properties": {
                    "count": {
                        "type": "integer",
                        "format": "int32"
                    },
                    "value": {
                        "type": "array",
                        "items": {
                            "type": "object",
                            "properties": {
                                "businessPartnerId": {
                                    "type": "string",
                                    "nullable": true,
                                    "maxLength": 10,
                                    "title": "Business Partner"
                                },
                                "contractAccountId": {
                                    "type": "string",
                                    "nullable": true,
                                    "maxLength": 12,
                                    "title": "Contract Account"
                                },
                                "contract": {
                                    "type": "string",
                                    "nullable": true,
                                    "maxLength": 10,
                                    "title": "Contract"
                                },
                                "id": {
                                    "type": "string",
                                    "nullable": true,
                                    "maxLength": 12,
                                    "title": "Payment Plan ID"
                                },
                                "itemsRequired": {
                                    "type": "boolean",
                                    "nullable": true
                                },
                                "startBillingPeriod": {
                                    "type": "string",
                                    "format": "date",
                                    "nullable": true
                                },
                                "endBillingPeriod": {
                                    "type": "string",
                                    "format": "date",
                                    "nullable": true
                                },
                                "type": {
                                    "type": "string",
                                    "nullable": true,
                                    "maxLength": 4,
                                    "title": "lbl_type"
                                },
                                "stopDate": {
                                    "type": "string",
                                    "format": "date",
                                    "nullable": true
                                },
                                "deactivation": {
                                    "type": "string",
                                    "nullable": true,
                                    "maxLength": 12,
                                    "title": "lbl_deactivation"
                                },
                                "creationDate": {
                                    "type": "string",
                                    "format": "date",
                                    "nullable": true
                                },
                                "cycle": {
                                    "type": "string",
                                    "nullable": true,
                                    "maxLength": 2,
                                    "title": "lbl_cycle"
                                },
                                "text": {
                                    "type": "string",
                                    "nullable": true,
                                    "maxLength": 30,
                                    "title": "lbl_paymentPlanText"
                                },
                                "longText": {
                                    "type": "string",
                                    "nullable": true,
                                    "maxLength": 132,
                                    "title": "lbl_paymentPlanTextLine"
                                },
                                "alternativeCaCollBills": {
                                    "type": "string",
                                    "nullable": true,
                                    "maxLength": 12,
                                    "title": "Alternative Contract Account Collective Bills"
                                },
                                "status": {
                                    "type": "string",
                                    "nullable": true,
                                    "maxLength": 1,
                                    "title": "Status"
                                },
                                "noOfContracts": {
                                    "type": "string",
                                    "nullable": true,
                                    "maxLength": 4,
                                    "title": "Number of Contracts"
                                },
                                "division": {
                                    "type": "string",
                                    "nullable": true,
                                    "maxLength": 2,
                                    "title": "lbl_division"
                                },
                                "moveInDate": {
                                    "type": "string",
                                    "format": "date",
                                    "nullable": true
                                },
                                "alternativeStartMonth": {
                                    "type": "string",
                                    "nullable": true,
                                    "maxLength": 2,
                                    "title": "Alternative Start Month"
                                },
                                "startMonth": {
                                    "type": "string",
                                    "nullable": true,
                                    "maxLength": 2,
                                    "title": "Start Month"
                                },
                                "currDiffAmnt": {
                                    "type": "object",
                                    "properties": {
                                        "content": {
                                            "type": "number",
                                            "nullable": true,
                                            "format": "double"
                                        },
                                        "currencyCode": {
                                            "type": "string",
                                            "nullable": true,
                                            "title": "Currency"
                                        }
                                    }
                                },
                                "moveOutDate": {
                                    "type": "string",
                                    "format": "date",
                                    "nullable": true
                                },
                                "year": {
                                    "type": "string",
                                    "nullable": true,
                                    "maxLength": 4,
                                    "title": "lbl_planYear"
                                },
                                "date": {
                                    "type": "string",
                                    "format": "date",
                                    "nullable": true
                                },
                                "isEdit": {
                                    "type": "boolean",
                                    "nullable": true
                                },
                                "isDelete": {
                                    "type": "boolean",
                                    "nullable": true
                                },
                                "isDeactivate": {
                                    "type": "boolean",
                                    "nullable": true
                                },
                                "isSimulate": {
                                    "type": "boolean",
                                    "nullable": true
                                },
                                "paymentPlanItem": {
                                    "type": "array",
                                    "items": {
                                        "type": "object",
                                        "properties": {
                                            "documentNumber": {
                                                "type": "string",
                                                "nullable": true,
                                                "maxLength": 12,
                                                "title": "lbl_documentNumber"
                                            },
                                            "repetitionItem": {
                                                "type": "string",
                                                "nullable": true,
                                                "maxLength": 3,
                                                "title": "lbl_repetitionItem"
                                            },
                                            "itemNumber": {
                                                "type": "string",
                                                "nullable": true,
                                                "maxLength": 4,
                                                "title": "lbl_itemNumber"
                                            },
                                            "subItem": {
                                                "type": "string",
                                                "nullable": true,
                                                "maxLength": 3,
                                                "title": "lbl_subItem"
                                            },
                                            "clearingStatus": {
                                                "type": "string",
                                                "nullable": true,
                                                "maxLength": 1,
                                                "title": "lbl_clearingStatus"
                                            },
                                            "businessPartnerId": {
                                                "type": "string",
                                                "nullable": true,
                                                "maxLength": 10,
                                                "title": "Business Partner"
                                            },
                                            "contractAccountId": {
                                                "type": "string",
                                                "nullable": true,
                                                "maxLength": 12,
                                                "title": "Contract Account"
                                            },
                                            "mainTransaction": {
                                                "type": "string",
                                                "nullable": true,
                                                "maxLength": 4,
                                                "title": "lbl_mainTransaction"
                                            },
                                            "subTransaction": {
                                                "type": "string",
                                                "nullable": true,
                                                "maxLength": 4,
                                                "title": "lbl_subTransaction"
                                            },
                                            "postingDate": {
                                                "type": "string",
                                                "format": "date",
                                                "nullable": true
                                            },
                                            "netPaymentDueDate": {
                                                "type": "string",
                                                "format": "date",
                                                "nullable": true
                                            },
                                            "amount": {
                                                "type": "object",
                                                "properties": {
                                                    "content": {
                                                        "type": "number",
                                                        "nullable": true,
                                                        "format": "double"
                                                    },
                                                    "currencyCode": {
                                                        "type": "string",
                                                        "nullable": true,
                                                        "title": "Currency"
                                                    }
                                                }
                                            },
                                            "status": {
                                                "type": "string",
                                                "nullable": true,
                                                "maxLength": 1,
                                                "title": "Status"
                                            },
                                            "printDocument": {
                                                "type": "string",
                                                "nullable": true,
                                                "maxLength": 12,
                                                "title": "lbl_printDocument"
                                            },
                                            "documentPostingDate": {
                                                "type": "string",
                                                "format": "date",
                                                "nullable": true
                                            },
                                            "openAmount": {
                                                "type": "object",
                                                "properties": {
                                                    "content": {
                                                        "type": "number",
                                                        "nullable": true,
                                                        "format": "double"
                                                    },
                                                    "currencyCode": {
                                                        "type": "string",
                                                        "nullable": true,
                                                        "title": "Currency"
                                                    }
                                                }
                                            },
                                            "clearingDocument": {
                                                "type": "string",
                                                "nullable": true,
                                                "maxLength": 12,
                                                "title": "lbl_clearingDocument"
                                            }
                                        }
                                    }
                                },
                                "audit": {
                                    "type": "object",
                                    "properties": {
                                        "userId": {
                                            "type": "string",
                                            "nullable": true,
                                            "title": "User ID"
                                        },
                                        "businessSystemId": {
                                            "type": "string",
                                            "nullable": true,
                                            "title": "Business System ID"
                                        }
                                    }
                                }
                            }
                        }
                    }
                }
            },
            "info": {
                "type": "object",
                "properties": {
                    "info": {
                        "type": "object",
                        "properties": {
                            "code": {
                                "type": "string"
                            },
                            "details": {
                                "type": "array",
                                "items": {
                                    "type": "object",
                                    "properties": {
                                        "message": {
                                            "type": "string"
                                        },
                                        "target": {
                                            "type": "string"
                                        },
                                        "code": {
                                            "type": "string"
                                        },
                                        "severity": {
                                            "type": "string",
                                            "enum": [
                                                "ERROR",
                                                "WARNING",
                                                "INFO"
                                            ]
                                        }
                                    }
                                }
                            },
                            "message": {
                                "type": "string"
                            },
                            "target": {
                                "type": "string"
                            },
                            "severity": {
                                "type": "string",
                                "enum": [
                                    "ERROR",
                                    "WARNING",
                                    "INFO"
                                ]
                            }
                        }
                    }
                }
            },
            "PaymentPlancreaterequest": {
                "title": "Payment Plan create request",
                "type": "object",
                "properties": {
                    "businessPartnerId": {
                        "type": "string",
                        "nullable": true,
                        "maxLength": 10,
                        "title": "Business Partner"
                    },
                    "contractAccountId": {
                        "type": "string",
                        "nullable": true,
                        "maxLength": 12,
                        "title": "Contract Account"
                    },
                    "contract": {
                        "type": "string",
                        "nullable": true,
                        "maxLength": 10,
                        "title": "Contract"
                    },
                    "id": {
                        "type": "string",
                        "nullable": true,
                        "maxLength": 12,
                        "title": "Payment Plan ID"
                    },
                    "itemsRequired": {
                        "type": "boolean",
                        "nullable": true
                    },
                    "type": {
                        "type": "string",
                        "nullable": true,
                        "maxLength": 4,
                        "title": "lbl_type"
                    },
                    "text": {
                        "type": "string",
                        "nullable": true,
                        "maxLength": 30,
                        "title": "lbl_paymentPlanText"
                    },
                    "longText": {
                        "type": "string",
                        "nullable": true,
                        "maxLength": 132,
                        "title": "lbl_paymentPlanTextLine"
                    },
                    "alternativeStartMonth": {
                        "type": "string",
                        "nullable": true,
                        "maxLength": 2,
                        "title": "Alternative Start Month"
                    },
                    "startMonth": {
                        "type": "string",
                        "nullable": true,
                        "maxLength": 2,
                        "title": "Start Month"
                    },
                    "currDiffAmnt": {
                        "type": "object",
                        "properties": {
                            "content": {
                                "type": "number",
                                "nullable": true,
                                "format": "double"
                            },
                            "currencyCode": {
                                "type": "string",
                                "nullable": true,
                                "title": "Currency"
                            }
                        }
                    },
                    "year": {
                        "type": "string",
                        "nullable": true,
                        "maxLength": 4,
                        "title": "lbl_planYear"
                    },
                    "date": {
                        "type": "string",
                        "format": "date",
                        "nullable": true
                    },
                    "isEdit": {
                        "type": "boolean",
                        "nullable": true
                    },
                    "isDelete": {
                        "type": "boolean",
                        "nullable": true
                    },
                    "isDeactivate": {
                        "type": "boolean",
                        "nullable": true
                    },
                    "isSimulate": {
                        "type": "boolean",
                        "nullable": true
                    },
                    "paymentPlanItem": {
                        "type": "array",
                        "items": {
                            "type": "object",
                            "properties": {
                                "documentNumber": {
                                    "type": "string",
                                    "nullable": true,
                                    "maxLength": 12,
                                    "title": "lbl_documentNumber"
                                },
                                "repetitionItem": {
                                    "type": "string",
                                    "nullable": true,
                                    "maxLength": 3,
                                    "title": "lbl_repetitionItem"
                                },
                                "itemNumber": {
                                    "type": "string",
                                    "nullable": true,
                                    "maxLength": 4,
                                    "title": "lbl_itemNumber"
                                },
                                "subItem": {
                                    "type": "string",
                                    "nullable": true,
                                    "maxLength": 3,
                                    "title": "lbl_subItem"
                                },
                                "clearingStatus": {
                                    "type": "string",
                                    "nullable": true,
                                    "maxLength": 1,
                                    "title": "lbl_clearingStatus"
                                },
                                "businessPartnerId": {
                                    "type": "string",
                                    "nullable": true,
                                    "maxLength": 10,
                                    "title": "Business Partner"
                                },
                                "contractAccountId": {
                                    "type": "string",
                                    "nullable": true,
                                    "maxLength": 12,
                                    "title": "Contract Account"
                                },
                                "mainTransaction": {
                                    "type": "string",
                                    "nullable": true,
                                    "maxLength": 4,
                                    "title": "lbl_mainTransaction"
                                },
                                "subTransaction": {
                                    "type": "string",
                                    "nullable": true,
                                    "maxLength": 4,
                                    "title": "lbl_subTransaction"
                                },
                                "postingDate": {
                                    "type": "string",
                                    "format": "date",
                                    "nullable": true
                                },
                                "netPaymentDueDate": {
                                    "type": "string",
                                    "format": "date",
                                    "nullable": true
                                },
                                "amount": {
                                    "type": "object",
                                    "properties": {
                                        "content": {
                                            "type": "number",
                                            "nullable": true,
                                            "format": "double"
                                        },
                                        "currencyCode": {
                                            "type": "string",
                                            "nullable": true,
                                            "title": "Currency"
                                        }
                                    }
                                },
                                "status": {
                                    "type": "string",
                                    "nullable": true,
                                    "maxLength": 1,
                                    "title": "Status"
                                },
                                "printDocument": {
                                    "type": "string",
                                    "nullable": true,
                                    "maxLength": 12,
                                    "title": "lbl_printDocument"
                                },
                                "documentPostingDate": {
                                    "type": "string",
                                    "format": "date",
                                    "nullable": true
                                },
                                "openAmount": {
                                    "type": "object",
                                    "properties": {
                                        "content": {
                                            "type": "number",
                                            "nullable": true,
                                            "format": "double"
                                        },
                                        "currencyCode": {
                                            "type": "string",
                                            "nullable": true,
                                            "title": "Currency"
                                        }
                                    }
                                },
                                "clearingDocument": {
                                    "type": "string",
                                    "nullable": true,
                                    "maxLength": 12,
                                    "title": "lbl_clearingDocument"
                                }
                            }
                        }
                    },
                    "audit": {
                        "type": "object",
                        "properties": {
                            "userId": {
                                "type": "string",
                                "nullable": true,
                                "title": "User ID"
                            },
                            "businessSystemId": {
                                "type": "string",
                                "nullable": true,
                                "title": "Business System ID"
                            }
                        }
                    }
                }
            },
            "PaymentPlanfile": {
                "title": "Payment Plan file",
                "type": "object",
                "properties": {
                    "value": {
                        "type": "object",
                        "properties": {
                            "businessPartnerId": {
                                "type": "string",
                                "nullable": true,
                                "maxLength": 10,
                                "title": "Business Partner"
                            },
                            "contractAccountId": {
                                "type": "string",
                                "nullable": true,
                                "maxLength": 12,
                                "title": "Contract Account"
                            },
                            "contract": {
                                "type": "string",
                                "nullable": true,
                                "maxLength": 10,
                                "title": "Contract"
                            },
                            "id": {
                                "type": "string",
                                "nullable": true,
                                "maxLength": 12,
                                "title": "Payment Plan ID"
                            },
                            "itemsRequired": {
                                "type": "boolean",
                                "nullable": true
                            },
                            "startBillingPeriod": {
                                "type": "string",
                                "format": "date",
                                "nullable": true
                            },
                            "endBillingPeriod": {
                                "type": "string",
                                "format": "date",
                                "nullable": true
                            },
                            "type": {
                                "type": "string",
                                "nullable": true,
                                "maxLength": 4,
                                "title": "lbl_type"
                            },
                            "stopDate": {
                                "type": "string",
                                "format": "date",
                                "nullable": true
                            },
                            "deactivation": {
                                "type": "string",
                                "nullable": true,
                                "maxLength": 12,
                                "title": "lbl_deactivation"
                            },
                            "creationDate": {
                                "type": "string",
                                "format": "date",
                                "nullable": true
                            },
                            "cycle": {
                                "type": "string",
                                "nullable": true,
                                "maxLength": 2,
                                "title": "lbl_cycle"
                            },
                            "text": {
                                "type": "string",
                                "nullable": true,
                                "maxLength": 30,
                                "title": "lbl_paymentPlanText"
                            },
                            "longText": {
                                "type": "string",
                                "nullable": true,
                                "maxLength": 132,
                                "title": "lbl_paymentPlanTextLine"
                            },
                            "alternativeCaCollBills": {
                                "type": "string",
                                "nullable": true,
                                "maxLength": 12,
                                "title": "Alternative Contract Account Collective Bills"
                            },
                            "status": {
                                "type": "string",
                                "nullable": true,
                                "maxLength": 1,
                                "title": "Status"
                            },
                            "noOfContracts": {
                                "type": "string",
                                "nullable": true,
                                "maxLength": 4,
                                "title": "Number of Contracts"
                            },
                            "division": {
                                "type": "string",
                                "nullable": true,
                                "maxLength": 2,
                                "title": "lbl_division"
                            },
                            "moveInDate": {
                                "type": "string",
                                "format": "date",
                                "nullable": true
                            },
                            "alternativeStartMonth": {
                                "type": "string",
                                "nullable": true,
                                "maxLength": 2,
                                "title": "Alternative Start Month"
                            },
                            "startMonth": {
                                "type": "string",
                                "nullable": true,
                                "maxLength": 2,
                                "title": "Start Month"
                            },
                            "currDiffAmnt": {
                                "type": "object",
                                "properties": {
                                    "content": {
                                        "type": "number",
                                        "nullable": true,
                                        "format": "double"
                                    },
                                    "currencyCode": {
                                        "type": "string",
                                        "nullable": true,
                                        "title": "Currency"
                                    }
                                }
                            },
                            "moveOutDate": {
                                "type": "string",
                                "format": "date",
                                "nullable": true
                            },
                            "year": {
                                "type": "string",
                                "nullable": true,
                                "maxLength": 4,
                                "title": "lbl_planYear"
                            },
                            "date": {
                                "type": "string",
                                "format": "date",
                                "nullable": true
                            },
                            "isEdit": {
                                "type": "boolean",
                                "nullable": true
                            },
                            "isDelete": {
                                "type": "boolean",
                                "nullable": true
                            },
                            "isDeactivate": {
                                "type": "boolean",
                                "nullable": true
                            },
                            "isSimulate": {
                                "type": "boolean",
                                "nullable": true
                            },
                            "paymentPlanItem": {
                                "type": "array",
                                "items": {
                                    "type": "object",
                                    "properties": {
                                        "documentNumber": {
                                            "type": "string",
                                            "nullable": true,
                                            "maxLength": 12,
                                            "title": "lbl_documentNumber"
                                        },
                                        "repetitionItem": {
                                            "type": "string",
                                            "nullable": true,
                                            "maxLength": 3,
                                            "title": "lbl_repetitionItem"
                                        },
                                        "itemNumber": {
                                            "type": "string",
                                            "nullable": true,
                                            "maxLength": 4,
                                            "title": "lbl_itemNumber"
                                        },
                                        "subItem": {
                                            "type": "string",
                                            "nullable": true,
                                            "maxLength": 3,
                                            "title": "lbl_subItem"
                                        },
                                        "clearingStatus": {
                                            "type": "string",
                                            "nullable": true,
                                            "maxLength": 1,
                                            "title": "lbl_clearingStatus"
                                        },
                                        "businessPartnerId": {
                                            "type": "string",
                                            "nullable": true,
                                            "maxLength": 10,
                                            "title": "Business Partner"
                                        },
                                        "contractAccountId": {
                                            "type": "string",
                                            "nullable": true,
                                            "maxLength": 12,
                                            "title": "Contract Account"
                                        },
                                        "mainTransaction": {
                                            "type": "string",
                                            "nullable": true,
                                            "maxLength": 4,
                                            "title": "lbl_mainTransaction"
                                        },
                                        "subTransaction": {
                                            "type": "string",
                                            "nullable": true,
                                            "maxLength": 4,
                                            "title": "lbl_subTransaction"
                                        },
                                        "postingDate": {
                                            "type": "string",
                                            "format": "date",
                                            "nullable": true
                                        },
                                        "netPaymentDueDate": {
                                            "type": "string",
                                            "format": "date",
                                            "nullable": true
                                        },
                                        "amount": {
                                            "type": "object",
                                            "properties": {
                                                "content": {
                                                    "type": "number",
                                                    "nullable": true,
                                                    "format": "double"
                                                },
                                                "currencyCode": {
                                                    "type": "string",
                                                    "nullable": true,
                                                    "title": "Currency"
                                                }
                                            }
                                        },
                                        "status": {
                                            "type": "string",
                                            "nullable": true,
                                            "maxLength": 1,
                                            "title": "Status"
                                        },
                                        "printDocument": {
                                            "type": "string",
                                            "nullable": true,
                                            "maxLength": 12,
                                            "title": "lbl_printDocument"
                                        },
                                        "documentPostingDate": {
                                            "type": "string",
                                            "format": "date",
                                            "nullable": true
                                        },
                                        "openAmount": {
                                            "type": "object",
                                            "properties": {
                                                "content": {
                                                    "type": "number",
                                                    "nullable": true,
                                                    "format": "double"
                                                },
                                                "currencyCode": {
                                                    "type": "string",
                                                    "nullable": true,
                                                    "title": "Currency"
                                                }
                                            }
                                        },
                                        "clearingDocument": {
                                            "type": "string",
                                            "nullable": true,
                                            "maxLength": 12,
                                            "title": "lbl_clearingDocument"
                                        }
                                    }
                                }
                            },
                            "audit": {
                                "type": "object",
                                "properties": {
                                    "userId": {
                                        "type": "string",
                                        "nullable": true,
                                        "title": "User ID"
                                    },
                                    "businessSystemId": {
                                        "type": "string",
                                        "nullable": true,
                                        "title": "Business System ID"
                                    }
                                }
                            }
                        }
                    }
                }
            }
        }
    },
    "security": [
        {
            "basicAuthentication": []
        }
    ],
    "paths": {
        "/sap/c4c/api/v1/utilities-financials-service/paymentPlan": {
            "get": {
                "operationId": "queryfinancialsservice_paymentPlan",
                "tags": [
                    "PaymentPlan"
                ],
                "summary": "Retrieve Payment Plans",
                "description": "Specify query parameters to return bank payment plans from the system.",
                "parameters": [
                    {
                        "name": "$filter",
                        "in": "query",
                        "required": true,
                        "schema": {
                            "type": "string"
                        },
                        "examples": {
                            "one": {
                                "value": "id eq 800001717 and itemsRequired eq X",
                                "summary": "Payment Plan retrieval"
                            }
                        },
                        "description": "Filter Payment Plan by attribute."
                    }
                ],
                "responses": {
                    "200": {
                        "description": "Retrieved Payment Plan",
                        "content": {
                            "application/json": {
                                "schema": {
                                    "allOf": [
                                        {
                                            "$ref": "#/components/schemas/PaymentPlanqueryresponse"
                                        },
                                        {
                                            "$ref": "#/components/schemas/info"
                                        }
                                    ]
                                }
                            }
                        }
                    },
                    "401": {
                        "description": "Unauthorized.\n\nThis error is caused when the request has not been applied because there are no valid authentication credentials for the target resource."
                    },
                    "403": {
                        "description": "Forbidden.\n\nThis client error code indicates that the server understood the request but refuses to authorize it."
                    },
                    "500": {
                        "description": "Internal Server Error.\n\nFailed to retrieve Payment Plan.",
                        "content": {
                            "application/json": {
                                "schema": {
                                    "$ref": "#/components/schemas/error"
                                }
                            }
                        }
                    }
                }
            },
            "post": {
                "operationId": "createfinancialsservice_paymentPlan",
                "tags": [
                    "PaymentPlan"
                ],
                "summary": "Payment Plan Actions",
                "description": "Payment Plan Actions",
                "parameters": [],
                "requestBody": {
                    "content": {
                        "application/json": {
                            "schema": {
                                "$ref": "#/components/schemas/PaymentPlancreaterequest"
                            },
                            "examples": {
                                "one": {
                                    "value": {
                                        "contract": "0000049741",
                                        "text": "Payment plan category: BBP",
                                        "paymentPlanItem": [
                                            {
                                                "documentNumber": "000800001272",
                                                "repetitionItem": "012",
                                                "itemNumber": "0001",
                                                "subItem": "000",
                                                "clearingStatus": "",
                                                "businessPartnerId": "7000003991",
                                                "contractAccountId": "000002022000",
                                                "mainTransaction": "0052",
                                                "subTransaction": "0120",
                                                "postingDate": "2023-02-10",
                                                "netPaymentDueDate": "2024-01-31",
                                                "amount": {
                                                    "content": 2,
                                                    "currencyCode": "EUR"
                                                },
                                                "status": "2",
                                                "printDocument": "",
                                                "openAmount": {
                                                    "content": 2,
                                                    "currencyCode": "EUR"
                                                },
                                                "clearingDocument": ""
                                            }
                                        ],
                                        "audit": {
                                            "userName": "JINGERSOLL",
                                            "logicalSystem": "C4C"
                                        }
                                    },
                                    "summary": "Payment Plan Create"
                                },
                                "two": {
                                    "value": {
                                        "isEdit": true,
                                        "contract": "0000049741",
                                        "id": "000800001272",
                                        "text": "Payment plan category: BBP",
                                        "paymentPlanItem": [
                                            {
                                                "documentNumber": "000800001272",
                                                "repetitionItem": "012",
                                                "itemNumber": "0001",
                                                "subItem": "000",
                                                "clearingStatus": "",
                                                "businessPartnerId": "7000003991",
                                                "contractAccountId": "000002022000",
                                                "mainTransaction": "0052",
                                                "subTransaction": "0120",
                                                "postingDate": "2023-02-10",
                                                "netPaymentDueDate": "2024-01-31",
                                                "amount": {
                                                    "content": 2,
                                                    "currencyCode": "EUR"
                                                },
                                                "status": "2",
                                                "printDocument": "",
                                                "openAmount": {
                                                    "content": 2,
                                                    "currencyCode": "EUR"
                                                },
                                                "clearingDocument": ""
                                            }
                                        ],
                                        "audit": {
                                            "userName": "JINGERSOLL",
                                            "logicalSystem": "C4C"
                                        }
                                    },
                                    "summary": "Payment Plan Edit"
                                },
                                "three": {
                                    "value": {
                                        "isSimulate": true,
                                        "contract": "0000049741",
                                        "type": "001",
                                        "startMonth": "01",
                                        "year": "2023",
                                        "alternativeStartMonth": "10",
                                        "audit": {
                                            "userName": "JINGERSOLL",
                                            "logicalSystem": "C4C"
                                        }
                                    },
                                    "summary": "Payment Plan Simulate"
                                },
                                "four": {
                                    "value": {
                                        "isDelete": true,
                                        "id": "8000102013",
                                        "contract": "0000049741",
                                        "audit": {
                                            "userName": "JINGERSOLL",
                                            "logicalSystem": "C4C"
                                        }
                                    },
                                    "summary": "Payment Plan Delete"
                                },
                                "five": {
                                    "value": {
                                        "isDelete": true,
                                        "id": "8000102013",
                                        "contract": "0000049741",
                                        "audit": {
                                            "userName": "JINGERSOLL",
                                            "logicalSystem": "C4C"
                                        }
                                    },
                                    "summary": "Payment Plan Deactivate"
                                }
                            }
                        }
                    }
                },
                "responses": {
                    "201": {
                        "description": "Payment Plan Action",
                        "content": {
                            "application/json": {
                                "schema": {
                                    "allOf": [
                                        {
                                            "$ref": "#/components/schemas/PaymentPlanfile"
                                        },
                                        {
                                            "$ref": "#/components/schemas/info"
                                        }
                                    ]
                                }
                            }
                        }
                    },
                    "400": {
                        "description": "Bad Request.\n\nThe server cannot process the request due to a client error. For example, an invalid request.",
                        "content": {
                            "application/json": {
                                "schema": {
                                    "$ref": "#/components/schemas/error"
                                }
                            }
                        }
                    },
                    "401": {
                        "description": "Unauthorized.\n\nThis error is caused when the request has not been applied because there are no valid authentication credentials for the target resource."
                    },
                    "403": {
                        "description": "Forbidden.\n\nThis client error code indicates that the server understood the request but refuses to authorize it."
                    },
                    "500": {
                        "description": "Internal Server Error.\n\nFailed to do payment plan action",
                        "content": {
                            "application/json": {
                                "schema": {
                                    "$ref": "#/components/schemas/error"
                                }
                            }
                        }
                    }
                }
            }
        }
    },
    "x-sap-shortText": "Manage entities from Payment Plan service.",
    "x-sap-extensible": {
        "supported": "automatic",
        "description": "You can create extension fields in the Payment Plan Service API by following the steps mentioned in https://help.sap.com/docs/CX_NG_SVC/2c87cece32844c91836e535aef8f9642/d3bdfac0c6b141c0bac27408c3ed159f.html?locale=en-US. The newly created extensions will be available in the API request and response body."
    }
}