<?xml version="1.0" encoding="utf-8"?><edmx:Edmx Version="1.0" xmlns:edmx="http://schemas.microsoft.com/ado/2007/06/edmx" xmlns:m="http://schemas.microsoft.com/ado/2007/08/dataservices/metadata" xmlns:sap="http://www.sap.com/Protocols/SAPData"><edmx:DataServices m:DataServiceVersion="2.0"><Schema Namespace="CUAN_ACTUAL_IMPORT_SRV" xml:lang="de" sap:schema-version="1" xmlns="http://schemas.microsoft.com/ado/2008/09/edm"><EntityType Name="ImportHeader" sap:content-version="1"><Key><PropertyRef Name="Id"/></Key><Property Name="Id" Type="Edm.String" Nullable="false" MaxLength="32" sap:label="GUID 16" sap:updatable="false"/><Property Name="Timestamp" Type="Edm.DateTime" Precision="7" sap:label="Zeitstempel" sap:updatable="false"/><Property Name="UserName" Type="Edm.String" MaxLength="12" sap:label="Benutzer" sap:updatable="false"/><Property Name="SourceSystemType" Type="Edm.String" MaxLength="3" sap:label="Source System" sap:updatable="false"/><Property Name="SourceSystemId" Type="Edm.String" MaxLength="20" sap:label="Source Sys. ID" sap:updatable="false"/><Property Name="ImportMode" Type="Edm.String" MaxLength="1" sap:label="Importmodus" sap:updatable="false"/><Property Name="ProjectPrefix" Type="Edm.String" MaxLength="14" sap:label="" sap:updatable="false"/><Property Name="FromReferenceDate" Type="Edm.DateTime" Precision="0" sap:display-format="Date" sap:label="" sap:updatable="false"/><Property Name="ToReferenceDate" Type="Edm.DateTime" Precision="0" sap:display-format="Date" sap:label="" sap:updatable="false"/><NavigationProperty Name="CampaignActuals" Relationship="CUAN_ACTUAL_IMPORT_SRV.HeaderCampaignActual" FromRole="FromRole_HeaderCampaignActual" ToRole="ToRole_HeaderCampaignActual" sap:label="Kampagnenistdaten"/></EntityType><EntityType Name="CampaignActual" sap:content-version="1"><Key><PropertyRef Name="SourceId"/><PropertyRef Name="CampaignId"/><PropertyRef Name="SpendType"/><PropertyRef Name="SpendItemId"/><PropertyRef Name="ReferenceDate"/></Key><Property Name="SourceId" Type="Edm.String" Nullable="false" MaxLength="30" sap:label="Quellen-ID" sap:updatable="false"/><Property Name="CampaignId" Type="Edm.String" Nullable="false" MaxLength="10" sap:label="Kampagnen-ID" sap:updatable="false"/><Property Name="SpendType" Type="Edm.String" Nullable="false" MaxLength="10" sap:label="Ausgabenart" sap:updatable="false"/><Property Name="SpendItemId" Type="Edm.String" Nullable="false" MaxLength="10" sap:label="Spend Item ID" sap:updatable="false"/><Property Name="ReferenceDate" Type="Edm.DateTime" Nullable="false" Precision="0" sap:display-format="Date" sap:label="Referenzdatum" sap:updatable="false"/><Property Name="WBSElementId" Type="Edm.String" MaxLength="24" sap:label="PSP-Element-ID" sap:updatable="false"/><Property Name="Currency" Type="Edm.String" Nullable="false" MaxLength="5" sap:label="Währung" sap:updatable="false" sap:semantics="currency-code"/><Property Name="ActualSpend" Type="Edm.Decimal" Nullable="false" Precision="15" Scale="2" sap:unit="Currency" sap:label="Istausgaben" sap:updatable="false"/><Property Name="CommittedSpend" Type="Edm.Decimal" Nullable="false" Precision="15" Scale="2" sap:unit="Currency" sap:label="Bestätigte Ausgaben" sap:updatable="false"/></EntityType><Association Name="HeaderCampaignActual" sap:content-version="1"><End Type="CUAN_ACTUAL_IMPORT_SRV.ImportHeader" Multiplicity="1" Role="FromRole_HeaderCampaignActual"/><End Type="CUAN_ACTUAL_IMPORT_SRV.CampaignActual" Multiplicity="*" Role="ToRole_HeaderCampaignActual"/></Association><EntityContainer Name="CUAN_ACTUAL_IMPORT_SRV_Entities" m:IsDefaultEntityContainer="true" sap:supported-formats="atom json xlsx"><EntitySet Name="ImportHeaders" EntityType="CUAN_ACTUAL_IMPORT_SRV.ImportHeader" sap:updatable="false" sap:deletable="false" sap:pageable="false" sap:addressable="false" sap:content-version="1"/><EntitySet Name="CampaignActuals" EntityType="CUAN_ACTUAL_IMPORT_SRV.CampaignActual" sap:deletable="false" sap:pageable="false" sap:addressable="false" sap:content-version="1"/><AssociationSet Name="HeaderCampaignActual_AssocSet" Association="CUAN_ACTUAL_IMPORT_SRV.HeaderCampaignActual" sap:creatable="false" sap:updatable="false" sap:deletable="false" sap:content-version="1"><End EntitySet="ImportHeaders" Role="FromRole_HeaderCampaignActual"/><End EntitySet="CampaignActuals" Role="ToRole_HeaderCampaignActual"/></AssociationSet></EntityContainer><atom:link rel="self" href="https://wdciw32.wdf.sap.corp:1033/sap/opu/odata/sap/CUAN_ACTUAL_IMPORT_SRV/$metadata" xmlns:atom="http://www.w3.org/2005/Atom"/><atom:link rel="latest-version" href="https://wdciw32.wdf.sap.corp:1033/sap/opu/odata/sap/CUAN_ACTUAL_IMPORT_SRV/$metadata" xmlns:atom="http://www.w3.org/2005/Atom"/></Schema></edmx:DataServices></edmx:Edmx>