{
  "openapi": "3.0.0",
  "info": {
    "title": "Exchange Rates API",
    "version": "1.0.0",
    "description": "API for retrieving exchange rates based on a base currency and timestamp."
  },
  "paths": {
    "/rates": {
      "get": {
        "summary": "Get exchange rates",
        "description": "Returns exchange rates for a given base currency on a specific date.",
        "responses": {
          "200": {
            "description": "Successful response",
            "content": {
              "application/json": {
                "schema": {
                  "$ref": "#/components/schemas/ExchangeRatesResponse"
                }
              }
            }
          }
        }
      }
    }
  },
  "components": {
    "schemas": {
      "ExchangeRatesResponse": {
        "type": "object",
        "properties": {
          "success": {
            "type": "boolean",
            "description": "Indicates if the API call was successful",
            "example": true
          },
          "timestamp": {
            "type": "integer",
            "description": "Unix timestamp of when the rates were retrieved",
            "example": 1729261338
          },
          "base": {
            "type": "string",
            "description": "The base currency for the exchange rates",
            "example": "EUR"
          },
          "date": {
            "type": "string",
            "format": "date",
            "description": "The date of the exchange rates",
            "example": "2024-10-18"
          },
          "rates": {
            "type": "array",
            "description": "List of currency exchange rates",
            "items": {
              "$ref": "#/components/schemas/Rate"
            }
          }
        }
      },
      "Rate": {
        "type": "object",
        "properties": {
          "currency": {
            "type": "string",
            "description": "The target currency for the exchange rate",
            "example": "AED"
          },
          "amount": {
            "type": "string",
            "description": "The exchange rate amount for the currency relative to the base",
            "example": "3.984723"
          }
        },
        "required": [
          "currency",
          "amount"
        ]
      }
    }
  }
}