{
  "swagger": "2.0",
  "info": {
    "version": "1.0.0",
    "title": "Market Rates Upload",
    "description": "Upload market rates to the application by using your own data sources.\n"
  },
  "securityDefinitions": {
    "OAuth2": {
      "type": "oauth2",
      "description": "To use this REST API, you must get OAuth client credentials (client ID and client secret) from SAP Cloud Platform using the cockpit. You must then pass the obtained client credentials to the SAP Cloud Platform token endpoint to obtain an access token.\n",
      "tokenUrl": "https://{tenant_name}.authentication.{landscape}.hana.ondemand.com/oauth/token?grant_type=client_credentials",
      "flow": "application"
    }
  },
  "security": [
    {
      "OAuth2": []
    }
  ],
  "host": "sandbox.api.sap.com",
  "basePath": "/marketratesmanagement/upload",
  "x-servers": [
    {
      "url": "https://mrmawseu10-mrm-mrm-byod-market-data-upload.cfapps.eu10.hana.ondemand.com",
      "description": "Market Mates Management - Bring Your Own Rates Option productive url for upload"
    }
  ],
  "x-sap-shortText": "Upload market rates to the Bring Your Own Rates data option.",
  "schemes": [
    "https"
  ],
  "paths": {
    "/uploadMarketData": {
      "post": {
        "tags": [
          "Upload Market Data"
        ],
        "description": "Upload market rates into the Bring Your Own Rates data option. Rates can be uploaded in either the JSON or CSV format. The option supports 12 market data types. To see examples of the supported types, please check the official help documentation.\n",
        "summary": "Upload market rates.",
        "consumes": [
          "application/json",
          "text/csv"
        ],
        "produces": [
          "application/json",
          "text/plain"
        ],
        "parameters": [
          {
            "description": "Use the structure in the model schema to create your payload. For field descriptions, see SAP Market Rates Management, Bring Your Own Rates data option on the SAP Help Portal.",
            "in": "body",
            "name": "body",
            "required": true,
            "schema": {
              "$ref": "#/definitions/MarketDataUploadRequestList"
            }
          },
          {
            "description": "The header to dynamically set logging levels for the request.",
            "in": "header",
            "name": "X-SAP-BS_DYN_LOG",
            "required": false,
            "type": "string"
          }
        ],
        "responses": {
          "200": {
            "description": "The request was successfully processed. The requested data and failure messages, if any, are returned in the response body.",
            "schema": {
              "$ref": "#/definitions/MarketDataUploadResponseList"
            }
          },
          "201": {
            "description": "The market data upload was successful.",
            "schema": {
              "type": "string"
            }
          },
          "400": {
            "description": "Please correct the format or structure of the provided request body.",
            "schema": {
              "type": "string"
            }
          },
          "401": {
            "description": "Unauthorized. You did not have the required permissions to access the resource.",
            "schema": {
              "type": "string"
            }
          },
          "405": {
            "description": "Method not allowed. Please make a POST call.",
            "schema": {
              "type": "string"
            }
          },
          "406": {
            "description": "Not acceptable.",
            "schema": {
              "type": "string"
            }
          },
          "415": {
            "description": "Unsupported Media Type. Ensure that your content-type is either text/csv or application/json and that you provide the corresponding payloads.",
            "schema": {
              "type": "string"
            }
          },
          "500": {
            "description": "Internal server error. The operation you requested led to an error during execution.",
            "schema": {
              "type": "string"
            }
          },
          "503": {
            "description": "Service Unavailable. The requested service is not available at this moment.",
            "schema": {
              "type": "string"
            }
          }
        }
      }
    },
    "/admin/dynamiclog": {
      "get": {
        "tags": [
          "Dynamic logs"
        ],
        "summary": "Generates a new token that's added in the request header in addition to the Authorization JWT for dynamic log tracing.\n",
        "description": "Generates a new token that can be added to other operations within Market Rates Management - Bring Your Own Rates. This improves tracing capabilities for the specific request that it's added to. This makes troubleshooting faster.\n",
        "parameters": [
          {
            "name": "loggingLevel",
            "in": "query",
            "type": "string",
            "required": true,
            "description": "Logging levels classify business messages by type or severity. Accepted values are TRACE, DEBUG, INFO, WARN, and ERROR."
          },
          {
            "name": "validityInDays",
            "in": "query",
            "type": "integer",
            "required": false,
            "description": "The number of days for which the token issued is to be valid.",
            "default": 1
          }
        ],
        "produces": [
          "application/json"
        ],
        "responses": {
          "200": {
            "description": "Dynamic log header",
            "schema": {
              "$ref": "#/definitions/DynamicLoggerToken"
            }
          },
          "400": {
            "description": "Please correct the structure of the request body you have provided.",
            "schema": {
              "type": "string"
            }
          },
          "401": {
            "description": "You do not have the required permissions to access this resource. Please validate the JWT used to access the API.",
            "schema": {
              "type": "string"
            }
          },
          "500": {
            "description": "Internal Server Error. The operation you requested led to an error during execution.",
            "schema": {
              "type": "string"
            }
          }
        }
      }
    }
  },
  "definitions": {
    "MarketDataUploadRequestList": {
      "type": "array",
      "items": {
        "$ref": "#/definitions/MarketDataUploadRequest"
      },
      "example": [
        {
          "providerCode": "BYOR",
          "marketDataSource": "NYSE",
          "marketDataCategory": "01",
          "key1": "EUR",
          "key2": "USD",
          "marketDataProperty": "M",
          "effectiveDate": "2018-08-08",
          "effectiveTime": "00:00:00",
          "marketDataValue": "1.73",
          "securityCurrency": "",
          "fromFactor": 1,
          "toFactor": 1,
          "priceQuotation": "",
          "additionalKey": ""
        }
      ]
    },
    "MarketDataUploadRequest": {
      "type": "object",
      "required": [
        "providerCode",
        "marketDataSource",
        "marketDataCategory",
        "key1",
        "marketDataProperty",
        "effectiveDate",
        "effectiveTime",
        "marketDataValue"
      ],
      "properties": {
        "providerCode": {
          "type": "string",
          "minLength": 0,
          "maxLength": 15,
          "description": "BYOR, BLB, etc."
        },
        "marketDataSource": {
          "type": "string",
          "minLength": 1,
          "maxLength": 15,
          "description": "Name of Data Source - NYSE."
        },
        "marketDataCategory": {
          "type": "string",
          "minLength": 1,
          "maxLength": 15
        },
        "key1": {
          "type": "string",
          "minLength": 1,
          "maxLength": 20
        },
        "key2": {
          "type": "string",
          "minLength": 0,
          "maxLength": 20
        },
        "marketDataProperty": {
          "type": "string",
          "minLength": 1,
          "maxLength": 15
        },
        "effectiveDate": {
          "type": "string",
          "pattern": "^\\d{4}-\\d{2}-\\d{2}$"
        },
        "effectiveTime": {
          "type": "string",
          "pattern": "^\\d{2}:\\d{2}:\\d{2}$"
        },
        "marketDataValue": {
          "type": "number",
          "format": "double"
        },
        "securityCurrency": {
          "type": "string",
          "minLength": 0,
          "maxLength": 5
        },
        "fromFactor": {
          "type": "number",
          "format": "float"
        },
        "toFactor": {
          "type": "number",
          "format": "float"
        },
        "priceQuotation": {
          "type": "string",
          "minLength": 0,
          "maxLength": 5
        },
        "additionalKey": {
          "type": "string",
          "minLength": 0,
          "maxLength": 10
        }
      }
    },
    "MarketDataUploadResponseList": {
      "type": "array",
      "items": {
        "$ref": "#/definitions/MarketDataUploadResponse"
      },
      "example": [
        {
          "messageType": "E",
          "messageText": "Description of error in payload",
          "providerCode": "BYOR",
          "marketDataSource": "NYSE",
          "marketDataCategory": "01",
          "key1": "EUR",
          "key2": "USD",
          "marketDataProperty": "M",
          "effectiveDate": "2018-08-08",
          "effectiveTime": "00:00:00",
          "marketDataValue": "1.73",
          "securityCurrency": "",
          "fromFactor": 1,
          "toFactor": 1,
          "priceQuotation": "",
          "additionalKey": ""
        }
      ]
    },
    "MarketDataUploadResponse": {
      "type": "object",
      "required": [
        "providerCode",
        "marketDataSource",
        "marketDataCategory",
        "key1",
        "marketDataProperty",
        "effectiveDate",
        "effectiveTime",
        "marketDataValue"
      ],
      "properties": {
        "messageType": {
          "type": "string"
        },
        "messageText": {
          "type": "string"
        },
        "providerCode": {
          "type": "string",
          "minLength": 0,
          "maxLength": 15,
          "description": "BYOR, BLB, etc."
        },
        "marketDataSource": {
          "type": "string",
          "minLength": 1,
          "maxLength": 15,
          "description": "Name of Data Source - NYSE."
        },
        "marketDataCategory": {
          "type": "string",
          "minLength": 1,
          "maxLength": 15
        },
        "key1": {
          "type": "string",
          "minLength": 1,
          "maxLength": 20
        },
        "key2": {
          "type": "string",
          "minLength": 0,
          "maxLength": 20
        },
        "marketDataProperty": {
          "type": "string",
          "minLength": 1,
          "maxLength": 15
        },
        "effectiveDate": {
          "type": "string",
          "pattern": "^\\d{4}-\\d{2}-\\d{2}$"
        },
        "effectiveTime": {
          "type": "string",
          "pattern": "^\\d{2}:\\d{2}:\\d{2}$"
        },
        "marketDataValue": {
          "type": "number",
          "format": "double"
        },
        "securityCurrency": {
          "type": "string",
          "minLength": 0,
          "maxLength": 5
        },
        "fromFactor": {
          "type": "number",
          "format": "float"
        },
        "toFactor": {
          "type": "number",
          "format": "float"
        },
        "priceQuotation": {
          "type": "string",
          "minLength": 0,
          "maxLength": 5
        },
        "additionalKey": {
          "type": "string",
          "minLength": 0,
          "maxLength": 10
        }
      }
    },
    "DynamicLoggerToken": {
      "type": "object",
      "properties": {
        "tokenValue": {
          "type": "string"
        },
        "loggingLevel": {
          "type": "string"
        }
      }
    }
  }
}