{
	"openapi": "3.0.3",
	"info": {
		"title": "Open Item Graph Service",
		"version": "1.0.0",
		"description": "Open Item Graph Details \n\nGet Open Item Graph details for a business partner and contract account"
	},
	"servers": [
		{
			"url": "https://{hostname}",
			"description": "Example of server url is https://my1234567.crm.cloud.sap",
			"variables": {
				"hostname": {
					"default": ""
				}
			}
		}
	],
	"components": {
		"securitySchemes": {
			"basicAuthentication": {
				"type": "http",
				"scheme": "basic"
			}
		},
		"schemas": {
			"error": {
				"type": "object",
				"properties": {
					"error": {
						"type": "object",
						"properties": {
							"code": {
								"type": "string"
							},
							"details": {
								"type": "array",
								"items": {
									"type": "object",
									"properties": {
										"message": {
											"type": "string"
										},
										"code": {
											"type": "string"
										},
										"target": {
											"type": "string"
										}
									}
								}
							},
							"message": {
								"type": "string"
							},
							"target": {
								"type": "string"
							}
						}
					}
				}
			},
			"OpenItemGraphqueryresponse": {
				"title": "Open Item Graph query response",
				"type": "object",
				"properties": {
					"count": {
						"type": "integer",
						"format": "int32"
					},
					"value": {
						"type": "array",
						"items": {
							"type": "object",
							"properties": {
								"businessPartnerId": {
									"type": "string",
									"nullable": true,
									"maxLength": 10,
									"title": "Business Partner ID"
								},
								"contractAccountId": {
									"type": "string",
									"nullable": true,
									"maxLength": 12,
									"title": "Contract Account ID"
								},
								"interval1Amount": {
									"type": "object",
									"properties": {
										"content": {
											"type": "number",
											"nullable": true,
											"format": "double"
										},
										"currencyCode": {
											"type": "string",
											"nullable": true,
											"title": "Currency"
										}
									}
								},
								"interval1Days": {
									"type": "string",
									"nullable": true,
									"title": "Interval1 Days"
								},
								"interval2Amount": {
									"type": "object",
									"properties": {
										"content": {
											"type": "number",
											"nullable": true,
											"format": "double"
										},
										"currencyCode": {
											"type": "string",
											"nullable": true,
											"title": "Currency"
										}
									}
								},
								"interval2Days": {
									"type": "string",
									"nullable": true,
									"title": "Interval2 Days"
								},
								"interval3Amount": {
									"type": "object",
									"properties": {
										"content": {
											"type": "number",
											"nullable": true,
											"format": "double"
										},
										"currencyCode": {
											"type": "string",
											"nullable": true,
											"title": "Currency"
										}
									}
								},
								"interval3Days": {
									"type": "string",
									"nullable": true,
									"title": "Interval3 Days"
								},
								"interval4Amount": {
									"type": "object",
									"properties": {
										"content": {
											"type": "number",
											"nullable": true,
											"format": "double"
										},
										"currencyCode": {
											"type": "string",
											"nullable": true,
											"title": "Currency"
										}
									}
								},
								"interval4Days": {
									"type": "string",
									"nullable": true,
									"title": "Interval4 Days"
								},
								"totalDueAmount": {
									"type": "object",
									"properties": {
										"content": {
											"type": "number",
											"nullable": true,
											"format": "double"
										},
										"currencyCode": {
											"type": "string",
											"nullable": true,
											"title": "Currency"
										}
									}
								}
							}
						}
					}
				}
			},
			"info": {
				"type": "object",
				"properties": {
					"info": {
						"type": "object",
						"properties": {
							"code": {
								"type": "string"
							},
							"details": {
								"type": "array",
								"items": {
									"type": "object",
									"properties": {
										"message": {
											"type": "string"
										},
										"target": {
											"type": "string"
										},
										"code": {
											"type": "string"
										},
										"severity": {
											"type": "string",
											"enum": [
												"ERROR",
												"WARNING",
												"INFO"
											]
										}
									}
								}
							},
							"message": {
								"type": "string"
							},
							"target": {
								"type": "string"
							},
							"severity": {
								"type": "string",
								"enum": [
									"ERROR",
									"WARNING",
									"INFO"
								]
							}
						}
					}
				}
			}
		}
	},
	"security": [
		{
			"basicAuthentication": []
		}
	],
	"paths": {
		"/sap/c4c/api/v1/financials-integration-service/openItemGraph": {
			"get": {
				"operationId": "queryfinancialsservice_openItemGraph",
				"tags": [
					"OpenItemGraph"
				],
				"summary": "Retrieve Open Item Graph for contract account",
				"description": "Specify query parameters to retrieve open item graph details.",
				"parameters": [
					{
						"name": "$filter",
						"in": "query",
						"required": true,
						"schema": {
							"type": "string"
						},
						"examples": {
							"one": {
								"value": "businessPartnerId eq 7000004172 and contractAccountId eq 2025601",
								"summary": "Contract Account Open Item Graph Details"
							}
						},
						"description": "Retrieve Open Item Graph details for contract account"
					}
				],
				"responses": {
					"200": {
						"description": "Retrieved open item graph details for contract account.",
						"content": {
							"application/json": {
								"schema": {
									"allOf": [
										{
											"$ref": "#/components/schemas/OpenItemGraphqueryresponse"
										},
										{
											"$ref": "#/components/schemas/info"
										}
									]
								}
							}
						}
					},
					"401": {
						"description": "Unauthorized.\n\nThis error is caused when the request has not been applied because there are no valid authentication credentials for the target resource."
					},
					"403": {
						"description": "Forbidden.\n\nThis client error code indicates that the server understood the request but refuses to authorize it."
					},
					"500": {
						"description": "Internal Server Error.\n\nFailed to query open item graph details.",
						"content": {
							"application/json": {
								"schema": {
									"$ref": "#/components/schemas/error"
								}
							}
						}
					}
				}
			}
		}
	},
	"x-sap-shortText": "Manage entities from Open Item Graph service."
}