{
	"openapi": "3.0.3",
	"info": {
		"title": "Payments Summary Service",
		"version": "1.0.0",
		"description": "Payment Summary \n\nUse this API to view payment summary"
	},
	"servers": [
		{
			"url": "https://{hostname}",
			"description": "Example of server url is https://my1234567.crm.cloud.sap",
			"variables": {
				"hostname": {
					"default": ""
				}
			}
		}
	],
	"components": {
		"securitySchemes": {
			"basicAuthentication": {
				"type": "http",
				"scheme": "basic"
			}
		},
		"schemas": {
			"error": {
				"type": "object",
				"properties": {
					"error": {
						"type": "object",
						"properties": {
							"code": {
								"type": "string"
							},
							"details": {
								"type": "array",
								"items": {
									"type": "object",
									"properties": {
										"message": {
											"type": "string"
										},
										"code": {
											"type": "string"
										},
										"target": {
											"type": "string"
										}
									}
								}
							},
							"message": {
								"type": "string"
							},
							"target": {
								"type": "string"
							}
						}
					}
				}
			},
			"PaymentsSummaryqueryresponse": {
				"title": "Payments Summary query response",
				"type": "object",
				"properties": {
					"count": {
						"type": "integer",
						"format": "int32"
					},
					"value": {
						"type": "array",
						"items": {
							"type": "object",
							"properties": {
								"contractAccountId": {
									"type": "string",
									"nullable": true,
									"maxLength": 12,
									"title": "Contract Account ID"
								},
								"invoiceCount": {
									"type": "integer",
									"nullable": true,
									"format": "int32"
								},
								"onTimePayments": {
									"type": "integer",
									"nullable": true,
									"format": "int32"
								},
								"latePayments": {
									"type": "integer",
									"nullable": true,
									"format": "int32"
								},
								"activePaymentPlans": {
									"type": "integer",
									"nullable": true,
									"format": "int32"
								},
								"activeBudgetBillings": {
									"type": "integer",
									"nullable": true,
									"format": "int32"
								},
								"activeInstallmentPlans": {
									"type": "integer",
									"nullable": true,
									"format": "int32"
								},
								"activePromiseToPay": {
									"type": "integer",
									"nullable": true,
									"format": "int32"
								}
							}
						}
					}
				}
			},
			"info": {
				"type": "object",
				"properties": {
					"info": {
						"type": "object",
						"properties": {
							"code": {
								"type": "string"
							},
							"details": {
								"type": "array",
								"items": {
									"type": "object",
									"properties": {
										"message": {
											"type": "string"
										},
										"target": {
											"type": "string"
										},
										"code": {
											"type": "string"
										},
										"severity": {
											"type": "string",
											"enum": [
												"ERROR",
												"WARNING",
												"INFO"
											]
										}
									}
								}
							},
							"message": {
								"type": "string"
							},
							"target": {
								"type": "string"
							},
							"severity": {
								"type": "string",
								"enum": [
									"ERROR",
									"WARNING",
									"INFO"
								]
							}
						}
					}
				}
			}
		}
	},
	"security": [
		{
			"basicAuthentication": []
		}
	],
	"paths": {
		"/sap/c4c/api/v1/financials-integration-service/paymentSummary": {
			"get": {
				"operationId": "queryfinancialsservice_paymentSummary",
				"tags": [
					"PaymentSummary"
				],
				"summary": "Retrieve Payment Summary information from the system.",
				"description": "Specify query parameters to return desired Payment Summary records from the system.",
				"parameters": [
					{
						"name": "$filter",
						"in": "query",
						"required": true,
						"schema": {
							"type": "string"
						},
						"examples": {
							"one": {
								"value": "contractAccountId eq 1846301 and invoiceCount eq 12",
								"summary": "Get Payment Summary"
							}
						},
						"description": "Filter Payment Summary by attribute."
					}
				],
				"responses": {
					"200": {
						"description": "Retrieved Payment Summary.",
						"content": {
							"application/json": {
								"schema": {
									"allOf": [
										{
											"$ref": "#/components/schemas/PaymentsSummaryqueryresponse"
										},
										{
											"$ref": "#/components/schemas/info"
										}
									]
								}
							}
						}
					},
					"401": {
						"description": "Unauthorized.\n\nThis error is caused when the request has not been applied because there are no valid authentication credentials for the target resource."
					},
					"403": {
						"description": "Forbidden.\n\nThis client error code indicates that the server understood the request but refuses to authorize it."
					},
					"500": {
						"description": "Internal Server Error.\n\nFailed to query payment summary.",
						"content": {
							"application/json": {
								"schema": {
									"$ref": "#/components/schemas/error"
								}
							}
						}
					}
				}
			}
		}
	},
	"x-sap-shortText": "Manage entities from Payments Summary service.",
	"x-sap-extensible": {
		"supported": "automatic",
		"description": "You can create extension fields in the Payments Summary Service API by following the steps mentioned in https://help.sap.com/docs/CX_NG_SVC/2c87cece32844c91836e535aef8f9642/d3bdfac0c6b141c0bac27408c3ed159f.html?locale=en-US. The newly created extensions will be available in the API request and response body."
	}
}