<?xml version="1.0" encoding="utf-8"?>
<edmx:Edmx Version="1.0" xmlns:edmx="http://schemas.microsoft.com/ado/2007/06/edmx" xmlns:m="http://schemas.microsoft.com/ado/2007/08/dataservices/metadata" xmlns:sap="http://www.sap.com/Protocols/SAPData">
	<edmx:DataServices m:DataServiceVersion="2.0">
		<Schema Namespace="CUAN_BUSINESS_PARTNER_IMPORT_SRV" xml:lang="de" sap:schema-version="1" xmlns="http://schemas.microsoft.com/ado/2008/09/edm">
			<EntityType Name="InteractionContact" sap:content-version="1">
				<Key>
					<PropertyRef Name="Id"/>
					<PropertyRef Name="IdOrigin"/>
				</Key>
				<Property Name="Id" Type="Edm.String" Nullable="false" MaxLength="255" sap:unicode="false" sap:label="ID des Interaktionskontakts" sap:sortable="false" sap:filterable="false"/>
				<Property Name="IdOrigin" Type="Edm.String" Nullable="false" MaxLength="20" sap:unicode="false" sap:label="Herkunft des Interaktionskontakts" sap:sortable="false" sap:filterable="false"/>
				<Property Name="Name" Type="Edm.String" MaxLength="80" sap:unicode="false" sap:label="Vollständiger Name" sap:sortable="false" sap:filterable="false"/>
				<Property Name="FirstName" Type="Edm.String" MaxLength="40" sap:unicode="false" sap:label="Vorname" sap:sortable="false" sap:filterable="false"/>
				<Property Name="LastName" Type="Edm.String" MaxLength="40" sap:unicode="false" sap:label="Nachname" sap:sortable="false" sap:filterable="false"/>
				<Property Name="TitleCode" Type="Edm.String" MaxLength="4" sap:unicode="false" sap:label="Titelcode" sap:sortable="false" sap:filterable="false"/>
				<Property Name="CountryCode" Type="Edm.String" MaxLength="3" sap:unicode="false" sap:label="Ländercode" sap:sortable="false" sap:filterable="false"/>
				<Property Name="RegionCode" Type="Edm.String" MaxLength="3" sap:unicode="false" sap:label="Regionscode" sap:sortable="false" sap:filterable="false"/>
				<Property Name="City" Type="Edm.String" MaxLength="40" sap:unicode="false" sap:label="Ort" sap:sortable="false" sap:filterable="false"/>
				<Property Name="PostalCode" Type="Edm.String" MaxLength="10" sap:unicode="false" sap:label="Postleitzahl" sap:sortable="false" sap:filterable="false"/>
				<Property Name="Street" Type="Edm.String" MaxLength="60" sap:unicode="false" sap:label="Straße" sap:sortable="false" sap:filterable="false"/>
				<Property Name="HouseNumber" Type="Edm.String" MaxLength="10" sap:unicode="false" sap:label="Hausnummer" sap:sortable="false" sap:filterable="false"/>
				<Property Name="LanguageCode" Type="Edm.String" MaxLength="2" sap:unicode="false" sap:label="Sprachencode" sap:sortable="false" sap:filterable="false"/>
				<Property Name="GenderCode" Type="Edm.String" MaxLength="1" sap:unicode="false" sap:label="Code für Geschlecht" sap:sortable="false" sap:filterable="false"/>
				<Property Name="MaritalStatusCode" Type="Edm.String" MaxLength="1" sap:unicode="false" sap:label="Familienstandcode" sap:sortable="false" sap:filterable="false"/>
				<Property Name="IndustryCode" Type="Edm.String" MaxLength="4" sap:unicode="false" sap:label="Branchencode" sap:sortable="false" sap:filterable="false"/>
				<Property Name="DepartmentCode" Type="Edm.String" MaxLength="4" sap:unicode="false" sap:label="Abteilungscode" sap:sortable="false" sap:filterable="false"/>
				<Property Name="FunctionCode" Type="Edm.String" MaxLength="4" sap:unicode="false" sap:label="Funktionscode" sap:sortable="false" sap:filterable="false"/>
				<Property Name="EmailAddress" Type="Edm.String" MaxLength="241" sap:unicode="false" sap:label="E-Mail-Adresse" sap:sortable="false" sap:filterable="false"/>
				<Property Name="PhoneNumber" Type="Edm.String" MaxLength="30" sap:unicode="false" sap:label="Telefonnummer" sap:sortable="false" sap:filterable="false"/>
				<Property Name="MobilePhoneNumber" Type="Edm.String" MaxLength="30" sap:unicode="false" sap:label="Mobiltelefonnummer" sap:sortable="false" sap:filterable="false"/>
				<Property Name="FaxNumber" Type="Edm.String" MaxLength="30" sap:unicode="false" sap:label="Faxnummer" sap:sortable="false" sap:filterable="false"/>
				<Property Name="DateOfBirth" Type="Edm.DateTime" Precision="7" sap:display-format="Date" sap:unicode="false" sap:label="Geburtsdatum" sap:sortable="false" sap:filterable="false"/>
				<Property Name="IsContact" Type="Edm.Boolean" sap:unicode="false" sap:label="Ist Kontakt" sap:sortable="false" sap:filterable="false"/>
				<Property Name="IsMainContact" Type="Edm.Boolean" sap:unicode="false" sap:label="Ist Hauptkontakt" sap:sortable="false" sap:filterable="false"/>
				<Property Name="IsConsumer" Type="Edm.Boolean" sap:unicode="false" sap:label="Ist Endverbraucher" sap:sortable="false" sap:filterable="false"/>
				<Property Name="Obsolete" Type="Edm.Boolean" sap:unicode="false" sap:label="Veraltet" sap:sortable="false" sap:filterable="false"/>
				<Property Name="WebUri" Type="Edm.String" MaxLength="1000" sap:unicode="false" sap:label="Website" sap:sortable="false" sap:filterable="false"/>
				<Property Name="Latitude" Type="Edm.Decimal" Precision="20" Scale="10" sap:unicode="false" sap:label="Breitengrad" sap:sortable="false" sap:filterable="false"/>
				<Property Name="Longitude" Type="Edm.Decimal" Precision="20" Scale="10" sap:unicode="false" sap:label="Längengrad" sap:sortable="false" sap:filterable="false"/>
				<Property Name="IcType" Type="Edm.String" MaxLength="2" sap:unicode="false" sap:label="Interaktionskontaktart" sap:sortable="false" sap:filterable="false"/>
				<Property Name="CompanyId" Type="Edm.String" MaxLength="255" sap:unicode="false" sap:label="ID des Unternehmens" sap:sortable="false" sap:filterable="false"/>
				<Property Name="CompanyIdOrigin" Type="Edm.String" MaxLength="20" sap:unicode="false" sap:label="Herkunft des Unternehmens" sap:sortable="false" sap:filterable="false"/>
				<Property Name="MatchId" Type="Edm.String" MaxLength="255" sap:unicode="false" sap:label="ID der entsprechenden Entität" sap:sortable="false" sap:filterable="false"/>
				<Property Name="MatchIdOrigin" Type="Edm.String" MaxLength="20" sap:unicode="false" sap:label="Herkunft der entsprechenden Entität" sap:sortable="false" sap:filterable="false"/>
				<NavigationProperty Name="MarketingAttributes" Relationship="CUAN_BUSINESS_PARTNER_IMPORT_SRV.InteractionContactMarketingAttribute" FromRole="FromRole_InteractionContactMarketingAttribute" ToRole="ToRole_InteractionContactMarketingAttribute"/>
			</EntityType>
			<EntityType Name="MarketingAttribute" sap:content-version="1">
				<Key>
					<PropertyRef Name="CategoryId"/>
					<PropertyRef Name="Value"/>
				</Key>
				<Property Name="CategoryId" Type="Edm.String" Nullable="false" MaxLength="75" sap:unicode="false" sap:label="Marketingkateg." sap:sortable="false" sap:filterable="false"/>
				<Property Name="Value" Type="Edm.String" Nullable="false" MaxLength="255" sap:unicode="false" sap:label="Marketingwert" sap:sortable="false" sap:filterable="false"/>
			</EntityType>
			<Association Name="InteractionContactMarketingAttribute" sap:content-version="1">
				<End Type="CUAN_BUSINESS_PARTNER_IMPORT_SRV.InteractionContact" Multiplicity="1" Role="FromRole_InteractionContactMarketingAttribute"/>
				<End Type="CUAN_BUSINESS_PARTNER_IMPORT_SRV.MarketingAttribute" Multiplicity="*" Role="ToRole_InteractionContactMarketingAttribute"/>
			</Association>
			<EntityContainer Name="CUAN_BUSINESS_PARTNER_IMPORT_SRV_Entities" m:IsDefaultEntityContainer="true" sap:supported-formats="atom json xlsx">
				<EntitySet Name="InteractionContacts" EntityType="CUAN_BUSINESS_PARTNER_IMPORT_SRV.InteractionContact" sap:creatable="false" sap:updatable="false" sap:deletable="false" sap:pageable="false" sap:addressable="false" sap:content-version="1"/>
				<EntitySet Name="MarketingAttributes" EntityType="CUAN_BUSINESS_PARTNER_IMPORT_SRV.MarketingAttribute" sap:creatable="false" sap:updatable="false" sap:deletable="false" sap:pageable="false" sap:addressable="false" sap:content-version="1"/>
				<AssociationSet Name="InteractionContactMarketingAttributeSet" Association="CUAN_BUSINESS_PARTNER_IMPORT_SRV.InteractionContactMarketingAttribute" sap:creatable="false" sap:updatable="false" sap:deletable="false" sap:content-version="1">
					<End EntitySet="InteractionContacts" Role="FromRole_InteractionContactMarketingAttribute"/>
					<End EntitySet="MarketingAttributes" Role="ToRole_InteractionContactMarketingAttribute"/>
				</AssociationSet>
				<FunctionImport Name="DeleteMarketingAttributes" ReturnType="CUAN_BUSINESS_PARTNER_IMPORT_SRV.InteractionContact" EntitySet="InteractionContacts" m:HttpMethod="POST" sap:action-for="CUAN_BUSINESS_PARTNER_IMPORT_SRV.InteractionContact">
					<Parameter Name="Id" Type="Edm.String" Mode="In" MaxLength="255"/>
					<Parameter Name="IdOrigin" Type="Edm.String" Mode="In" MaxLength="20"/>
				</FunctionImport>
			</EntityContainer>
			<atom:link rel="self" href="https://cc2-350.wdf.sap.corp:443/sap/opu/odata/sap/CUAN_BUSINESS_PARTNER_IMPORT_SRV/$metadata" xmlns:atom="http://www.w3.org/2005/Atom"/>
			<atom:link rel="latest-version" href="https://cc2-350.wdf.sap.corp:443/sap/opu/odata/sap/CUAN_BUSINESS_PARTNER_IMPORT_SRV/$metadata" xmlns:atom="http://www.w3.org/2005/Atom"/>
		</Schema>
	</edmx:DataServices>
</edmx:Edmx>