{"openapi":"3.0.3","info":{"title":"Account Hierarchy Inbound Replication","version":"1.0.0","description":"This API replicates account hierarchies from SAP S/4HANA to SAP Sales and Service Cloud Version 2."},"servers":[{"url":"https://{hostname}","description":"Example of server url is https://my1234567.crm.cloud.sap","variables":{"hostname":{"default":""}}}],"components":{"securitySchemes":{"basicAuthentication":{"type":"http","scheme":"basic"}},"schemas":{"error":{"type":"object","properties":{"error":{"type":"object","properties":{"code":{"type":"string"},"details":{"type":"array","items":{"type":"object","properties":{"message":{"type":"string"},"code":{"type":"string"},"target":{"type":"string"}}}},"message":{"type":"string"},"target":{"type":"string"}}}}},"AccountHierarchyInboundReplicationcreaterequest":{"title":"Account Hierarchy Inbound Replication create request","type":"object","properties":{"messageHeader":{"type":"object","properties":{"id":{"type":"string","nullable":true,"format":"uuid","title":"ID"},"senderCommunicationSystemDisplayId":{"type":"string","nullable":true,"title":"Sender Communication System Display ID"},"receiverCommunicationSystemDisplayId":{"type":"string","nullable":true,"title":"Receiver Communication System Display ID"},"creationDateTime":{"type":"string","format":"date-time","nullable":true}}},"messageRequests":{"type":"array","items":{"type":"object","properties":{"messageHeader":{"type":"object","properties":{"id":{"type":"string","nullable":true,"format":"uuid","title":"ID"},"messageEntityName":{"type":"string","nullable":true},"creationDateTime":{"type":"string","format":"date-time","nullable":true},"actionCode":{"type":"string","nullable":true,"enum":["CREATE","DELETE","SAVE","QUERY"],"title":"Action Code"},"referenceMessageRequestId":{"type":"string","nullable":true,"title":"Reference Message Request ID"}}},"body":{"type":"object","properties":{"usage":{"type":"string","nullable":true,"title":"lbl_usage"},"isPricingDeterminationRelevant":{"type":"boolean","nullable":true},"isRebateRelevant":{"type":"boolean","nullable":true},"account":{"type":"object","properties":{"displayId":{"type":"string","nullable":true,"title":"lbl_displayId"},"salesOrganizationDisplayId":{"type":"string","nullable":true,"title":"lbl_salesOrganizationDisplayId"},"distributionChannel":{"type":"string","nullable":true,"title":"lbl_distributionChannel"},"division":{"type":"string","nullable":true,"title":"lbl_division"}}},"parentAccount":{"type":"object","properties":{"displayId":{"type":"string","nullable":true,"title":"lbl_displayId"},"salesOrganizationDisplayId":{"type":"string","nullable":true,"title":"lbl_salesOrganizationDisplayId"},"distributionChannel":{"type":"string","nullable":true,"title":"lbl_distributionChannel"},"division":{"type":"string","nullable":true,"title":"lbl_division"}}}}}}}}}},"AccountHierarchyInboundReplicationfile":{"title":"Account Hierarchy Inbound Replication file","type":"object","properties":{"value":{"type":"object","properties":{"messageHeader":{"type":"object","properties":{"id":{"type":"string","nullable":true,"format":"uuid","title":"ID"},"senderCommunicationSystemDisplayId":{"type":"string","nullable":true,"title":"Sender Communication System Display ID"},"receiverCommunicationSystemDisplayId":{"type":"string","nullable":true,"title":"Receiver Communication System Display ID"},"creationDateTime":{"type":"string","format":"date-time","nullable":true}}},"messageRequests":{"type":"array","items":{"type":"object","properties":{"messageHeader":{"type":"object","properties":{"id":{"type":"string","nullable":true,"format":"uuid","title":"ID"},"messageEntityName":{"type":"string","nullable":true},"creationDateTime":{"type":"string","format":"date-time","nullable":true},"actionCode":{"type":"string","nullable":true,"enum":["CREATE","DELETE","SAVE","QUERY"],"title":"Action Code"},"referenceMessageRequestId":{"type":"string","nullable":true,"title":"Reference Message Request ID"}}},"body":{"type":"object","properties":{"usage":{"type":"string","nullable":true,"title":"lbl_usage"},"isPricingDeterminationRelevant":{"type":"boolean","nullable":true},"isRebateRelevant":{"type":"boolean","nullable":true},"account":{"type":"object","properties":{"displayId":{"type":"string","nullable":true,"title":"lbl_displayId"},"salesOrganizationDisplayId":{"type":"string","nullable":true,"title":"lbl_salesOrganizationDisplayId"},"distributionChannel":{"type":"string","nullable":true,"title":"lbl_distributionChannel"},"division":{"type":"string","nullable":true,"title":"lbl_division"}}},"parentAccount":{"type":"object","properties":{"displayId":{"type":"string","nullable":true,"title":"lbl_displayId"},"salesOrganizationDisplayId":{"type":"string","nullable":true,"title":"lbl_salesOrganizationDisplayId"},"distributionChannel":{"type":"string","nullable":true,"title":"lbl_distributionChannel"},"division":{"type":"string","nullable":true,"title":"lbl_division"}}}}}}}}}}}}}},"security":[{"basicAuthentication":[]}],"paths":{"/sap/c4c/api/v1/inbound-data-connector-service/messages/sap.crm.md.integrationmetadataservice.entity.accountHierarchyS4ReplicationMessageIn":{"post":{"operationId":"createmd.integrationmetadataservice_accountHierarchyS4ReplicationIn","tags":["AccountHierarchyS4ReplicationIn"],"summary":"Create data","parameters":[],"requestBody":{"content":{"application/json":{"schema":{"$ref":"#/components/schemas/AccountHierarchyInboundReplicationcreaterequest"}}}},"responses":{"201":{"description":"201 CREATED","content":{"application/json":{"schema":{"$ref":"#/components/schemas/AccountHierarchyInboundReplicationfile"}}}},"400":{"description":"400 BAD_REQUEST","content":{"application/json":{"schema":{"$ref":"#/components/schemas/error"}}}},"401":{"description":"401 UNAUTHORIZED"},"403":{"description":"403 FORBIDDEN"},"404":{"description":"404 NOT_FOUND"},"500":{"description":"500 INTERNAL_SERVER_ERROR","content":{"application/json":{"schema":{"$ref":"#/components/schemas/error"}}}}}}}},"x-sap-shortText":"Manage entities from Account Hierarchy Inbound Replication service."}