<?xml version="1.0" encoding="utf-8"?><edmx:Edmx Version="1.0" xmlns:edmx="http://schemas.microsoft.com/ado/2007/06/edmx" xmlns:m="http://schemas.microsoft.com/ado/2007/08/dataservices/metadata" xmlns:sap="http://www.sap.com/Protocols/SAPData"><edmx:DataServices m:DataServiceVersion="2.0"><Schema Namespace="API_MKT_ATTRIBUTE_CATEGORY_SRV" xml:lang="en" sap:schema-version="1" xmlns="http://schemas.microsoft.com/ado/2008/09/edm"><EntityType Name="MarketingAttributeCategory" sap:content-version="1"><Key><PropertyRef Name="Id"/><PropertyRef Name="IdOrigin"/></Key><Property Name="Id" Type="Edm.String" Nullable="false" MaxLength="75" sap:unicode="false" sap:label="Category ID"/><Property Name="IdOrigin" Type="Edm.String" Nullable="false" MaxLength="20" sap:unicode="false" sap:label="Origin of the ID"/><NavigationProperty Name="MarketingAttributeCategoryNames" Relationship="API_MKT_ATTRIBUTE_CATEGORY_SRV.MarketingAttributeCategoryToName" FromRole="FromRole_MarketingAttributeCategoryToName" ToRole="ToRole_MarketingAttributeCategoryToName"/></EntityType><EntityType Name="MarketingAttributeCategoryName" sap:content-version="1"><Key><PropertyRef Name="LanguageCode"/></Key><Property Name="LanguageCode" Type="Edm.String" Nullable="false" MaxLength="2" sap:unicode="false" sap:label="Language Code"/><Property Name="Name" Type="Edm.String" Nullable="false" MaxLength="40" sap:unicode="false" sap:label="Name of the Category"/></EntityType><Association Name="MarketingAttributeCategoryToName" sap:content-version="1"><End Type="API_MKT_ATTRIBUTE_CATEGORY_SRV.MarketingAttributeCategory" Multiplicity="1" Role="FromRole_MarketingAttributeCategoryToName"/><End Type="API_MKT_ATTRIBUTE_CATEGORY_SRV.MarketingAttributeCategoryName" Multiplicity="*" Role="ToRole_MarketingAttributeCategoryToName"/></Association><EntityContainer Name="API_MKT_ATTRIBUTE_CATEGORY_SRV_Entities" m:IsDefaultEntityContainer="true" sap:supported-formats="atom json xlsx"><EntitySet Name="MarketingAttributeCategories" EntityType="API_MKT_ATTRIBUTE_CATEGORY_SRV.MarketingAttributeCategory" sap:label="Marketing Attribute Categories" sap:searchable="true" sap:pageable="false" sap:addressable="false" sap:content-version="1"/><EntitySet Name="MarketingAttributeCategoryNames" EntityType="API_MKT_ATTRIBUTE_CATEGORY_SRV.MarketingAttributeCategoryName" sap:label="Marketing Attribute Category Names" sap:searchable="true" sap:pageable="false" sap:addressable="false" sap:content-version="1"/><AssociationSet Name="MarketingAttrCtgMarketingAttrCtgName" Association="API_MKT_ATTRIBUTE_CATEGORY_SRV.MarketingAttributeCategoryToName" sap:creatable="false" sap:updatable="false" sap:deletable="false" sap:content-version="1"><End EntitySet="MarketingAttributeCategories" Role="FromRole_MarketingAttributeCategoryToName"/><End EntitySet="MarketingAttributeCategoryNames" Role="ToRole_MarketingAttributeCategoryToName"/></AssociationSet></EntityContainer><atom:link rel="self" href="https://ldciabd.wdf.sap.corp:44300/sap/opu/odata/sap/API_MKT_ATTRIBUTE_CATEGORY_SRV/$metadata" xmlns:atom="http://www.w3.org/2005/Atom"/><atom:link rel="latest-version" href="https://ldciabd.wdf.sap.corp:44300/sap/opu/odata/sap/API_MKT_ATTRIBUTE_CATEGORY_SRV/$metadata" xmlns:atom="http://www.w3.org/2005/Atom"/></Schema></edmx:DataServices></edmx:Edmx>