{
  "openapi": "3.0.3",
  "info": {
    "title": "Open Items Service",
    "version": "1.0.0",
    "description": "Open Items Details \n\nGet Open Items details for a business partner and contract account"
  },
  "servers": [
    {
      "url": "https://{hostname}",
      "description": "Example of server url is https://my1234567.crm.cloud.sap",
      "variables": {
        "hostname": {
          "default": ""
        }
      }
    }
  ],
  "components": {
    "securitySchemes": {
      "basicAuthentication": {
        "type": "http",
        "scheme": "basic"
      }
    },
    "schemas": {
      "error": {
        "type": "object",
        "properties": {
          "error": {
            "type": "object",
            "properties": {
              "code": {
                "type": "string"
              },
              "details": {
                "type": "array",
                "items": {
                  "type": "object",
                  "properties": {
                    "message": {
                      "type": "string"
                    },
                    "code": {
                      "type": "string"
                    },
                    "target": {
                      "type": "string"
                    }
                  }
                }
              },
              "message": {
                "type": "string"
              },
              "target": {
                "type": "string"
              }
            }
          }
        }
      },
      "OpenItemsqueryresponse": {
        "title": "Open Items query response",
        "type": "object",
        "properties": {
          "count": {
            "type": "integer",
            "format": "int32"
          },
          "value": {
            "type": "array",
            "items": {
              "type": "object",
              "properties": {
                "businessPartnerId": {
                  "type": "string",
                  "nullable": true,
                  "maxLength": 10,
                  "title": "Business Partner ID"
                },
                "contractAccountId": {
                  "type": "string",
                  "nullable": true,
                  "maxLength": 12,
                  "title": "Contract Account ID"
                },
                "replacedPromiseToPayId": {
                  "type": "string",
                  "nullable": true,
                  "maxLength": 12,
                  "title": "lbl_replaced_promise_to_pay_id"
                },
                "isReplacedOpenItems": {
                  "type": "boolean",
                  "nullable": true
                },
                "isAllOpenItems": {
                  "type": "boolean",
                  "nullable": true
                },
                "isFilteredOpenItems": {
                  "type": "boolean",
                  "nullable": true
                },
                "maximumCount": {
                  "type": "integer",
                  "nullable": true,
                  "format": "int32"
                },
                "createDateFrom": {
                  "type": "string",
                  "format": "date",
                  "nullable": true
                },
                "createDateTo": {
                  "type": "string",
                  "format": "date",
                  "nullable": true
                },
                "postingDateFrom": {
                  "type": "string",
                  "format": "date",
                  "nullable": true
                },
                "postingDateTo": {
                  "type": "string",
                  "format": "date",
                  "nullable": true
                },
                "dueDateFrom": {
                  "type": "string",
                  "format": "date",
                  "nullable": true
                },
                "dueDateTo": {
                  "type": "string",
                  "format": "date",
                  "nullable": true
                },
                "documentNumber": {
                  "type": "string",
                  "nullable": true,
                  "maxLength": 12,
                  "title": "Document Number"
                },
                "repetitionItem": {
                  "type": "string",
                  "nullable": true,
                  "maxLength": 3,
                  "title": "Repetition Item"
                },
                "itemNumber": {
                  "type": "string",
                  "nullable": true,
                  "maxLength": 4,
                  "title": "Item Number"
                },
                "subItem": {
                  "type": "string",
                  "nullable": true,
                  "maxLength": 3,
                  "title": "Sub Item"
                },
                "mainTransaction": {
                  "type": "string",
                  "nullable": true,
                  "maxLength": 50,
                  "title": "Transaction"
                },
                "subTransaction": {
                  "type": "string",
                  "nullable": true,
                  "maxLength": 50,
                  "title": "Sub Transaction"
                },
                "amount": {
                  "type": "object",
                  "properties": {
                    "content": {
                      "type": "number",
                      "nullable": true,
                      "format": "double"
                    },
                    "currencyCode": {
                      "type": "string",
                      "nullable": true,
                      "title": "Currency"
                    }
                  }
                },
                "clearedAmount": {
                  "type": "object",
                  "properties": {
                    "content": {
                      "type": "number",
                      "nullable": true,
                      "format": "double"
                    },
                    "currencyCode": {
                      "type": "string",
                      "nullable": true,
                      "title": "Currency"
                    }
                  }
                },
                "dueDate": {
                  "type": "string",
                  "format": "date",
                  "nullable": true
                },
                "documentDate": {
                  "type": "string",
                  "format": "date",
                  "nullable": true
                },
                "postingDate": {
                  "type": "string",
                  "format": "date",
                  "nullable": true
                },
                "itemSelected": {
                  "type": "string",
                  "nullable": true,
                  "maxLength": 1,
                  "title": "Item Selected"
                },
                "clearingStatus": {
                  "type": "string",
                  "nullable": true,
                  "maxLength": 1,
                  "title": "Clearing Status"
                },
                "clearingStatusDescription": {
                  "type": "string",
                  "nullable": true,
                  "title": "Clearing Status Description"
                },
                "lockedStatus": {
                  "type": "boolean",
                  "nullable": true
                },
                "dunningLevel": {
                  "type": "string",
                  "nullable": true,
                  "maxLength": 2,
                  "title": "Dunning Level"
                },
                "dunningText": {
                  "type": "string",
                  "nullable": true,
                  "maxLength": 50,
                  "title": "lbl_dunning_Text"
                },
                "dunningStep": {
                  "type": "string",
                  "nullable": true,
                  "maxLength": 4,
                  "title": "Dunning Step"
                },
                "stepName": {
                  "type": "string",
                  "nullable": true,
                  "maxLength": 50,
                  "title": "Name"
                },
                "clearingRestriction": {
                  "type": "string",
                  "nullable": true,
                  "maxLength": 1,
                  "title": "Clearing Restriction"
                },
                "daysPast": {
                  "type": "string",
                  "nullable": true,
                  "maxLength": 6,
                  "title": "Past Due Date"
                },
                "subDocumentNumber": {
                  "type": "string",
                  "nullable": true,
                  "maxLength": 12,
                  "title": "Document Number"
                },
                "deferralDate": {
                  "type": "string",
                  "format": "date",
                  "nullable": true
                }
              }
            }
          }
        }
      },
      "info": {
        "type": "object",
        "properties": {
          "info": {
            "type": "object",
            "properties": {
              "code": {
                "type": "string"
              },
              "details": {
                "type": "array",
                "items": {
                  "type": "object",
                  "properties": {
                    "message": {
                      "type": "string"
                    },
                    "target": {
                      "type": "string"
                    },
                    "code": {
                      "type": "string"
                    },
                    "severity": {
                      "type": "string",
                      "enum": [
                        "ERROR",
                        "WARNING",
                        "INFO"
                      ]
                    }
                  }
                }
              },
              "message": {
                "type": "string"
              },
              "target": {
                "type": "string"
              },
              "severity": {
                "type": "string",
                "enum": [
                  "ERROR",
                  "WARNING",
                  "INFO"
                ]
              }
            }
          }
        }
      },
      "OpenItemsupdaterequest": {
        "title": "Open Items update request",
        "type": "object",
        "properties": {
          "replacedPromiseToPayId": {
            "type": "string",
            "nullable": true,
            "maxLength": 12,
            "title": "lbl_replaced_promise_to_pay_id"
          },
          "isReplacedOpenItems": {
            "type": "boolean",
            "nullable": true
          },
          "isAllOpenItems": {
            "type": "boolean",
            "nullable": true
          },
          "isFilteredOpenItems": {
            "type": "boolean",
            "nullable": true
          },
          "deferralDate": {
            "type": "string",
            "format": "date",
            "nullable": true
          }
        }
      },
      "OpenItemsfile": {
        "title": "Open Items file",
        "type": "object",
        "properties": {
          "value": {
            "type": "object",
            "properties": {
              "businessPartnerId": {
                "type": "string",
                "nullable": true,
                "maxLength": 10,
                "title": "Business Partner ID"
              },
              "contractAccountId": {
                "type": "string",
                "nullable": true,
                "maxLength": 12,
                "title": "Contract Account ID"
              },
              "replacedPromiseToPayId": {
                "type": "string",
                "nullable": true,
                "maxLength": 12,
                "title": "lbl_replaced_promise_to_pay_id"
              },
              "isReplacedOpenItems": {
                "type": "boolean",
                "nullable": true
              },
              "isAllOpenItems": {
                "type": "boolean",
                "nullable": true
              },
              "isFilteredOpenItems": {
                "type": "boolean",
                "nullable": true
              },
              "maximumCount": {
                "type": "integer",
                "nullable": true,
                "format": "int32"
              },
              "createDateFrom": {
                "type": "string",
                "format": "date",
                "nullable": true
              },
              "createDateTo": {
                "type": "string",
                "format": "date",
                "nullable": true
              },
              "postingDateFrom": {
                "type": "string",
                "format": "date",
                "nullable": true
              },
              "postingDateTo": {
                "type": "string",
                "format": "date",
                "nullable": true
              },
              "dueDateFrom": {
                "type": "string",
                "format": "date",
                "nullable": true
              },
              "dueDateTo": {
                "type": "string",
                "format": "date",
                "nullable": true
              },
              "documentNumber": {
                "type": "string",
                "nullable": true,
                "maxLength": 12,
                "title": "Document Number"
              },
              "repetitionItem": {
                "type": "string",
                "nullable": true,
                "maxLength": 3,
                "title": "Repetition Item"
              },
              "itemNumber": {
                "type": "string",
                "nullable": true,
                "maxLength": 4,
                "title": "Item Number"
              },
              "subItem": {
                "type": "string",
                "nullable": true,
                "maxLength": 3,
                "title": "Sub Item"
              },
              "mainTransaction": {
                "type": "string",
                "nullable": true,
                "maxLength": 50,
                "title": "Transaction"
              },
              "subTransaction": {
                "type": "string",
                "nullable": true,
                "maxLength": 50,
                "title": "Sub Transaction"
              },
              "amount": {
                "type": "object",
                "properties": {
                  "content": {
                    "type": "number",
                    "nullable": true,
                    "format": "double"
                  },
                  "currencyCode": {
                    "type": "string",
                    "nullable": true,
                    "title": "Currency"
                  }
                }
              },
              "clearedAmount": {
                "type": "object",
                "properties": {
                  "content": {
                    "type": "number",
                    "nullable": true,
                    "format": "double"
                  },
                  "currencyCode": {
                    "type": "string",
                    "nullable": true,
                    "title": "Currency"
                  }
                }
              },
              "dueDate": {
                "type": "string",
                "format": "date",
                "nullable": true
              },
              "documentDate": {
                "type": "string",
                "format": "date",
                "nullable": true
              },
              "postingDate": {
                "type": "string",
                "format": "date",
                "nullable": true
              },
              "itemSelected": {
                "type": "string",
                "nullable": true,
                "maxLength": 1,
                "title": "Item Selected"
              },
              "clearingStatus": {
                "type": "string",
                "nullable": true,
                "maxLength": 1,
                "title": "Clearing Status"
              },
              "clearingStatusDescription": {
                "type": "string",
                "nullable": true,
                "title": "Clearing Status Description"
              },
              "lockedStatus": {
                "type": "boolean",
                "nullable": true
              },
              "dunningLevel": {
                "type": "string",
                "nullable": true,
                "maxLength": 2,
                "title": "Dunning Level"
              },
              "dunningText": {
                "type": "string",
                "nullable": true,
                "maxLength": 50,
                "title": "lbl_dunning_Text"
              },
              "dunningStep": {
                "type": "string",
                "nullable": true,
                "maxLength": 4,
                "title": "Dunning Step"
              },
              "stepName": {
                "type": "string",
                "nullable": true,
                "maxLength": 50,
                "title": "Name"
              },
              "clearingRestriction": {
                "type": "string",
                "nullable": true,
                "maxLength": 1,
                "title": "Clearing Restriction"
              },
              "daysPast": {
                "type": "string",
                "nullable": true,
                "maxLength": 6,
                "title": "Past Due Date"
              },
              "subDocumentNumber": {
                "type": "string",
                "nullable": true,
                "maxLength": 12,
                "title": "Document Number"
              },
              "deferralDate": {
                "type": "string",
                "format": "date",
                "nullable": true
              }
            }
          }
        }
      }
    }
  },
  "security": [
    {
      "basicAuthentication": []
    }
  ],
  "paths": {
    "/sap/c4c/api/v1/financials-integration-service/openItems": {
      "get": {
        "operationId": "queryfinancialsservice_openItems",
        "tags": [
          "OpenItems"
        ],
        "summary": "Retrieve invoice details for business partner and contract account",
        "description": "Specify query parameters to retrieve invoice details.",
        "parameters": [
          {
            "name": "$filter",
            "in": "query",
            "required": true,
            "schema": {
              "type": "string"
            },
            "examples": {
              "one": {
                "value": "businessPartnerId eq 7000004172 and contractAccountId eq 2025601",
                "summary": "Premise Open Items Details"
              }
            },
            "description": "Retrieve Open Items details for business partner and contract account"
          }
        ],
        "responses": {
          "200": {
            "description": "Retrieved open items details for business partner and contract account.",
            "content": {
              "application/json": {
                "schema": {
                  "allOf": [
                    {
                      "$ref": "#/components/schemas/OpenItemsqueryresponse"
                    },
                    {
                      "$ref": "#/components/schemas/info"
                    }
                  ]
                }
              }
            }
          },
          "401": {
            "description": "Unauthorized.\n\nThis error is caused when the request has not been applied because there are no valid authentication credentials for the target resource."
          },
          "403": {
            "description": "Forbidden.\n\nThis client error code indicates that the server understood the request but refuses to authorize it."
          },
          "500": {
            "description": "Internal Server Error.\n\nFailed to query open items details.",
            "content": {
              "application/json": {
                "schema": {
                  "$ref": "#/components/schemas/error"
                }
              }
            }
          }
        }
      }
    },
    "/sap/c4c/api/v1/financials-integration-service/openItems/{id}": {
      "put": {
        "operationId": "updatefinancialsservice_openItems",
        "tags": [
          "OpenItems"
        ],
        "summary": "Create or Update data",
        "parameters": [
          {
            "name": "id",
            "in": "path",
            "required": true,
            "schema": {
              "type": "string",
              "format": "uuid"
            }
          }
        ],
        "requestBody": {
          "content": {
            "application/json": {
              "schema": {
                "$ref": "#/components/schemas/OpenItemsupdaterequest"
              }
            }
          }
        },
        "responses": {
          "200": {
            "description": "200 OK",
            "content": {
              "application/json": {
                "schema": {
                  "$ref": "#/components/schemas/OpenItemsfile"
                }
              }
            }
          },
          "204": {
            "description": "204 NO_CONTENT"
          },
          "400": {
            "description": "400 BAD_REQUEST",
            "content": {
              "application/json": {
                "schema": {
                  "$ref": "#/components/schemas/error"
                }
              }
            }
          },
          "401": {
            "description": "401 UNAUTHORIZED"
          },
          "403": {
            "description": "403 FORBIDDEN"
          },
          "404": {
            "description": "404 NOT_FOUND"
          },
          "500": {
            "description": "500 INTERNAL_SERVER_ERROR",
            "content": {
              "application/json": {
                "schema": {
                  "$ref": "#/components/schemas/error"
                }
              }
            }
          }
        }
      }
    },
    "/sap/c4c/api/v1/financials-integration-service/openItems/{contractAccountId}": {
      "put": {
        "operationId": "putfinancialsservice_openItems/{contractAccountId}",
        "tags": [
          "OpenItems"
        ],
        "summary": "Update open items",
        "description": "Update the open items with deferral date",
        "parameters": [
          {
            "name": "contractAccountId",
            "in": "path",
            "required": true,
            "schema": {
              "type": "string"
            },
            "description": "Contract Account ID"
          }
        ],
        "requestBody": {
          "content": {
            "application/json": {
              "schema": {
                "$ref": "#/components/schemas/OpenItemsupdaterequest"
              },
              "examples": {
                "one": {
                  "value": {
                    "deferralDate": "2025-05-02",
                    "openItemsList": [
                      {
                        "businessPartnerId": "7000004760",
                        "contractAccountId": "000002043800",
                        "maximumCount": null,
                        "replacedPromiseToPayId": null,
                        "isReplacedOpenItems": null,
                        "isAllOpenItems": null,
                        "isFilteredOpenItems": null,
                        "createDateFrom": null,
                        "createDateTo": null,
                        "postingDateFrom": null,
                        "postingDateTo": null,
                        "dueDateFrom": null,
                        "dueDateTo": null,
                        "documentNumber": "000100009600",
                        "repetitionItem": "000",
                        "itemNumber": "0001",
                        "subItem": "000",
                        "mainTransaction": "Cash Security Deposits",
                        "subTransaction": "Cash deposit request",
                        "amount": {
                          "content": 120,
                          "currencyCode": "EUR"
                        },
                        "clearedAmount": {
                          "content": 0
                        },
                        "dueDate": "2025-01-21",
                        "documentDate": "2025-01-21",
                        "postingDate": "2025-01-21",
                        "itemSelected": "",
                        "clearingStatus": "",
                        "clearingStatusDescription": null,
                        "lockedStatus": false,
                        "dunningLevel": "00",
                        "dunningText": "",
                        "dunningStep": "",
                        "stepName": "",
                        "clearingRestriction": "",
                        "daysPast": "113",
                        "extensions": null,
                        "subDocumentNumber": "",
                        "deferralDate": "2025-05-02"
                      }
                    ],
                    "audit": {
                      "userName": "JINGERSOLL",
                      "logicalSystem": "C4C"
                    }
                  },
                  "summary": "Update the open item with deferral date"
                }
              }
            }
          }
        },
        "responses": {
          "200": {
            "description": "Open item updated successfully.",
            "content": {
              "application/json": {
                "schema": {
                  "allOf": [
                    {
                      "$ref": "#/components/schemas/OpenItemsfile"
                    },
                    {
                      "$ref": "#/components/schemas/info"
                    }
                  ]
                }
              }
            }
          },
          "400": {
            "description": "Bad Request.\n\nThe server cannot process the request due to a client error. For example, an invalid request.",
            "content": {
              "application/json": {
                "schema": {
                  "$ref": "#/components/schemas/error"
                }
              }
            }
          },
          "401": {
            "description": "Unauthorized.\n\nThis error is caused when the request has not been applied because there are no valid authentication credentials for the target resource."
          },
          "403": {
            "description": "Forbidden.\n\nThis client error code indicates that the server understood the request but refuses to authorize it."
          },
          "500": {
            "description": "Internal Server Error.\n\nFailed to update Move-In.",
            "content": {
              "application/json": {
                "schema": {
                  "$ref": "#/components/schemas/error"
                }
              }
            }
          }
        }
      }
    }
  },
  "x-sap-shortText": "Manage entities from Open Items service.",
  "x-sap-extensible": {
    "supported": "automatic",
    "description": "You can create extension fields in the Open Items Service API by following the steps mentioned in https://help.sap.com/docs/CX_NG_SVC/2c87cece32844c91836e535aef8f9642/d3bdfac0c6b141c0bac27408c3ed159f.html?locale=en-US. The newly created extensions will be available in the API request and response body."
  }
}