{
  "swagger": "2.0",
  "info": {
    "title": "Sales Order",
    "version": "1.0.0"
  },
  "host": "saleorders.sap.com",
  "basePath": "/",
  "tags": [
    {
      "name": "salesOrders"
    }
  ],
  "schemes": [
    "https"
  ],
  "paths": {
    "/salesOrders": {
      "get": {
        "tags": [
          "salesOrders"
        ],
        "produces": [
          "application/json"
        ],
        "parameters": [
          {
            "in": "body",
            "name": "salesOrdersFilter",
            "schema": {
              "$ref": "#/definitions/SalesOrdersFilterMsg"
            }
          }
        ],
        "responses": {
          "200": {
            "description": "Successful",
            "schema": {
              "$ref": "#/definitions/SalesOrdersResponseMessage"
            }
          },
          "400": {
            "description": "Invalid Parameters"
          }
        },
        "security": [
          {
            "api_key": []
          }
        ]
      }
    }
  },
  "securityDefinitions": {
    "api_key": {
      "type": "apiKey",
      "name": "api_key",
      "in": "header"
    }
  },
  "definitions": {
    "SalesOrdersFilterMsg": {
      "type": "object",
      "properties": {
        "messageHeader": {
          "type": "object",
          "properties": {
            "id": {
              "type": "string"
            }
          }
        },
        "messageRequests": {
          "type": "array",
          "items": {
            "type": "object",
            "properties": {
              "messageHeader": {
                "type": "object",
                "properties": {
                  "id": {
                    "type": "string"
                  }
                }
              },
              "body": {
                "type": "object",
                "properties": {
                  "bpid": {
                    "type": "string"
                  }
                }
              }
            }
          }
        }
      }
    },
    "SalesOrdersResponseMessage": {
      "type": "object",
      "properties": {
        "messageResponses": {
          "type": "array",
          "items": {
		    "type": "object",
            "properties": {
              "body": {
                "type": "object",
                "properties": {
                  "count": {
                    "type": "integer"
                  },
                  "noOfDays": {
                    "type": "integer"
                  },
                  "value": {
                    "type": "array",
                    "items": {
                      "type": "object",
                      "properties": {

                        "salesOrder": {
                          "type": "string"
                        },
                        "salesOrderType": {
                          "type": "string"
                        },
                        "salesOrganization": {
                          "type": "string"
                        },
                        "distributionChannel": {
                          "type": "string"
                        },
                        "organizationDivision": {
                          "type": "number"
                        },
                        "soldToParty": {
                          "type": "string"
                        },
                        "salesOrderDate": {
                          "type": "string"
                        },
                        "totalNetAmount": {
                          "type": "string"
                        },
                        "overallDeliveryStatus": {
                          "type": "string"
                        },
                        "transactionCurrency": {
                          "type": "string"
                        },
                        "pricingDate": {
                          "type": "string"
                        },
                        "overallSDProcessStatus": {
                          "type": "string"
                        }
                      }
                    }
                  }
                }
              }
            }
          }
        }
      }
    }
  }
}
