{
    "openapi": "3.0.3",
    "info": {
        "title": "Employee Inbound Replication",
        "version": "1.0.0",
        "description": "This API replicates employees from SAP SuccessFactors Employee Central to SAP Sales and Service Cloud Version 2."
    },
    "servers": [
        {
            "url": "https://{hostname}",
            "description": "Example of server url is https://my1234567.crm.cloud.sap",
            "variables": {
                "hostname": {
                    "default": ""
                }
            }
        }
    ],
    "components": {
        "securitySchemes": {
            "basicAuthentication": {
                "type": "http",
                "scheme": "basic"
            }
        },
        "schemas": {
            "error": {
                "type": "object",
                "properties": {
                    "error": {
                        "type": "object",
                        "properties": {
                            "code": {
                                "type": "string"
                            },
                            "details": {
                                "type": "array",
                                "items": {
                                    "type": "object",
                                    "properties": {
                                        "message": {
                                            "type": "string"
                                        },
                                        "code": {
                                            "type": "string"
                                        },
                                        "target": {
                                            "type": "string"
                                        }
                                    }
                                }
                            },
                            "message": {
                                "type": "string"
                            },
                            "target": {
                                "type": "string"
                            }
                        }
                    }
                }
            },
            "EmployeeInboundReplicationcreaterequest": {
                "title": "Employee Inbound Replication create request",
                "type": "object",
                "properties": {
                    "messageHeader": {
                        "type": "object",
                        "properties": {
                            "id": {
                                "type": "string",
                                "nullable": true,
                                "format": "uuid",
                                "title": "ID"
                            },
                            "senderCommunicationSystemDisplayId": {
                                "type": "string",
                                "nullable": true,
                                "title": "Sender Communication System Display ID"
                            },
                            "receiverCommunicationSystemDisplayId": {
                                "type": "string",
                                "nullable": true,
                                "title": "Receiver Communication System Display ID"
                            },
                            "creationDateTime": {
                                "type": "string",
                                "format": "date-time",
                                "nullable": true
                            }
                        }
                    },
                    "messageRequests": {
                        "type": "array",
                        "items": {
                            "type": "object",
                            "properties": {
                                "messageHeader": {
                                    "type": "object",
                                    "properties": {
                                        "id": {
                                            "type": "string",
                                            "nullable": true,
                                            "format": "uuid",
                                            "title": "ID"
                                        },
                                        "messageEntityName": {
                                            "type": "string",
                                            "nullable": true
                                        },
                                        "creationDateTime": {
                                            "type": "string",
                                            "format": "date-time",
                                            "nullable": true
                                        },
                                        "actionCode": {
                                            "type": "string",
                                            "nullable": true,
                                            "enum": [
                                                "CREATE",
                                                "DELETE",
                                                "SAVE",
                                                "QUERY"
                                            ],
                                            "title": "Action Code"
                                        },
                                        "referenceMessageRequestId": {
                                            "type": "string",
                                            "nullable": true,
                                            "title": "Reference Message Request ID"
                                        }
                                    }
                                },
                                "body": {
                                    "type": "object",
                                    "properties": {
                                        "displayId": {
                                            "type": "string",
                                            "nullable": true
                                        },
                                        "receiverDisplayId": {
                                            "type": "string",
                                            "nullable": true
                                        },
                                        "dateOfBirth": {
                                            "type": "string",
                                            "format": "date",
                                            "nullable": true
                                        },
                                        "employeeType": {
                                            "type": "array",
                                            "items": {
                                                "type": "object",
                                                "properties": {
                                                    "isInternalEmployee": {
                                                        "type": "boolean",
                                                        "nullable": true
                                                    },
                                                    "validFrom": {
                                                        "type": "string",
                                                        "format": "date",
                                                        "nullable": true
                                                    },
                                                    "validTo": {
                                                        "type": "string",
                                                        "format": "date",
                                                        "nullable": true
                                                    }
                                                }
                                            }
                                        },
                                        "employeeInformation": {
                                            "type": "array",
                                            "items": {
                                                "type": "object",
                                                "properties": {
                                                    "startDate": {
                                                        "type": "string",
                                                        "format": "date",
                                                        "nullable": true
                                                    },
                                                    "endDate": {
                                                        "type": "string",
                                                        "format": "date",
                                                        "nullable": true
                                                    },
                                                    "jobInformation": {
                                                        "type": "array",
                                                        "items": {
                                                            "type": "object",
                                                            "properties": {
                                                                "startDate": {
                                                                    "type": "string",
                                                                    "format": "date",
                                                                    "nullable": true
                                                                },
                                                                "endDate": {
                                                                    "type": "string",
                                                                    "format": "date",
                                                                    "nullable": true
                                                                },
                                                                "managerEmployeeDisplayId": {
                                                                    "type": "string",
                                                                    "nullable": true
                                                                }
                                                            }
                                                        }
                                                    }
                                                }
                                            }
                                        },
                                        "personalInfo": {
                                            "type": "array",
                                            "items": {
                                                "type": "object",
                                                "properties": {
                                                    "endDate": {
                                                        "type": "string",
                                                        "format": "date",
                                                        "nullable": true
                                                    },
                                                    "startDate": {
                                                        "type": "string",
                                                        "format": "date",
                                                        "nullable": true
                                                    },
                                                    "academicTitle": {
                                                        "type": "string",
                                                        "nullable": true
                                                    },
                                                    "formOfAddress": {
                                                        "type": "string",
                                                        "nullable": true
                                                    },
                                                    "gender": {
                                                        "type": "string",
                                                        "nullable": true
                                                    },
                                                    "country": {
                                                        "type": "string",
                                                        "nullable": true
                                                    },
                                                    "maritalStatus": {
                                                        "type": "string",
                                                        "nullable": true
                                                    },
                                                    "lastName": {
                                                        "type": "string",
                                                        "nullable": true
                                                    },
                                                    "firstName": {
                                                        "type": "string",
                                                        "nullable": true
                                                    },
                                                    "middleName": {
                                                        "type": "string",
                                                        "nullable": true
                                                    }
                                                }
                                            }
                                        },
																	 
															 
															
										  
                                        "email": {
                                            "type": "array",
                                            "items": {
                                                "type": "object",
                                                "properties": {
                                                    "uri": {
                                                        "type": "string",
                                                        "nullable": true
                                                    }
                                                }
                                            }
                                        },
                                        "telephone": {
                                            "type": "array",
                                            "items": {
                                                "type": "object",
                                                "properties": {
                                                    "phone": {
                                                        "type": "string",
                                                        "nullable": true
                                                    }
                                                }
                                            }
                                        },
                                        "address": {
                                            "type": "array",
                                            "items": {
                                                "type": "object",
                                                "properties": {
                                                    "addressType": {
                                                        "type": "string",
                                                        "nullable": true
                                                    },
                                                    "endDate": {
                                                        "type": "string",
                                                        "format": "date",
                                                        "nullable": true
                                                    },
                                                    "startDate": {
                                                        "type": "string",
                                                        "format": "date",
                                                        "nullable": true
                                                    },
                                                    "street": {
                                                        "type": "string",
                                                        "nullable": true
                                                    },
                                                    "houseId": {
                                                        "type": "string",
                                                        "nullable": true
                                                    },
                                                    "city": {
                                                        "type": "string",
                                                        "nullable": true
                                                    },
                                                    "postalCode": {
                                                        "type": "string",
                                                        "nullable": true
                                                    },
                                                    "country": {
                                                        "type": "string",
                                                        "nullable": true
                                                    },
                                                    "building": {
                                                        "type": "string",
                                                        "nullable": true
                                                    },
                                                    "floor": {
                                                        "type": "string",
                                                        "nullable": true
                                                    },
                                                    "room": {
                                                        "type": "string",
                                                        "nullable": true
                                                    }
                                                }
                                            }
                                        }
                                    }
                                }
                            }
                        }
                    }
                }
            },
            "EmployeeInboundReplicationfile": {
                "title": "Employee Inbound Replication file",
                "type": "object",
                "properties": {
                    "value": {
                        "type": "object",
                        "properties": {
                            "messageHeader": {
                                "type": "object",
                                "properties": {
                                    "id": {
                                        "type": "string",
                                        "nullable": true,
                                        "format": "uuid",
                                        "title": "ID"
                                    },
                                    "senderCommunicationSystemDisplayId": {
                                        "type": "string",
                                        "nullable": true,
                                        "title": "Sender Communication System Display ID"
                                    },
                                    "receiverCommunicationSystemDisplayId": {
                                        "type": "string",
                                        "nullable": true,
                                        "title": "Receiver Communication System Display ID"
                                    },
                                    "creationDateTime": {
                                        "type": "string",
                                        "format": "date-time",
                                        "nullable": true
                                    }
                                }
                            },
                            "messageRequests": {
                                "type": "array",
                                "items": {
                                    "type": "object",
                                    "properties": {
                                        "messageHeader": {
                                            "type": "object",
                                            "properties": {
                                                "id": {
                                                    "type": "string",
                                                    "nullable": true,
                                                    "format": "uuid",
                                                    "title": "ID"
                                                },
                                                "messageEntityName": {
                                                    "type": "string",
                                                    "nullable": true
                                                },
                                                "creationDateTime": {
                                                    "type": "string",
                                                    "format": "date-time",
                                                    "nullable": true
                                                },
                                                "actionCode": {
                                                    "type": "string",
                                                    "nullable": true,
                                                    "enum": [
                                                        "CREATE",
                                                        "DELETE",
                                                        "SAVE",
                                                        "QUERY"
                                                    ],
                                                    "title": "Action Code"
                                                },
                                                "referenceMessageRequestId": {
                                                    "type": "string",
                                                    "nullable": true,
                                                    "title": "Reference Message Request ID"
                                                }
                                            }
                                        },
                                        "body": {
                                            "type": "object",
                                            "properties": {
                                                "displayId": {
                                                    "type": "string",
                                                    "nullable": true
                                                },
                                                "receiverDisplayId": {
                                                    "type": "string",
                                                    "nullable": true
                                                },
                                                "dateOfBirth": {
                                                    "type": "string",
                                                    "format": "date",
                                                    "nullable": true
                                                },
                                                "employeeType": {
                                                    "type": "array",
                                                    "items": {
                                                        "type": "object",
                                                        "properties": {
                                                            "isInternalEmployee": {
                                                                "type": "boolean",
                                                                "nullable": true
                                                            },
                                                            "validFrom": {
                                                                "type": "string",
                                                                "format": "date",
                                                                "nullable": true
                                                            },
                                                            "validTo": {
                                                                "type": "string",
                                                                "format": "date",
                                                                "nullable": true
                                                            }
                                                        }
                                                    }
                                                },
                                                "employeeInformation": {
                                                    "type": "array",
                                                    "items": {
                                                        "type": "object",
                                                        "properties": {
                                                            "startDate": {
                                                                "type": "string",
                                                                "format": "date",
                                                                "nullable": true
                                                            },
                                                            "endDate": {
                                                                "type": "string",
                                                                "format": "date",
                                                                "nullable": true
                                                            },
                                                            "jobInformation": {
                                                                "type": "array",
                                                                "items": {
                                                                    "type": "object",
                                                                    "properties": {
                                                                        "startDate": {
                                                                            "type": "string",
                                                                            "format": "date",
                                                                            "nullable": true
                                                                        },
                                                                        "endDate": {
                                                                            "type": "string",
                                                                            "format": "date",
                                                                            "nullable": true
                                                                        },
                                                                        "managerEmployeeDisplayId": {
                                                                            "type": "string",
                                                                            "nullable": true
                                                                        }
                                                                    }
                                                                }
                                                            }
                                                        }
                                                    }
                                                },
                                                "personalInfo": {
                                                    "type": "array",
                                                    "items": {
                                                        "type": "object",
                                                        "properties": {
                                                            "endDate": {
                                                                "type": "string",
                                                                "format": "date",
                                                                "nullable": true
                                                            },
                                                            "startDate": {
                                                                "type": "string",
                                                                "format": "date",
                                                                "nullable": true
                                                            },
                                                            "academicTitle": {
                                                                "type": "string",
                                                                "nullable": true
                                                            },
                                                            "formOfAddress": {
                                                                "type": "string",
                                                                "nullable": true
                                                            },
                                                            "gender": {
                                                                "type": "string",
                                                                "nullable": true
                                                            },
                                                            "country": {
                                                                "type": "string",
                                                                "nullable": true
                                                            },
                                                            "maritalStatus": {
                                                                "type": "string",
                                                                "nullable": true
                                                            },
                                                            "lastName": {
                                                                "type": "string",
                                                                "nullable": true
                                                            },
                                                            "firstName": {
                                                                "type": "string",
                                                                "nullable": true
                                                            },
                                                            "middleName": {
                                                                "type": "string",
                                                                "nullable": true
                                                            }
                                                        }
                                                    }
                                                },
																			 
																	 
																	
												  
                                                "email": {
                                                    "type": "array",
                                                    "items": {
                                                        "type": "object",
                                                        "properties": {
                                                            "uri": {
                                                                "type": "string",
                                                                "nullable": true
                                                            }
                                                        }
                                                    }
                                                },
                                                "telephone": {
                                                    "type": "array",
                                                    "items": {
                                                        "type": "object",
                                                        "properties": {
                                                            "phone": {
                                                                "type": "string",
                                                                "nullable": true
                                                            }
                                                        }
                                                    }
                                                },
                                                "address": {
                                                    "type": "array",
                                                    "items": {
                                                        "type": "object",
                                                        "properties": {
                                                            "addressType": {
                                                                "type": "string",
                                                                "nullable": true
                                                            },
                                                            "endDate": {
                                                                "type": "string",
                                                                "format": "date",
                                                                "nullable": true
                                                            },
                                                            "startDate": {
                                                                "type": "string",
                                                                "format": "date",
                                                                "nullable": true
                                                            },
                                                            "street": {
                                                                "type": "string",
                                                                "nullable": true
                                                            },
                                                            "houseId": {
                                                                "type": "string",
                                                                "nullable": true
                                                            },
                                                            "city": {
                                                                "type": "string",
                                                                "nullable": true
                                                            },
                                                            "postalCode": {
                                                                "type": "string",
                                                                "nullable": true
                                                            },
                                                            "country": {
                                                                "type": "string",
                                                                "nullable": true
                                                            },
                                                            "building": {
                                                                "type": "string",
                                                                "nullable": true
                                                            },
                                                            "floor": {
                                                                "type": "string",
                                                                "nullable": true
                                                            },
                                                            "room": {
                                                                "type": "string",
                                                                "nullable": true
                                                            }
                                                        }
                                                    }
                                                }
                                            }
                                        }
                                    }
                                }
                            }
                        }
                    }
                }
            }
        }
    },
    "security": [
        {
            "basicAuthentication": [
            ]
        }
    ],
    "paths": {
        "/sap/c4c/api/v1/inbound-data-connector-service/messages/sap.crm.md.integrationmetadataservice.entity.employeeECReplicationMessageIn": {
            "post": {
                "operationId": "createmd.integrationmetadataservice_employeeECReplicationIn",
                "tags": [
                    "EmployeeECReplicationIn"
                ],
                "summary": "Create data",
                "parameters": [
                ],
                "requestBody": {
                    "content": {
                        "application/json": {
                            "schema": {
                                "$ref": "#/components/schemas/EmployeeInboundReplicationcreaterequest"
                            }
                        }
                    }
                },
                "responses": {
                    "201": {
                        "description": "201 CREATED",
                        "content": {
                            "application/json": {
                                "schema": {
                                    "$ref": "#/components/schemas/EmployeeInboundReplicationfile"
                                }
                            }
                        }
                    },
                    "400": {
                        "description": "400 BAD_REQUEST",
                        "content": {
                            "application/json": {
                                "schema": {
                                    "$ref": "#/components/schemas/error"
                                }
                            }
                        }
                    },
                    "401": {
                        "description": "401 UNAUTHORIZED"
                    },
                    "403": {
                        "description": "403 FORBIDDEN"
                    },
                    "404": {
                        "description": "404 NOT_FOUND"
                    },
                    "500": {
                        "description": "500 INTERNAL_SERVER_ERROR",
                        "content": {
                            "application/json": {
                                "schema": {
                                    "$ref": "#/components/schemas/error"
                                }
                            }
                        }
                    }
                }
            }
        }
    },
    "x-sap-shortText": "Manage entities from Employee Inbound Replication service."
}