<?xml version='1.0' encoding='UTF-8'?>
<edmx:Edmx xmlns:edmx="http://schemas.microsoft.com/ado/2007/06/edmx" Version="1.0">
    <edmx:DataServices m:DataServiceVersion="1.0" xmlns:m="http://schemas.microsoft.com/ado/2007/08/dataservices/metadata">
        <Schema Namespace="HybrisCommerceOData" xmlns="http://schemas.microsoft.com/ado/2008/09/edm">
            <EntityType Name="ProductDiscountGroup">
                <Key>
                    <PropertyRef Name="code"/>
                </Key>
                <Property Name="code" Type="Edm.String" IsUnique="true" Nullable="false"/>
            </EntityType>
            <EntityType Name="VariantType">
                <Key>
                    <PropertyRef Name="code"/>
                </Key>
                <Property Name="code" Type="Edm.String" IsUnique="true" Nullable="false"/>
            </EntityType>
            <EntityType Name="Product">
                <Key>
                    <PropertyRef Name="code"/>
                </Key>
                <Property Name="code" Type="Edm.String" IsUnique="true" Nullable="false"/>
                <Property Name="name" Type="Edm.String" IsLanguageDependent="true" Nullable="true"/>
                <Property Name="sapBaseUnitConversion" Type="Edm.Double" Nullable="true"/>
                <Property Name="sapBlocked" Type="Edm.Boolean" Nullable="true"/>
                <Property Name="sapEAN" Type="Edm.String" Nullable="true"/>
                <Property Name="sapBlockedDate" Type="Edm.DateTime" Nullable="true"/>
                <Property Name="sapConfigurable" Type="Edm.Boolean" Nullable="true"/>
                <NavigationProperty Name="Europe1PriceFactory_PPG" Relationship="HybrisCommerceOData.FK_Product_ProductPriceGroup" FromRole="Product" ToRole="ProductPriceGroup" Nullable="true"/>
                <NavigationProperty Name="unit" Relationship="HybrisCommerceOData.FK_Product_Unit" FromRole="Product" ToRole="Unit" Nullable="true"/>
                <NavigationProperty Name="Europe1PriceFactory_PTG" Relationship="HybrisCommerceOData.FK_Product_ProductTaxGroup" FromRole="Product" ToRole="ProductTaxGroup" Nullable="true"/>
                <NavigationProperty Name="catalogVersion" Relationship="HybrisCommerceOData.FK_Product_CatalogVersion" FromRole="Product" ToRole="CatalogVersion" IsUnique="true" Nullable="false"/>
                <NavigationProperty Name="Europe1PriceFactory_PDG" Relationship="HybrisCommerceOData.FK_Product_ProductDiscountGroup" FromRole="Product" ToRole="ProductDiscountGroup" Nullable="true"/>
                <NavigationProperty Name="variantType" Relationship="HybrisCommerceOData.FK_Product_VariantType" FromRole="Product" ToRole="VariantType" Nullable="true"/>
            </EntityType>
            <EntityType Name="StockLevel">
                <Key>
                    <PropertyRef Name="productCode"/>
                </Key>
                <Property Name="available" Type="Edm.Int32" Nullable="true"/>
                <Property Name="productCode" Type="Edm.String" IsUnique="true" Nullable="false"/>
                <Property Name="maxPreOrder" Type="Edm.Int32" Nullable="true"/>
                <NavigationProperty Name="warehouse" Relationship="HybrisCommerceOData.FK_StockLevel_Warehouse" FromRole="StockLevel" ToRole="Warehouse" IsUnique="true" Nullable="false"/>
            </EntityType>
            <EntityType Name="ProductPriceGroup">
                <Key>
                    <PropertyRef Name="code"/>
                </Key>
                <Property Name="code" Type="Edm.String" IsUnique="true" Nullable="false"/>
            </EntityType>
            <EntityType Name="Warehouse">
                <Key>
                    <PropertyRef Name="code"/>
                </Key>
                <Property Name="name" Type="Edm.String" IsLanguageDependent="true" Nullable="true"/>
                <Property Name="code" Type="Edm.String" IsUnique="true" Nullable="false"/>
                <NavigationProperty Name="vendor" Relationship="HybrisCommerceOData.FK_Warehouse_Vendor" FromRole="Warehouse" ToRole="Vendor" Nullable="false"/>
            </EntityType>
            <EntityType Name="Unit">
                <Key>
                    <PropertyRef Name="code"/>
                </Key>
                <Property Name="unitType" Type="Edm.String" Nullable="false"/>
                <Property Name="code" Type="Edm.String" IsUnique="true" Nullable="false"/>
                <Property Name="name" Type="Edm.String" IsLanguageDependent="true" Nullable="true"/>
            </EntityType>
            <EntityType Name="Catalog">
                <Key>
                    <PropertyRef Name="id"/>
                </Key>
                <Property Name="id" Type="Edm.String" IsUnique="true" Nullable="false"/>
            </EntityType>
            <EntityType Name="CatalogVersion">
                <Key>
                    <PropertyRef Name="version"/>
                </Key>
                <Property Name="version" Type="Edm.String" IsUnique="true" Nullable="false"/>
                <Property Name="active" Type="Edm.Boolean" Nullable="true"/>
                <NavigationProperty Name="catalog" Relationship="HybrisCommerceOData.FK_CatalogVersion_Catalog" FromRole="CatalogVersion" ToRole="Catalog" IsUnique="true" Nullable="false"/>
            </EntityType>
            <EntityType Name="Vendor">
                <Key>
                    <PropertyRef Name="code"/>
                </Key>
                <Property Name="code" Type="Edm.String" IsUnique="true" Nullable="false"/>
            </EntityType>
            <EntityType Name="ProductTaxGroup">
                <Key>
                    <PropertyRef Name="code"/>
                </Key>
                <Property Name="code" Type="Edm.String" IsUnique="true" Nullable="false"/>
            </EntityType>
            <Association Name="FK_Product_ProductPriceGroup">
                <End Type="HybrisCommerceOData.Product" Multiplicity="0..1" Role="Product"/>
                <End Type="HybrisCommerceOData.ProductPriceGroup" Multiplicity="0..1" Role="ProductPriceGroup"/>
            </Association>
            <Association Name="FK_Product_Unit">
                <End Type="HybrisCommerceOData.Product" Multiplicity="0..1" Role="Product"/>
                <End Type="HybrisCommerceOData.Unit" Multiplicity="0..1" Role="Unit"/>
            </Association>
            <Association Name="FK_Product_ProductTaxGroup">
                <End Type="HybrisCommerceOData.Product" Multiplicity="0..1" Role="Product"/>
                <End Type="HybrisCommerceOData.ProductTaxGroup" Multiplicity="0..1" Role="ProductTaxGroup"/>
            </Association>
            <Association Name="FK_Product_CatalogVersion">
                <End Type="HybrisCommerceOData.Product" Multiplicity="0..1" Role="Product"/>
                <End Type="HybrisCommerceOData.CatalogVersion" Multiplicity="0..1" Role="CatalogVersion"/>
            </Association>
            <Association Name="FK_Product_ProductDiscountGroup">
                <End Type="HybrisCommerceOData.Product" Multiplicity="0..1" Role="Product"/>
                <End Type="HybrisCommerceOData.ProductDiscountGroup" Multiplicity="0..1" Role="ProductDiscountGroup"/>
            </Association>
            <Association Name="FK_Product_VariantType">
                <End Type="HybrisCommerceOData.Product" Multiplicity="0..1" Role="Product"/>
                <End Type="HybrisCommerceOData.VariantType" Multiplicity="0..1" Role="VariantType"/>
            </Association>
            <Association Name="FK_StockLevel_Warehouse">
                <End Type="HybrisCommerceOData.StockLevel" Multiplicity="0..1" Role="StockLevel"/>
                <End Type="HybrisCommerceOData.Warehouse" Multiplicity="0..1" Role="Warehouse"/>
            </Association>
            <Association Name="FK_Warehouse_Vendor">
                <End Type="HybrisCommerceOData.Warehouse" Multiplicity="0..1" Role="Warehouse"/>
                <End Type="HybrisCommerceOData.Vendor" Multiplicity="0..1" Role="Vendor"/>
            </Association>
            <Association Name="FK_CatalogVersion_Catalog">
                <End Type="HybrisCommerceOData.CatalogVersion" Multiplicity="0..1" Role="CatalogVersion"/>
                <End Type="HybrisCommerceOData.Catalog" Multiplicity="0..1" Role="Catalog"/>
            </Association>
            <EntityContainer Name="Container" m:IsDefaultEntityContainer="true">
                <EntitySet Name="ProductDiscountGroups" EntityType="HybrisCommerceOData.ProductDiscountGroup"/>
                <EntitySet Name="VariantTypes" EntityType="HybrisCommerceOData.VariantType"/>
                <EntitySet Name="Products" EntityType="HybrisCommerceOData.Product"/>
                <EntitySet Name="StockLevels" EntityType="HybrisCommerceOData.StockLevel"/>
                <EntitySet Name="ProductPriceGroups" EntityType="HybrisCommerceOData.ProductPriceGroup"/>
                <EntitySet Name="Warehouses" EntityType="HybrisCommerceOData.Warehouse"/>
                <EntitySet Name="Units" EntityType="HybrisCommerceOData.Unit"/>
                <EntitySet Name="Catalogs" EntityType="HybrisCommerceOData.Catalog"/>
                <EntitySet Name="CatalogVersions" EntityType="HybrisCommerceOData.CatalogVersion"/>
                <EntitySet Name="Vendors" EntityType="HybrisCommerceOData.Vendor"/>
                <EntitySet Name="ProductTaxGroups" EntityType="HybrisCommerceOData.ProductTaxGroup"/>
                <AssociationSet Name="Product_ProductPriceGroups" Association="HybrisCommerceOData.FK_Product_ProductPriceGroup">
                    <End EntitySet="Products" Role="Product"/>
                    <End EntitySet="ProductPriceGroups" Role="ProductPriceGroup"/>
                </AssociationSet>
                <AssociationSet Name="Product_Units" Association="HybrisCommerceOData.FK_Product_Unit">
                    <End EntitySet="Products" Role="Product"/>
                    <End EntitySet="Units" Role="Unit"/>
                </AssociationSet>
                <AssociationSet Name="Product_ProductTaxGroups" Association="HybrisCommerceOData.FK_Product_ProductTaxGroup">
                    <End EntitySet="Products" Role="Product"/>
                    <End EntitySet="ProductTaxGroups" Role="ProductTaxGroup"/>
                </AssociationSet>
                <AssociationSet Name="Product_CatalogVersions" Association="HybrisCommerceOData.FK_Product_CatalogVersion">
                    <End EntitySet="Products" Role="Product"/>
                    <End EntitySet="CatalogVersions" Role="CatalogVersion"/>
                </AssociationSet>
                <AssociationSet Name="Product_ProductDiscountGroups" Association="HybrisCommerceOData.FK_Product_ProductDiscountGroup">
                    <End EntitySet="Products" Role="Product"/>
                    <End EntitySet="ProductDiscountGroups" Role="ProductDiscountGroup"/>
                </AssociationSet>
                <AssociationSet Name="Product_VariantTypes" Association="HybrisCommerceOData.FK_Product_VariantType">
                    <End EntitySet="Products" Role="Product"/>
                    <End EntitySet="VariantTypes" Role="VariantType"/>
                </AssociationSet>
                <AssociationSet Name="StockLevel_Warehouses" Association="HybrisCommerceOData.FK_StockLevel_Warehouse">
                    <End EntitySet="StockLevels" Role="StockLevel"/>
                    <End EntitySet="Warehouses" Role="Warehouse"/>
                </AssociationSet>
                <AssociationSet Name="Warehouse_Vendors" Association="HybrisCommerceOData.FK_Warehouse_Vendor">
                    <End EntitySet="Warehouses" Role="Warehouse"/>
                    <End EntitySet="Vendors" Role="Vendor"/>
                </AssociationSet>
                <AssociationSet Name="CatalogVersion_Catalogs" Association="HybrisCommerceOData.FK_CatalogVersion_Catalog">
                    <End EntitySet="CatalogVersions" Role="CatalogVersion"/>
                    <End EntitySet="Catalogs" Role="Catalog"/>
                </AssociationSet>
            </EntityContainer>
        </Schema>
    </edmx:DataServices>
</edmx:Edmx>