{
	"openapi": "3.0.3",
	"info": {
		"title": "One Time Payment Service",
		"version": "1.0.0",
		"description": "One Time Payment \n\nUse this API to do an one Time Payment"
	},
	"servers": [
		{
			"url": "https://{hostname}",
			"description": "Example of server url is https://my1234567.crm.cloud.sap",
			"variables": {
				"hostname": {
					"default": ""
				}
			}
		}
	],
	"components": {
		"securitySchemes": {
			"basicAuthentication": {
				"type": "http",
				"scheme": "basic"
			}
		},
		"schemas": {
			"error": {
				"type": "object",
				"properties": {
					"error": {
						"type": "object",
						"properties": {
							"code": {
								"type": "string"
							},
							"details": {
								"type": "array",
								"items": {
									"type": "object",
									"properties": {
										"message": {
											"type": "string"
										},
										"code": {
											"type": "string"
										},
										"target": {
											"type": "string"
										}
									}
								}
							},
							"message": {
								"type": "string"
							},
							"target": {
								"type": "string"
							}
						}
					}
				}
			},
			"OneTimePaymentcreaterequest": {
				"title": "One Time Payment create request",
				"type": "object",
				"properties": {
					"bankId": {
						"type": "string",
						"nullable": true,
						"maxLength": 4,
						"title": "lbl_bankId"
					},
					"payAmount": {
						"type": "object",
						"properties": {
							"content": {
								"type": "number",
								"nullable": true,
								"format": "double"
							},
							"currencyCode": {
								"type": "string",
								"nullable": true,
								"title": "Currency"
							}
						}
					},
					"calledByService": {
						"type": "string",
						"nullable": true,
						"maxLength": 3,
						"title": "lbl_calledByService"
					},
					"contractAccount": {
						"type": "string",
						"nullable": true,
						"maxLength": 12,
						"title": "Contract Account"
					},
					"partnerKey": {
						"type": "string",
						"nullable": true,
						"maxLength": 12,
						"title": "lbl_partnerkey"
					},
					"paymentDate": {
						"type": "string",
						"format": "date",
						"nullable": true
					},
					"audit": {
						"type": "object",
						"properties": {
							"userId": {
								"type": "string",
								"nullable": true,
								"title": "User ID"
							},
							"businessSystemId": {
								"type": "string",
								"nullable": true,
								"title": "Business System ID"
							}
						}
					}
				}
			},
			"OneTimePaymentfile": {
				"title": "One Time Payment file",
				"type": "object",
				"properties": {
					"value": {
						"type": "object",
						"properties": {
							"bankId": {
								"type": "string",
								"nullable": true,
								"maxLength": 4,
								"title": "lbl_bankId"
							},
							"payAmount": {
								"type": "object",
								"properties": {
									"content": {
										"type": "number",
										"nullable": true,
										"format": "double"
									},
									"currencyCode": {
										"type": "string",
										"nullable": true,
										"title": "Currency"
									}
								}
							},
							"calledByService": {
								"type": "string",
								"nullable": true,
								"maxLength": 3,
								"title": "lbl_calledByService"
							},
							"contractAccount": {
								"type": "string",
								"nullable": true,
								"maxLength": 12,
								"title": "Contract Account"
							},
							"partnerKey": {
								"type": "string",
								"nullable": true,
								"maxLength": 12,
								"title": "lbl_partnerkey"
							},
							"paymentDate": {
								"type": "string",
								"format": "date",
								"nullable": true
							},
							"audit": {
								"type": "object",
								"properties": {
									"userId": {
										"type": "string",
										"nullable": true,
										"title": "User ID"
									},
									"businessSystemId": {
										"type": "string",
										"nullable": true,
										"title": "Business System ID"
									}
								}
							}
						}
					}
				}
			},
			"info": {
				"type": "object",
				"properties": {
					"info": {
						"type": "object",
						"properties": {
							"code": {
								"type": "string"
							},
							"details": {
								"type": "array",
								"items": {
									"type": "object",
									"properties": {
										"message": {
											"type": "string"
										},
										"target": {
											"type": "string"
										},
										"code": {
											"type": "string"
										},
										"severity": {
											"type": "string",
											"enum": [
												"ERROR",
												"WARNING",
												"INFO"
											]
										}
									}
								}
							},
							"message": {
								"type": "string"
							},
							"target": {
								"type": "string"
							},
							"severity": {
								"type": "string",
								"enum": [
									"ERROR",
									"WARNING",
									"INFO"
								]
							}
						}
					}
				}
			}
		}
	},
	"security": [
		{
			"basicAuthentication": []
		}
	],
	"paths": {
		"/sap/c4c/api/v1/financials-integration-service/oneTimePayment": {
			"post": {
				"operationId": "createfinancialsservice_oneTimePayment",
				"tags": [
					"OneTimePayment"
				],
				"summary": "One Time Payment",
				"description": "One Time Payment",
				"parameters": [],
				"requestBody": {
					"content": {
						"application/json": {
							"schema": {
								"$ref": "#/components/schemas/OneTimePaymentcreaterequest"
							},
							"examples": {
								"one": {
									"value": {
										"partnerKey": "007000003122",
										"contractAccount": "1843001",
										"bankId": "0002",
										"calledByService": "EXT",
										"payAmount": {
											"content": 30,
											"currencyCode": "EUR"
										}
									},
									"summary": "One Time Payment"
								}
							}
						}
					}
				},
				"responses": {
					"201": {
						"description": "One Time Payment Created",
						"content": {
							"application/json": {
								"schema": {
									"allOf": [
										{
											"$ref": "#/components/schemas/OneTimePaymentfile"
										},
										{
											"$ref": "#/components/schemas/info"
										}
									]
								}
							}
						}
					},
					"400": {
						"description": "Bad Request.\n\nThe server cannot process the request due to a client error. For example, an invalid request.",
						"content": {
							"application/json": {
								"schema": {
									"$ref": "#/components/schemas/error"
								}
							}
						}
					},
					"401": {
						"description": "Unauthorized.\n\nThis error is caused when the request has not been applied because there are no valid authentication credentials for the target resource."
					},
					"403": {
						"description": "Forbidden.\n\nThis client error code indicates that the server understood the request but refuses to authorize it."
					},
					"500": {
						"description": "Internal Server Error.\n\nFailed to perform One Time Payment.",
						"content": {
							"application/json": {
								"schema": {
									"$ref": "#/components/schemas/error"
								}
							}
						}
					}
				}
			}
		}
	},
	"x-sap-shortText": "Manage entities from One Time Payment service.",
	"x-sap-extensible": {
		"supported": "automatic",
		"description": "You can create extension fields in the One Time Payment Service API by following the steps mentioned in https://help.sap.com/docs/CX_NG_SVC/2c87cece32844c91836e535aef8f9642/d3bdfac0c6b141c0bac27408c3ed159f.html?locale=en-US. The newly created extensions will be available in the API request and response body."
	}
}