{
	"openapi": "3.0.3",
	"info": {
		"title": "Get Contract Account Value Service",
		"version": "1.0.0",
		"description": "Contract Account \n\nUse this API to get default Contract Account values"
	},
	"servers": [
		{
			"url": "https://{hostname}",
			"description": "Example of server url is https://my1234567.crm.cloud.sap",
			"variables": {
				"hostname": {
					"default": ""
				}
			}
		}
	],
	"components": {
		"securitySchemes": {
			"basicAuthentication": {
				"type": "http",
				"scheme": "basic"
			}
		},
		"schemas": {
			"error": {
				"type": "object",
				"properties": {
					"error": {
						"type": "object",
						"properties": {
							"code": {
								"type": "string"
							},
							"details": {
								"type": "array",
								"items": {
									"type": "object",
									"properties": {
										"message": {
											"type": "string"
										},
										"code": {
											"type": "string"
										},
										"target": {
											"type": "string"
										}
									}
								}
							},
							"message": {
								"type": "string"
							},
							"target": {
								"type": "string"
							}
						}
					}
				}
			},
			"GetContractAccountValuequeryresponse": {
				"title": "Get Contract Account Value query response",
				"type": "object",
				"properties": {
					"count": {
						"type": "integer",
						"format": "int32"
					},
					"value": {
						"type": "object",
						"items": {
							"type": "object",
							"properties": {
								"contractAccountId": {
									"type": "string",
									"nullable": true,
									"title": "Contract Account ID"
								},
								"contactAccountName": {
									"type": "string",
									"nullable": true,
									"title": "Contract Account Name"
								},
								"dunningProcedure": {
									"type": "string",
									"nullable": true,
									"title": "Dunning Procedure"
								},
								"accountDeterminationId": {
									"type": "string",
									"nullable": true,
									"title": "Account Determination ID"
								},
								"accountClass": {
									"type": "string",
									"nullable": true,
									"title": "Account Class"
								},
								"category": {
									"type": "string",
									"nullable": true,
									"title": "Contract Account Category"
								},
								"toleranceGroup": {
									"type": "string",
									"nullable": true,
									"title": "Tolerance Group"
								},
								"paymentTerm": {
									"type": "string",
									"nullable": true,
									"title": "Payment Terms"
								},
								"invoiceDeliveryMethod": {
									"type": "string",
									"nullable": true,
									"title": "Invoice Delivery Method"
								},
								"fixedAddressId": {
									"type": "string",
									"nullable": true,
									"title": "Fixed Address ID"
								},
								"fixedFormattedAddress": {
									"type": "string",
									"nullable": true,
									"title": "Fixed Formatted Address"
								}
							}
						}
					}
				}
			},
			"info": {
				"type": "object",
				"properties": {
					"info": {
						"type": "object",
						"properties": {
							"code": {
								"type": "string"
							},
							"details": {
								"type": "array",
								"items": {
									"type": "object",
									"properties": {
										"message": {
											"type": "string"
										},
										"target": {
											"type": "string"
										},
										"code": {
											"type": "string"
										},
										"severity": {
											"type": "string",
											"enum": [
												"ERROR",
												"WARNING",
												"INFO"
											]
										}
									}
								}
							},
							"message": {
								"type": "string"
							},
							"target": {
								"type": "string"
							},
							"severity": {
								"type": "string",
								"enum": [
									"ERROR",
									"WARNING",
									"INFO"
								]
							}
						}
					}
				}
			}
		}
	},
	"security": [
		{
			"basicAuthentication": []
		}
	],
	"paths": {
		"/sap/c4c/api/v1/move-integration-service/defaultContractAccount": {
			"get": {
				"operationId": "querymoveintegrationservice_defaultContractAccount",
				"tags": [
					"DefaultContractAccount"
				],
				"summary": "get Default contract account values",
				"description": "Get Default contract account values",
				"parameters": [
					{
						"name": "$filter",
						"in": "query",
						"required": true,
						"schema": {
							"type": "string"
						},
						"examples": {
							"one": {
								"value": "contractAccountId eq 193330",
								"summary": "get Default contract account values referenced by contractAccountId"
							}
						},
						"description": "get Default contract account values"
					}
				],
				"responses": {
					"200": {
						"description": "get Default contract account values",
						"content": {
							"application/json": {
								"schema": {
									"allOf": [
										{
											"$ref": "#/components/schemas/GetContractAccountValuequeryresponse"
										},
										{
											"$ref": "#/components/schemas/info"
										}
									]
								}
							}
						}
					},
					"400": {
						"description": "Bad Request.\n\nThe server cannot process the request due to a client error. For example, an invalid request.",
						"content": {
							"application/json": {
								"schema": {
									"$ref": "#/components/schemas/error"
								}
							}
						}
					},
					"401": {
						"description": "Unauthorized.\n\nThis error is caused when the request has not been applied because there are no valid authentication credentials for the target resource."
					},
					"403": {
						"description": "Forbidden.\n\nThis client error code indicates that the server understood the request but refuses to authorize it."
					},
					"500": {
						"description": "Internal Server Error.\n\nFailed to get Contract account values.",
						"content": {
							"application/json": {
								"schema": {
									"$ref": "#/components/schemas/error"
								}
							}
						}
					}
				}
			}
		}
	},
	"x-sap-shortText": "Manage entities from Get Contract Account Value service.",
	"x-sap-extensible": {
		"supported": "automatic",
		"description": "You can create extension fields in the Get Contract Account Value Service API by following the steps mentioned in https://help.sap.com/docs/CX_NG_SVC/2c87cece32844c91836e535aef8f9642/d3bdfac0c6b141c0bac27408c3ed159f.html?locale=en-US. The newly created extensions will be available in the API request and response body."
	}
}