<?xml version="1.0" encoding="utf-8"?><edmx:Edmx Version="4.0" xmlns:edmx="http://docs.oasis-open.org/odata/ns/edmx" xmlns="http://docs.oasis-open.org/odata/ns/edm"><edmx:Reference Uri="/sap/opu/odata/IWFND/CATALOGSERVICE;v=2/Vocabularies(TechnicalName='%2FIWBEP%2FVOC_COMMUNICATION',Version='0001',SAP__Origin='LOCAL')/$value"><edmx:Include Namespace="com.sap.vocabularies.Communication.v1" Alias="Communication"/></edmx:Reference><edmx:Reference Uri="/sap/opu/odata/IWFND/CATALOGSERVICE;v=2/Vocabularies(TechnicalName='%2FIWBEP%2FVOC_PERSONALDATA',Version='0001',SAP__Origin='LOCAL')/$value"><edmx:Include Namespace="com.sap.vocabularies.PersonalData.v1" Alias="PersonalData"/></edmx:Reference><edmx:Reference Uri="/sap/opu/odata/IWFND/CATALOGSERVICE;v=2/Vocabularies(TechnicalName='%2FIWBEP%2FVOC_ANALYTICS',Version='0001',SAP__Origin='LOCAL')/$value"><edmx:Include Namespace="com.sap.vocabularies.Analytics.v1" Alias="Analytics"/></edmx:Reference><edmx:Reference Uri="/sap/opu/odata/IWFND/CATALOGSERVICE;v=2/Vocabularies(TechnicalName='%2FIWBEP%2FVOC_SESSION',Version='0001',SAP__Origin='LOCAL')/$value"><edmx:Include Namespace="com.sap.vocabularies.Session.v1" Alias="Session"/><edmx:Include Namespace="com.sap.vocabularies.Session.v1" Alias="SAP__session"/></edmx:Reference><edmx:Reference Uri="/sap/opu/odata/IWFND/CATALOGSERVICE;v=2/Vocabularies(TechnicalName='%2FIWBEP%2FVOC_COMMON',Version='0001',SAP__Origin='LOCAL')/$value"><edmx:Include Namespace="com.sap.vocabularies.Common.v1" Alias="SAP__common"/></edmx:Reference><edmx:Reference Uri="/sap/opu/odata/IWFND/CATALOGSERVICE;v=2/Vocabularies(TechnicalName='%2FIWBEP%2FVOC_MEASURES',Version='0001',SAP__Origin='LOCAL')/$value"><edmx:Include Namespace="Org.OData.Measures.V1" Alias="SAP__measures"/></edmx:Reference><edmx:Reference Uri="/sap/opu/odata/IWFND/CATALOGSERVICE;v=2/Vocabularies(TechnicalName='%2FIWBEP%2FVOC_CORE',Version='0001',SAP__Origin='LOCAL')/$value"><edmx:Include Namespace="Org.OData.Core.V1" Alias="SAP__core"/></edmx:Reference><edmx:Reference Uri="/sap/opu/odata/IWFND/CATALOGSERVICE;v=2/Vocabularies(TechnicalName='%2FIWBEP%2FVOC_CAPABILITIES',Version='0001',SAP__Origin='LOCAL')/$value"><edmx:Include Namespace="Org.OData.Capabilities.V1" Alias="SAP__capabilities"/></edmx:Reference><edmx:Reference Uri="/sap/opu/odata/IWFND/CATALOGSERVICE;v=2/Vocabularies(TechnicalName='%2FIWBEP%2FVOC_AGGREGATION',Version='0001',SAP__Origin='LOCAL')/$value"><edmx:Include Namespace="Org.OData.Aggregation.V1" Alias="SAP__aggregation"/></edmx:Reference><edmx:Reference Uri="/sap/opu/odata/IWFND/CATALOGSERVICE;v=2/Vocabularies(TechnicalName='%2FIWBEP%2FVOC_VALIDATION',Version='0001',SAP__Origin='LOCAL')/$value"><edmx:Include Namespace="Org.OData.Validation.V1" Alias="SAP__validation"/></edmx:Reference><edmx:Reference Uri="/sap/opu/odata/IWFND/CATALOGSERVICE;v=2/Vocabularies(TechnicalName='%2FIWBEP%2FVOC_CODELIST',Version='0001',SAP__Origin='LOCAL')/$value"><edmx:Include Namespace="com.sap.vocabularies.CodeList.v1" Alias="SAP__CodeList"/></edmx:Reference><edmx:Reference Uri="/sap/opu/odata/IWFND/CATALOGSERVICE;v=2/Vocabularies(TechnicalName='%2FIWBEP%2FVOC_UI',Version='0001',SAP__Origin='LOCAL')/$value"><edmx:Include Namespace="com.sap.vocabularies.UI.v1" Alias="SAP__UI"/></edmx:Reference><edmx:Reference Uri="/sap/opu/odata/IWFND/CATALOGSERVICE;v=2/Vocabularies(TechnicalName='%2FIWBEP%2FVOC_HTML5',Version='0001',SAP__Origin='LOCAL')/$value"><edmx:Include Namespace="com.sap.vocabularies.HTML5.v1" Alias="SAP__HTML5"/></edmx:Reference><edmx:Reference Uri="/sap/opu/odata/IWFND/CATALOGSERVICE;v=2/Vocabularies(TechnicalName='%2FIWBEP%2FVOC_PDF',Version='0001',SAP__Origin='LOCAL')/$value"><edmx:Include Namespace="com.sap.vocabularies.PDF.v1" Alias="SAP__PDF"/></edmx:Reference><edmx:Reference Uri="/sap/opu/odata/IWFND/CATALOGSERVICE;v=2/Vocabularies(TechnicalName='%2FIWBEP%2FVOC_HIERARCHY',Version='0001',SAP__Origin='LOCAL')/$value"><edmx:Include Namespace="com.sap.vocabularies.Hierarchy.v1" Alias="SAP__hierarchy"/></edmx:Reference><edmx:DataServices><Schema Namespace="com.sap.gateway.srvd_a2x.api_product_availy_info.v0001" Alias="SAP__self"><Annotation Term="SAP__core.SchemaVersion" String="1.1.0"/><EntityType Name="ATPRlvtProductStorLoc_Type"><Key><PropertyRef Name="Product"/><PropertyRef Name="StorageLocation"/><PropertyRef Name="MRPArea"/></Key><Property Name="Product" Type="Edm.String" Nullable="false" MaxLength="18"/><Property Name="StorageLocation" Type="Edm.String" Nullable="false" MaxLength="4"/><Property Name="MRPArea" Type="Edm.String" Nullable="false" MaxLength="10"/><Property Name="SAP__Messages" Type="Collection(com.sap.gateway.srvd_a2x.api_product_availy_info.v0001.SAP__Message)" Nullable="false"/></EntityType><EntityType Name="ATPRlvtProductMRPAreaBatch_Type"><Key><PropertyRef Name="Product"/><PropertyRef Name="MRPArea"/><PropertyRef Name="Batch"/></Key><Property Name="Product" Type="Edm.String" Nullable="false" MaxLength="18"/><Property Name="MRPArea" Type="Edm.String" Nullable="false" MaxLength="10"/><Property Name="Batch" Type="Edm.String" Nullable="false" MaxLength="10"/><Property Name="SAP__Messages" Type="Collection(com.sap.gateway.srvd_a2x.api_product_availy_info.v0001.SAP__Message)" Nullable="false"/></EntityType><EntityType Name="ATPRlvtProductMRPArea_Type"><Key><PropertyRef Name="Product"/><PropertyRef Name="MRPArea"/></Key><Property Name="Product" Type="Edm.String" Nullable="false" MaxLength="18"/><Property Name="MRPArea" Type="Edm.String" Nullable="false" MaxLength="10"/><Property Name="SAP__Messages" Type="Collection(com.sap.gateway.srvd_a2x.api_product_availy_info.v0001.SAP__Message)" Nullable="false"/></EntityType><ComplexType Name="D_AvailyDetmAvailyOfQtyR"><Property Name="ProdAvailyTmeZnIANACode" Type="Edm.String" Nullable="false" MaxLength="4"/><Property Name="ProductAvailabilityTimeZone" Type="Edm.String" Nullable="false" MaxLength="6"/><Property Name="ProductAvailabilityUTCDateTime" Type="Edm.DateTimeOffset"/></ComplexType><ComplexType Name="D_DetmAvailyCharcValueP"><Property Name="CharcCatalogCharacteristicName" Type="Edm.String" Nullable="false" MaxLength="70"/><Property Name="CharcCatalogCharcValue" Type="Edm.String" Nullable="false" MaxLength="40"/></ComplexType><ComplexType Name="D_AvailyDetmAvailyTmeSersR"><Property Name="AvailableQuantityInBaseUnit" Type="Edm.Decimal" Nullable="false" Precision="15" Scale="3"/><Property Name="BaseUnit" Type="Edm.String" Nullable="false" MaxLength="3"/><Property Name="BaseUnitISOCode" Type="Edm.String" Nullable="false" MaxLength="3"/><Property Name="ProdAvailyPerdEndTimeZone" Type="Edm.String" Nullable="false" MaxLength="6"/><Property Name="ProdAvailyPerdEndTmznIANACode" Type="Edm.String" Nullable="false" MaxLength="4"/><Property Name="ProdAvailyPerdEndUTCDteTme" Type="Edm.DateTimeOffset"/><Property Name="ProdAvailyPerdStrtTimeZone" Type="Edm.String" Nullable="false" MaxLength="6"/><Property Name="ProdAvailyPerdStrtTmznIANACode" Type="Edm.String" Nullable="false" MaxLength="4"/><Property Name="ProdAvailyPerdStrtUTCDteTme" Type="Edm.DateTimeOffset"/></ComplexType><ComplexType Name="D_DetmAvailyDocAttributeP"><Property Name="ATPRelevantDocumentPurpose" Type="Edm.String" Nullable="false" MaxLength="4"/><Property Name="_Characteristics" Type="Collection(com.sap.gateway.srvd_a2x.api_product_availy_info.v0001.D_DetmAvailyCharcValueP)" Nullable="false"/></ComplexType><ComplexType Name="D_AvailyDetmAvailyAtDteTmeR"><Property Name="AvailableQuantityInBaseUnit" Type="Edm.Decimal" Nullable="false" Precision="15" Scale="3"/><Property Name="BaseUnit" Type="Edm.String" Nullable="false" MaxLength="3"/><Property Name="BaseUnitISOCode" Type="Edm.String" Nullable="false" MaxLength="3"/></ComplexType><ComplexType Name="SAP__Message"><Property Name="code" Type="Edm.String" Nullable="false"/><Property Name="message" Type="Edm.String" Nullable="false"/><Property Name="target" Type="Edm.String"/><Property Name="additionalTargets" Type="Collection(Edm.String)" Nullable="false"/><Property Name="transition" Type="Edm.Boolean" Nullable="false"/><Property Name="numericSeverity" Type="Edm.Byte" Nullable="false"/><Property Name="longtextUrl" Type="Edm.String"/></ComplexType><Action Name="DetermineAvailabilityAtDateTme" IsBound="true"><Parameter Name="_it" Type="com.sap.gateway.srvd_a2x.api_product_availy_info.v0001.ATPRlvtProductStorLoc_Type" Nullable="false"/><Parameter Name="ATPCheckingRule" Type="Edm.String" Nullable="false" MaxLength="2"/><Parameter Name="ProductAvailabilityUTCDateTime" Type="Edm.DateTimeOffset" Nullable="true"/><Parameter Name="_DocumentAttributes" Type="com.sap.gateway.srvd_a2x.api_product_availy_info.v0001.D_DetmAvailyDocAttributeP" Nullable="false"/><ReturnType Type="com.sap.gateway.srvd_a2x.api_product_availy_info.v0001.D_AvailyDetmAvailyAtDteTmeR" Nullable="true"/></Action><Action Name="DetermineAvailabilityAtDateTme" IsBound="true"><Parameter Name="_it" Type="com.sap.gateway.srvd_a2x.api_product_availy_info.v0001.ATPRlvtProductMRPAreaBatch_Type" Nullable="false"/><Parameter Name="ATPCheckingRule" Type="Edm.String" Nullable="false" MaxLength="2"/><Parameter Name="ProductAvailabilityUTCDateTime" Type="Edm.DateTimeOffset" Nullable="true"/><Parameter Name="_DocumentAttributes" Type="com.sap.gateway.srvd_a2x.api_product_availy_info.v0001.D_DetmAvailyDocAttributeP" Nullable="false"/><ReturnType Type="com.sap.gateway.srvd_a2x.api_product_availy_info.v0001.D_AvailyDetmAvailyAtDteTmeR" Nullable="true"/></Action><Action Name="DetermineAvailabilityAtDateTme" IsBound="true"><Parameter Name="_it" Type="com.sap.gateway.srvd_a2x.api_product_availy_info.v0001.ATPRlvtProductMRPArea_Type" Nullable="false"/><Parameter Name="ATPCheckingRule" Type="Edm.String" Nullable="false" MaxLength="2"/><Parameter Name="ProductAvailabilityUTCDateTime" Type="Edm.DateTimeOffset" Nullable="true"/><Parameter Name="_DocumentAttributes" Type="com.sap.gateway.srvd_a2x.api_product_availy_info.v0001.D_DetmAvailyDocAttributeP" Nullable="false"/><ReturnType Type="com.sap.gateway.srvd_a2x.api_product_availy_info.v0001.D_AvailyDetmAvailyAtDteTmeR" Nullable="true"/></Action><Action Name="DetmAvailabilityTimeSeries" IsBound="true"><Parameter Name="_it" Type="com.sap.gateway.srvd_a2x.api_product_availy_info.v0001.ATPRlvtProductMRPAreaBatch_Type" Nullable="false"/><Parameter Name="ATPCheckingRule" Type="Edm.String" Nullable="false" MaxLength="2"/><Parameter Name="_DocumentAttributes" Type="com.sap.gateway.srvd_a2x.api_product_availy_info.v0001.D_DetmAvailyDocAttributeP" Nullable="false"/><ReturnType Type="Collection(com.sap.gateway.srvd_a2x.api_product_availy_info.v0001.D_AvailyDetmAvailyTmeSersR)" Nullable="true"/></Action><Action Name="DetermineAvailabilityOfQty" IsBound="true"><Parameter Name="_it" Type="com.sap.gateway.srvd_a2x.api_product_availy_info.v0001.ATPRlvtProductMRPArea_Type" Nullable="false"/><Parameter Name="ATPCheckingRule" Type="Edm.String" Nullable="false" MaxLength="2"/><Parameter Name="AvailableQuantityInBaseUnit" Type="Edm.Decimal" Nullable="false" Precision="15" Scale="3"/><Parameter Name="BaseUnit" Type="Edm.String" Nullable="false" MaxLength="3"/><Parameter Name="_DocumentAttributes" Type="com.sap.gateway.srvd_a2x.api_product_availy_info.v0001.D_DetmAvailyDocAttributeP" Nullable="false"/><ReturnType Type="com.sap.gateway.srvd_a2x.api_product_availy_info.v0001.D_AvailyDetmAvailyOfQtyR" Nullable="true"/></Action><Action Name="DetermineAvailabilityOfQty" IsBound="true"><Parameter Name="_it" Type="com.sap.gateway.srvd_a2x.api_product_availy_info.v0001.ATPRlvtProductMRPAreaBatch_Type" Nullable="false"/><Parameter Name="ATPCheckingRule" Type="Edm.String" Nullable="false" MaxLength="2"/><Parameter Name="AvailableQuantityInBaseUnit" Type="Edm.Decimal" Nullable="false" Precision="15" Scale="3"/><Parameter Name="BaseUnit" Type="Edm.String" Nullable="false" MaxLength="3"/><Parameter Name="_DocumentAttributes" Type="com.sap.gateway.srvd_a2x.api_product_availy_info.v0001.D_DetmAvailyDocAttributeP" Nullable="false"/><ReturnType Type="com.sap.gateway.srvd_a2x.api_product_availy_info.v0001.D_AvailyDetmAvailyOfQtyR" Nullable="true"/></Action><Action Name="DetmAvailabilityTimeSeries" IsBound="true"><Parameter Name="_it" Type="com.sap.gateway.srvd_a2x.api_product_availy_info.v0001.ATPRlvtProductMRPArea_Type" Nullable="false"/><Parameter Name="ATPCheckingRule" Type="Edm.String" Nullable="false" MaxLength="2"/><Parameter Name="_DocumentAttributes" Type="com.sap.gateway.srvd_a2x.api_product_availy_info.v0001.D_DetmAvailyDocAttributeP" Nullable="false"/><ReturnType Type="Collection(com.sap.gateway.srvd_a2x.api_product_availy_info.v0001.D_AvailyDetmAvailyTmeSersR)" Nullable="true"/></Action><Action Name="DetermineAvailabilityOfQty" IsBound="true"><Parameter Name="_it" Type="com.sap.gateway.srvd_a2x.api_product_availy_info.v0001.ATPRlvtProductStorLoc_Type" Nullable="false"/><Parameter Name="ATPCheckingRule" Type="Edm.String" Nullable="false" MaxLength="2"/><Parameter Name="AvailableQuantityInBaseUnit" Type="Edm.Decimal" Nullable="false" Precision="15" Scale="3"/><Parameter Name="BaseUnit" Type="Edm.String" Nullable="false" MaxLength="3"/><Parameter Name="_DocumentAttributes" Type="com.sap.gateway.srvd_a2x.api_product_availy_info.v0001.D_DetmAvailyDocAttributeP" Nullable="false"/><ReturnType Type="com.sap.gateway.srvd_a2x.api_product_availy_info.v0001.D_AvailyDetmAvailyOfQtyR" Nullable="true"/></Action><Action Name="DetmAvailabilityTimeSeries" IsBound="true"><Parameter Name="_it" Type="com.sap.gateway.srvd_a2x.api_product_availy_info.v0001.ATPRlvtProductStorLoc_Type" Nullable="false"/><Parameter Name="ATPCheckingRule" Type="Edm.String" Nullable="false" MaxLength="2"/><Parameter Name="_DocumentAttributes" Type="com.sap.gateway.srvd_a2x.api_product_availy_info.v0001.D_DetmAvailyDocAttributeP" Nullable="false"/><ReturnType Type="Collection(com.sap.gateway.srvd_a2x.api_product_availy_info.v0001.D_AvailyDetmAvailyTmeSersR)" Nullable="true"/></Action><EntityContainer Name="Container"><EntitySet Name="ProductMRPArea" EntityType="com.sap.gateway.srvd_a2x.api_product_availy_info.v0001.ATPRlvtProductMRPArea_Type"/><EntitySet Name="ProductMRPAreaBatch" EntityType="com.sap.gateway.srvd_a2x.api_product_availy_info.v0001.ATPRlvtProductMRPAreaBatch_Type"/><EntitySet Name="ProductStorageLocation" EntityType="com.sap.gateway.srvd_a2x.api_product_availy_info.v0001.ATPRlvtProductStorLoc_Type"/></EntityContainer><Annotations Target="SAP__self.D_AvailyDetmAvailyTmeSersR/AvailableQuantityInBaseUnit"><Annotation Term="SAP__measures.Unit" Path="BaseUnit"/></Annotations><Annotations Target="SAP__self.D_AvailyDetmAvailyAtDteTmeR/AvailableQuantityInBaseUnit"><Annotation Term="SAP__measures.Unit" Path="BaseUnit"/></Annotations><Annotations Target="SAP__self.ATPRlvtProductStorLoc_Type/Product"><Annotation Term="SAP__common.IsUpperCase"/><Annotation Term="SAP__common.Label" String="Product"/><Annotation Term="SAP__common.QuickInfo" String="Product Number"/></Annotations><Annotations Target="SAP__self.ATPRlvtProductStorLoc_Type/StorageLocation"><Annotation Term="SAP__common.IsUpperCase"/><Annotation Term="SAP__common.Label" String="Storage Location"/><Annotation Term="SAP__common.Heading" String="St.loc"/><Annotation Term="SAP__common.QuickInfo" String="MRP Area Location"/></Annotations><Annotations Target="SAP__self.ATPRlvtProductStorLoc_Type/MRPArea"><Annotation Term="SAP__common.IsUpperCase"/><Annotation Term="SAP__common.Label" String="MRP Area"/></Annotations><Annotations Target="SAP__self.DetermineAvailabilityAtDateTme(SAP__self.ATPRlvtProductStorLoc_Type)/ATPCheckingRule"><Annotation Term="SAP__common.FieldControl" EnumMember="SAP__common.FieldControlType/Mandatory"/><Annotation Term="SAP__common.Label" String="Checking rule"/><Annotation Term="SAP__common.Heading" String="ChR"/><Annotation Term="SAP__common.QuickInfo" String="Checking rule for the availability check"/></Annotations><Annotations Target="SAP__self.DetermineAvailabilityAtDateTme(SAP__self.ATPRlvtProductStorLoc_Type)/ProductAvailabilityUTCDateTime"><Annotation Term="SAP__common.FieldControl" EnumMember="SAP__common.FieldControlType/Mandatory"/><Annotation Term="SAP__common.Label" String="Short Time Stamp"/><Annotation Term="SAP__common.Heading" String="Short Form of Time Stamp"/><Annotation Term="SAP__common.QuickInfo" String="UTC Time Stamp in Short Form (YYYYMMDDhhmmss)"/></Annotations><Annotations Target="SAP__self.DetermineAvailabilityOfQty(SAP__self.ATPRlvtProductStorLoc_Type)/ATPCheckingRule"><Annotation Term="SAP__common.FieldControl" EnumMember="SAP__common.FieldControlType/Mandatory"/><Annotation Term="SAP__common.Label" String="Checking rule"/><Annotation Term="SAP__common.Heading" String="ChR"/><Annotation Term="SAP__common.QuickInfo" String="Checking rule for the availability check"/></Annotations><Annotations Target="SAP__self.DetermineAvailabilityOfQty(SAP__self.ATPRlvtProductStorLoc_Type)/AvailableQuantityInBaseUnit"><Annotation Term="SAP__common.FieldControl" EnumMember="SAP__common.FieldControlType/Mandatory"/><Annotation Term="SAP__common.Label" String="Open Quantity"/><Annotation Term="SAP__common.QuickInfo" String="Open Qty in Stockkeeping Units for Transfer of Reqmts to MRP"/></Annotations><Annotations Target="SAP__self.DetermineAvailabilityOfQty(SAP__self.ATPRlvtProductStorLoc_Type)/BaseUnit"><Annotation Term="SAP__common.FieldControl" EnumMember="SAP__common.FieldControlType/Mandatory"/><Annotation Term="SAP__common.Label" String="Unit"/></Annotations><Annotations Target="SAP__self.DetmAvailabilityTimeSeries(SAP__self.ATPRlvtProductStorLoc_Type)/ATPCheckingRule"><Annotation Term="SAP__common.FieldControl" EnumMember="SAP__common.FieldControlType/Mandatory"/><Annotation Term="SAP__common.Label" String="Checking rule"/><Annotation Term="SAP__common.Heading" String="ChR"/><Annotation Term="SAP__common.QuickInfo" String="Checking rule for the availability check"/></Annotations><Annotations Target="SAP__self.ATPRlvtProductStorLoc_Type"><Annotation Term="SAP__common.Label" String="Product Availability per StorLoc"/><Annotation Term="SAP__common.Messages" Path="SAP__Messages"/></Annotations><Annotations Target="SAP__self.Container/ProductStorageLocation"><Annotation Term="SAP__capabilities.SearchRestrictions"><Record><PropertyValue Property="Searchable" Bool="false"/></Record></Annotation><Annotation Term="SAP__capabilities.InsertRestrictions"><Record><PropertyValue Property="Insertable" Bool="false"/></Record></Annotation><Annotation Term="SAP__capabilities.DeleteRestrictions"><Record><PropertyValue Property="Deletable" Bool="false"/></Record></Annotation><Annotation Term="SAP__capabilities.UpdateRestrictions"><Record><PropertyValue Property="Updatable" Bool="false"/><PropertyValue Property="QueryOptions"><Record><PropertyValue Property="SelectSupported" Bool="true"/></Record></PropertyValue></Record></Annotation><Annotation Term="SAP__core.OptimisticConcurrency"><Collection/></Annotation><Annotation Term="SAP__capabilities.FilterRestrictions"><Record><PropertyValue Property="FilterExpressionRestrictions"><Collection><Record><PropertyValue Property="Property" PropertyPath="StorageLocation"/><PropertyValue Property="AllowedExpressions" String="MultiValue"/></Record><Record><PropertyValue Property="Property" PropertyPath="MRPArea"/><PropertyValue Property="AllowedExpressions" String="MultiValue"/></Record></Collection></PropertyValue></Record></Annotation></Annotations><Annotations Target="SAP__self.ATPRlvtProductMRPAreaBatch_Type/Product"><Annotation Term="SAP__common.IsUpperCase"/><Annotation Term="SAP__common.Label" String="Product"/><Annotation Term="SAP__common.QuickInfo" String="Product Number"/></Annotations><Annotations Target="SAP__self.ATPRlvtProductMRPAreaBatch_Type/MRPArea"><Annotation Term="SAP__common.IsUpperCase"/><Annotation Term="SAP__common.Label" String="MRP Area"/></Annotations><Annotations Target="SAP__self.ATPRlvtProductMRPAreaBatch_Type/Batch"><Annotation Term="SAP__common.IsUpperCase"/><Annotation Term="SAP__common.Label" String="Batch"/><Annotation Term="SAP__common.QuickInfo" String="Batch Number"/></Annotations><Annotations Target="SAP__self.DetermineAvailabilityAtDateTme(SAP__self.ATPRlvtProductMRPAreaBatch_Type)/ATPCheckingRule"><Annotation Term="SAP__common.FieldControl" EnumMember="SAP__common.FieldControlType/Mandatory"/><Annotation Term="SAP__common.Label" String="Checking rule"/><Annotation Term="SAP__common.Heading" String="ChR"/><Annotation Term="SAP__common.QuickInfo" String="Checking rule for the availability check"/></Annotations><Annotations Target="SAP__self.DetermineAvailabilityAtDateTme(SAP__self.ATPRlvtProductMRPAreaBatch_Type)/ProductAvailabilityUTCDateTime"><Annotation Term="SAP__common.FieldControl" EnumMember="SAP__common.FieldControlType/Mandatory"/><Annotation Term="SAP__common.Label" String="Short Time Stamp"/><Annotation Term="SAP__common.Heading" String="Short Form of Time Stamp"/><Annotation Term="SAP__common.QuickInfo" String="UTC Time Stamp in Short Form (YYYYMMDDhhmmss)"/></Annotations><Annotations Target="SAP__self.DetmAvailabilityTimeSeries(SAP__self.ATPRlvtProductMRPAreaBatch_Type)/ATPCheckingRule"><Annotation Term="SAP__common.FieldControl" EnumMember="SAP__common.FieldControlType/Mandatory"/><Annotation Term="SAP__common.Label" String="Checking rule"/><Annotation Term="SAP__common.Heading" String="ChR"/><Annotation Term="SAP__common.QuickInfo" String="Checking rule for the availability check"/></Annotations><Annotations Target="SAP__self.DetermineAvailabilityOfQty(SAP__self.ATPRlvtProductMRPAreaBatch_Type)/ATPCheckingRule"><Annotation Term="SAP__common.FieldControl" EnumMember="SAP__common.FieldControlType/Mandatory"/><Annotation Term="SAP__common.Label" String="Checking rule"/><Annotation Term="SAP__common.Heading" String="ChR"/><Annotation Term="SAP__common.QuickInfo" String="Checking rule for the availability check"/></Annotations><Annotations Target="SAP__self.DetermineAvailabilityOfQty(SAP__self.ATPRlvtProductMRPAreaBatch_Type)/AvailableQuantityInBaseUnit"><Annotation Term="SAP__common.FieldControl" EnumMember="SAP__common.FieldControlType/Mandatory"/><Annotation Term="SAP__common.Label" String="Open Quantity"/><Annotation Term="SAP__common.QuickInfo" String="Open Qty in Stockkeeping Units for Transfer of Reqmts to MRP"/></Annotations><Annotations Target="SAP__self.DetermineAvailabilityOfQty(SAP__self.ATPRlvtProductMRPAreaBatch_Type)/BaseUnit"><Annotation Term="SAP__common.FieldControl" EnumMember="SAP__common.FieldControlType/Mandatory"/><Annotation Term="SAP__common.Label" String="Unit"/></Annotations><Annotations Target="SAP__self.ATPRlvtProductMRPAreaBatch_Type"><Annotation Term="SAP__common.Label" String="Product Availability per Batch"/><Annotation Term="SAP__common.Messages" Path="SAP__Messages"/></Annotations><Annotations Target="SAP__self.Container/ProductMRPAreaBatch"><Annotation Term="SAP__capabilities.SearchRestrictions"><Record><PropertyValue Property="Searchable" Bool="false"/></Record></Annotation><Annotation Term="SAP__capabilities.InsertRestrictions"><Record><PropertyValue Property="Insertable" Bool="false"/></Record></Annotation><Annotation Term="SAP__capabilities.DeleteRestrictions"><Record><PropertyValue Property="Deletable" Bool="false"/></Record></Annotation><Annotation Term="SAP__capabilities.UpdateRestrictions"><Record><PropertyValue Property="Updatable" Bool="false"/><PropertyValue Property="QueryOptions"><Record><PropertyValue Property="SelectSupported" Bool="true"/></Record></PropertyValue></Record></Annotation><Annotation Term="SAP__core.OptimisticConcurrency"><Collection/></Annotation><Annotation Term="SAP__capabilities.FilterRestrictions"><Record><PropertyValue Property="FilterExpressionRestrictions"><Collection><Record><PropertyValue Property="Property" PropertyPath="MRPArea"/><PropertyValue Property="AllowedExpressions" String="MultiValue"/></Record><Record><PropertyValue Property="Property" PropertyPath="Batch"/><PropertyValue Property="AllowedExpressions" String="MultiValue"/></Record></Collection></PropertyValue></Record></Annotation></Annotations><Annotations Target="SAP__self.ATPRlvtProductMRPArea_Type/Product"><Annotation Term="SAP__common.IsUpperCase"/><Annotation Term="SAP__common.Label" String="Product"/><Annotation Term="SAP__common.QuickInfo" String="Product Number"/></Annotations><Annotations Target="SAP__self.ATPRlvtProductMRPArea_Type/MRPArea"><Annotation Term="SAP__common.IsUpperCase"/><Annotation Term="SAP__common.Label" String="MRP Area"/></Annotations><Annotations Target="SAP__self.DetermineAvailabilityAtDateTme(SAP__self.ATPRlvtProductMRPArea_Type)/ATPCheckingRule"><Annotation Term="SAP__common.FieldControl" EnumMember="SAP__common.FieldControlType/Mandatory"/><Annotation Term="SAP__common.Label" String="Checking rule"/><Annotation Term="SAP__common.Heading" String="ChR"/><Annotation Term="SAP__common.QuickInfo" String="Checking rule for the availability check"/></Annotations><Annotations Target="SAP__self.DetermineAvailabilityAtDateTme(SAP__self.ATPRlvtProductMRPArea_Type)/ProductAvailabilityUTCDateTime"><Annotation Term="SAP__common.FieldControl" EnumMember="SAP__common.FieldControlType/Mandatory"/><Annotation Term="SAP__common.Label" String="Short Time Stamp"/><Annotation Term="SAP__common.Heading" String="Short Form of Time Stamp"/><Annotation Term="SAP__common.QuickInfo" String="UTC Time Stamp in Short Form (YYYYMMDDhhmmss)"/></Annotations><Annotations Target="SAP__self.DetermineAvailabilityOfQty(SAP__self.ATPRlvtProductMRPArea_Type)/ATPCheckingRule"><Annotation Term="SAP__common.FieldControl" EnumMember="SAP__common.FieldControlType/Mandatory"/><Annotation Term="SAP__common.Label" String="Checking rule"/><Annotation Term="SAP__common.Heading" String="ChR"/><Annotation Term="SAP__common.QuickInfo" String="Checking rule for the availability check"/></Annotations><Annotations Target="SAP__self.DetermineAvailabilityOfQty(SAP__self.ATPRlvtProductMRPArea_Type)/AvailableQuantityInBaseUnit"><Annotation Term="SAP__common.FieldControl" EnumMember="SAP__common.FieldControlType/Mandatory"/><Annotation Term="SAP__common.Label" String="Open Quantity"/><Annotation Term="SAP__common.QuickInfo" String="Open Qty in Stockkeeping Units for Transfer of Reqmts to MRP"/></Annotations><Annotations Target="SAP__self.DetermineAvailabilityOfQty(SAP__self.ATPRlvtProductMRPArea_Type)/BaseUnit"><Annotation Term="SAP__common.FieldControl" EnumMember="SAP__common.FieldControlType/Mandatory"/><Annotation Term="SAP__common.Label" String="Unit"/></Annotations><Annotations Target="SAP__self.DetmAvailabilityTimeSeries(SAP__self.ATPRlvtProductMRPArea_Type)/ATPCheckingRule"><Annotation Term="SAP__common.FieldControl" EnumMember="SAP__common.FieldControlType/Mandatory"/><Annotation Term="SAP__common.Label" String="Checking rule"/><Annotation Term="SAP__common.Heading" String="ChR"/><Annotation Term="SAP__common.QuickInfo" String="Checking rule for the availability check"/></Annotations><Annotations Target="SAP__self.ATPRlvtProductMRPArea_Type"><Annotation Term="SAP__common.Label" String="Product Availability per MRP Area"/><Annotation Term="SAP__common.Messages" Path="SAP__Messages"/></Annotations><Annotations Target="SAP__self.Container/ProductMRPArea"><Annotation Term="SAP__capabilities.SearchRestrictions"><Record><PropertyValue Property="Searchable" Bool="false"/></Record></Annotation><Annotation Term="SAP__capabilities.InsertRestrictions"><Record><PropertyValue Property="Insertable" Bool="false"/></Record></Annotation><Annotation Term="SAP__capabilities.DeleteRestrictions"><Record><PropertyValue Property="Deletable" Bool="false"/></Record></Annotation><Annotation Term="SAP__capabilities.UpdateRestrictions"><Record><PropertyValue Property="Updatable" Bool="false"/><PropertyValue Property="QueryOptions"><Record><PropertyValue Property="SelectSupported" Bool="true"/></Record></PropertyValue></Record></Annotation><Annotation Term="SAP__core.OptimisticConcurrency"><Collection/></Annotation><Annotation Term="SAP__capabilities.FilterRestrictions"><Record><PropertyValue Property="FilterExpressionRestrictions"><Collection><Record><PropertyValue Property="Property" PropertyPath="MRPArea"/><PropertyValue Property="AllowedExpressions" String="MultiValue"/></Record></Collection></PropertyValue></Record></Annotation></Annotations><Annotations Target="SAP__self.Container"><Annotation Term="SAP__aggregation.ApplySupported"><Record><PropertyValue Property="Transformations"><Collection><String>aggregate</String><String>groupby</String><String>filter</String></Collection></PropertyValue><PropertyValue Property="Rollup" EnumMember="SAP__aggregation.RollupType/None"/></Record></Annotation><Annotation Term="SAP__common.ApplyMultiUnitBehaviorForSortingAndFiltering" Bool="true"/><Annotation Term="SAP__capabilities.FilterFunctions"><Collection><String>eq</String><String>ne</String><String>gt</String><String>ge</String><String>lt</String><String>le</String><String>and</String><String>or</String><String>contains</String><String>startswith</String><String>endswith</String><String>any</String><String>all</String></Collection></Annotation><Annotation Term="SAP__capabilities.SupportedFormats"><Collection><String>application/json</String><String>application/pdf</String></Collection></Annotation><Annotation Term="SAP__PDF.Features"><Record><PropertyValue Property="DocumentDescriptionReference" String="../../../../default/iwbep/common/0001/$metadata"/><PropertyValue Property="DocumentDescriptionCollection" String="MyDocumentDescriptions"/><PropertyValue Property="ArchiveFormat" Bool="true"/><PropertyValue Property="Border" Bool="true"/><PropertyValue Property="CoverPage" Bool="true"/><PropertyValue Property="FitToPage" Bool="true"/><PropertyValue Property="FontName" Bool="true"/><PropertyValue Property="FontSize" Bool="true"/><PropertyValue Property="Margin" Bool="true"/><PropertyValue Property="Signature" Bool="true"/><PropertyValue Property="ResultSizeDefault" Int="20000"/><PropertyValue Property="ResultSizeMaximum" Int="20000"/></Record></Annotation><Annotation Term="SAP__capabilities.KeyAsSegmentSupported"/><Annotation Term="SAP__capabilities.AsynchronousRequestsSupported"/></Annotations><Annotations Target="SAP__self.DetermineAvailabilityOfQty(SAP__self.ATPRlvtProductMRPArea_Type)"><Annotation Term="Communication.Contact"><Record/></Annotation></Annotations><Annotations Target="SAP__self.DetermineAvailabilityAtDateTme(SAP__self.ATPRlvtProductStorLoc_Type)/_DocumentAttributes"><Annotation Term="SAP__core.OptionalParameter"/></Annotations><Annotations Target="SAP__self.DetermineAvailabilityAtDateTme(SAP__self.ATPRlvtProductMRPAreaBatch_Type)/_DocumentAttributes"><Annotation Term="SAP__core.OptionalParameter"/></Annotations><Annotations Target="SAP__self.DetermineAvailabilityAtDateTme(SAP__self.ATPRlvtProductMRPArea_Type)/_DocumentAttributes"><Annotation Term="SAP__core.OptionalParameter"/></Annotations><Annotations Target="SAP__self.DetmAvailabilityTimeSeries(SAP__self.ATPRlvtProductMRPAreaBatch_Type)/_DocumentAttributes"><Annotation Term="SAP__core.OptionalParameter"/></Annotations><Annotations Target="SAP__self.DetermineAvailabilityOfQty(SAP__self.ATPRlvtProductMRPArea_Type)/_DocumentAttributes"><Annotation Term="SAP__core.OptionalParameter"/></Annotations><Annotations Target="SAP__self.DetermineAvailabilityOfQty(SAP__self.ATPRlvtProductMRPAreaBatch_Type)/_DocumentAttributes"><Annotation Term="SAP__core.OptionalParameter"/></Annotations><Annotations Target="SAP__self.DetmAvailabilityTimeSeries(SAP__self.ATPRlvtProductMRPArea_Type)/_DocumentAttributes"><Annotation Term="SAP__core.OptionalParameter"/></Annotations><Annotations Target="SAP__self.DetermineAvailabilityOfQty(SAP__self.ATPRlvtProductStorLoc_Type)/_DocumentAttributes"><Annotation Term="SAP__core.OptionalParameter"/></Annotations><Annotations Target="SAP__self.DetmAvailabilityTimeSeries(SAP__self.ATPRlvtProductStorLoc_Type)/_DocumentAttributes"><Annotation Term="SAP__core.OptionalParameter"/></Annotations></Schema></edmx:DataServices></edmx:Edmx>