{
  "openapi": "3.0.3",
  "info": {
    "title": "Collection Analysis Service",
    "version": "1.0.0",
    "description": "Get Dunning Details"
  },
  "servers": [
    {
      "url": "https://{hostname}",
      "description": "Example of server url is https://my1234567.crm.cloud.sap",
      "variables": {
        "hostname": {
          "default": ""
        }
      }
    }
  ],
  "components": {
    "securitySchemes": {
      "basicAuthentication": {
        "type": "http",
        "scheme": "basic"
      }
    },
    "schemas": {
      "error": {
        "type": "object",
        "properties": {
          "error": {
            "type": "object",
            "properties": {
              "code": {
                "type": "string"
              },
              "details": {
                "type": "array",
                "items": {
                  "type": "object",
                  "properties": {
                    "message": {
                      "type": "string"
                    },
                    "code": {
                      "type": "string"
                    },
                    "target": {
                      "type": "string"
                    }
                  }
                }
              },
              "message": {
                "type": "string"
              },
              "target": {
                "type": "string"
              }
            }
          }
        }
      },
      "CollectionAnalysisqueryresponse": {
        "title": "Collection Analysis query response",
        "type": "object",
        "properties": {
          "count": {
            "type": "integer",
            "format": "int32"
          },
          "value": {
            "type": "array",
            "items": {
              "type": "object",
              "properties": {
                "contractAccount": {
                  "type": "string",
                  "nullable": true,
                  "maxLength": 12,
                  "title": "Contract Account"
                },
                "language": {
                  "type": "string",
                  "nullable": true,
                  "maxLength": 1,
                  "title": "Language"
                },
                "dateFrom": {
                  "type": "string",
                  "format": "date",
                  "nullable": true
                },
                "dateTo": {
                  "type": "string",
                  "format": "date",
                  "nullable": true
                },
                "writeOffCount": {
                  "type": "integer",
                  "nullable": true,
                  "format": "int32"
                },
                "returnsCount": {
                  "type": "integer",
                  "nullable": true,
                  "format": "int32"
                },
                "disconnectCount": {
                  "type": "integer",
                  "nullable": true,
                  "format": "int32"
                },
                "dunningData": {
                  "type": "array",
                  "items": {
                    "type": "object",
                    "properties": {
                      "date": {
                        "type": "string",
                        "format": "date",
                        "nullable": true
                      },
                      "amount": {
                        "type": "object",
                        "properties": {
                          "content": {
                            "type": "number",
                            "nullable": true,
                            "format": "double"
                          },
                          "currencyCode": {
                            "type": "string",
                            "nullable": true,
                            "title": "Currency"
                          }
                        }
                      },
                      "level": {
                        "type": "string",
                        "nullable": true,
                        "maxLength": 2,
                        "title": "Level"
                      },
                      "levelText": {
                        "type": "string",
                        "nullable": true,
                        "maxLength": 50,
                        "title": "Level Text"
                      },
                      "collectionStep": {
                        "type": "string",
                        "nullable": true,
                        "maxLength": 2,
                        "title": "Collection Step"
                      },
                      "collectionStepText": {
                        "type": "string",
                        "nullable": true,
                        "maxLength": 50,
                        "title": "Collection Step Text"
                      },
                      "simulation": {
                        "type": "boolean",
                        "nullable": true
                      }
                    }
                  }
                }
              }
            }
          }
        }
      },
      "info": {
        "type": "object",
        "properties": {
          "info": {
            "type": "object",
            "properties": {
              "code": {
                "type": "string"
              },
              "details": {
                "type": "array",
                "items": {
                  "type": "object",
                  "properties": {
                    "message": {
                      "type": "string"
                    },
                    "target": {
                      "type": "string"
                    },
                    "code": {
                      "type": "string"
                    },
                    "severity": {
                      "type": "string",
                      "enum": [
                        "ERROR",
                        "WARNING",
                        "INFO"
                      ]
                    }
                  }
                }
              },
              "message": {
                "type": "string"
              },
              "target": {
                "type": "string"
              },
              "severity": {
                "type": "string",
                "enum": [
                  "ERROR",
                  "WARNING",
                  "INFO"
                ]
              }
            }
          }
        }
      }
    }
  },
  "security": [
    {
      "basicAuthentication": []
    }
  ],
  "paths": {
    "/sap/c4c/api/v1/financials-integration-service/dunning": {
      "get": {
        "operationId": "queryfinancialsservice_collectionAnalysis",
        "tags": [
          "CollectionAnalysis"
        ],
        "summary": "Retrieve dunning details information from the system.",
        "description": "Specify query parameters to return desired dunning details from the system.",
        "parameters": [
          {
            "name": "$filter",
            "in": "query",
            "required": true,
            "schema": {
              "type": "string"
            },
            "examples": {
              "one": {
                "value": "contractAccount eq 1846301 and language eq E and dateFrom eq 2023-01-01 and dateTo eq 2023-12-31",
                "summary": "Get Dunning Details"
              }
            },
            "description": "Filter dunning details by attribute."
          }
        ],
        "responses": {
          "200": {
            "description": "Retrieved dunning details.",
            "content": {
              "application/json": {
                "schema": {
                  "allOf": [
                    {
                      "$ref": "#/components/schemas/CollectionAnalysisqueryresponse"
                    },
                    {
                      "$ref": "#/components/schemas/info"
                    }
                  ]
                }
              }
            }
          },
          "401": {
            "description": "Unauthorized.\n\nThis error is caused when the request has not been applied because there are no valid authentication credentials for the target resource."
          },
          "403": {
            "description": "Forbidden.\n\nThis client error code indicates that the server understood the request but refuses to authorize it."
          },
          "500": {
            "description": "Internal Server Error.\n\nFailed to query dunning details.",
            "content": {
              "application/json": {
                "schema": {
                  "$ref": "#/components/schemas/error"
                }
              }
            }
          }
        }
      }
    }
  },
  "x-sap-shortText": "Manage entities from Collection Analysis service.",
  "x-sap-extensible": {
    "supported": "automatic",
    "description": "You can create extension fields in the Collection Analysis Service API by following the steps mentioned in https://help.sap.com/docs/CX_NG_SVC/2c87cece32844c91836e535aef8f9642/d3bdfac0c6b141c0bac27408c3ed159f.html?locale=en-US. The newly created extensions will be available in the API request and response body."
  }
}