{
	"openapi": "3.0.3",
	"info": {
		"title": "Active Contract Service",
		"version": "1.0.0",
		"description": "Active Contract \n\nUse this API to display the active contracts for the contract account"
	},
	"servers": [
		{
			"url": "https://{hostname}",
			"description": "Example of server url is https://my1234567.crm.cloud.sap",
			"variables": {
				"hostname": {
					"default": ""
				}
			}
		}
	],
	"components": {
		"securitySchemes": {
			"basicAuthentication": {
				"type": "http",
				"scheme": "basic"
			}
		},
		"schemas": {
			"error": {
				"type": "object",
				"properties": {
					"error": {
						"type": "object",
						"properties": {
							"code": {
								"type": "string"
							},
							"details": {
								"type": "array",
								"items": {
									"type": "object",
									"properties": {
										"message": {
											"type": "string"
										},
										"code": {
											"type": "string"
										},
										"target": {
											"type": "string"
										}
									}
								}
							},
							"message": {
								"type": "string"
							},
							"target": {
								"type": "string"
							}
						}
					}
				}
			},
			"ActiveContractqueryresponse": {
				"title": "Active Contract query response",
				"type": "object",
				"properties": {
					"count": {
						"type": "integer",
						"format": "int32"
					},
					"value": {
						"type": "array",
						"items": {
							"type": "object",
							"properties": {
								"businessPartnerId": {
									"type": "string",
									"nullable": true,
									"maxLength": 12,
									"title": "lbl_ac_business_partner_entity_name"
								},
								"contractAccountId": {
									"type": "string",
									"nullable": true,
									"maxLength": 12,
									"title": "lbl_ac_contract_account_entity_name"
								},
								"contractId": {
									"type": "string",
									"nullable": true,
									"maxLength": 10,
									"title": "lbl_ac_contract_entity_name"
								},
								"isActiveContract": {
									"type": "boolean",
									"nullable": true
								},
								"maximumCount": {
									"type": "integer",
									"nullable": true,
									"format": "int32"
								},
								"companyCode": {
									"type": "string",
									"nullable": true,
									"maxLength": 4,
									"title": "lbl_ac_companyCode"
								},
								"division": {
									"type": "string",
									"nullable": true,
									"maxLength": 2,
									"title": "lbl_ac_division"
								},
								"divisionCategory": {
									"type": "string",
									"nullable": true,
									"maxLength": 2,
									"title": "lbl_ac_division_category"
								},
								"accountDeterminationId": {
									"type": "string",
									"nullable": true,
									"maxLength": 2,
									"title": "lbl_ac_accountDeterminationId"
								},
								"installation": {
									"type": "string",
									"nullable": true,
									"maxLength": 10,
									"title": "lbl_ac_installation"
								},
								"moveInDate": {
									"type": "string",
									"format": "date",
									"nullable": true
								},
								"moveOutDate": {
									"type": "string",
									"format": "date",
									"nullable": true
								},
								"blockingReason": {
									"type": "string",
									"nullable": true,
									"maxLength": 2,
									"title": "lbl_ac_blockingReason"
								},
								"premise": {
									"type": "string",
									"nullable": true,
									"maxLength": 10,
									"title": "lbl_ac_premise"
								},
								"premiseAddress": {
									"type": "string",
									"nullable": true,
									"title": "lbl_ac_premise_address"
								},
								"contractLock": {
									"type": "string",
									"nullable": true,
									"maxLength": 1,
									"title": "lbl_ac_contract_lock"
								},
								"totalCount": {
									"type": "integer",
									"nullable": true,
									"format": "int32"
								}
							}
						}
					}
				}
			},
			"info": {
				"type": "object",
				"properties": {
					"info": {
						"type": "object",
						"properties": {
							"code": {
								"type": "string"
							},
							"details": {
								"type": "array",
								"items": {
									"type": "object",
									"properties": {
										"message": {
											"type": "string"
										},
										"target": {
											"type": "string"
										},
										"code": {
											"type": "string"
										},
										"severity": {
											"type": "string",
											"enum": [
												"ERROR",
												"WARNING",
												"INFO"
											]
										}
									}
								}
							},
							"message": {
								"type": "string"
							},
							"target": {
								"type": "string"
							},
							"severity": {
								"type": "string",
								"enum": [
									"ERROR",
									"WARNING",
									"INFO"
								]
							}
						}
					}
				}
			}
		}
	},
	"security": [
		{
			"basicAuthentication": []
		}
	],
	"paths": {
		"/sap/c4c/api/v1/premise-service/activeContract": {
			"get": {
				"operationId": "querypremiseservice_activeContract",
				"tags": [
					"ActiveContract"
				],
				"summary": "Retrieve contract details for contract account and business partner.",
				"description": "Specify query parameters to retrieve contract details.",
				"parameters": [
					{
						"name": "$filter",
						"in": "query",
						"required": true,
						"schema": {
							"type": "string"
						},
						"examples": {
							"one": {
								"value": "businessPartnerId eq 7000004172 and contractAccountId eq 2025601 and activeContracts eq X and maximumCount eq 3",
								"summary": "Active Contracts Details"
							}
						},
						"description": "Retrieve active contracts for contract account and business partner"
					}
				],
				"responses": {
					"200": {
						"description": "Retrieved active contracts details.",
						"content": {
							"application/json": {
								"schema": {
									"items":{
									"allOf": [
										{
											"$ref": "#/components/schemas/ActiveContractqueryresponse"
										},
										{
											"$ref": "#/components/schemas/info"
										}
									]
									}
								}
							}
						}
					},
					"401": {
						"description": "Unauthorized.\n\nThis error is caused when the request has not been applied because there are no valid authentication credentials for the target resource."
					},
					"403": {
						"description": "Forbidden.\n\nThis client error code indicates that the server understood the request but refuses to authorize it."
					},
					"500": {
						"description": "Internal Server Error.\n\nFailed to query active contracts details.",
						"content": {
							"application/json": {
								"schema": {
									"$ref": "#/components/schemas/error"
								}
							}
						}
					}
				}
			}
		}
	},
	"x-sap-shortText": "Manage entities from Active Contract service."
}