{
    "openapi": "3.0.3",
    "info": {
        "title": "Customer Contact Replication In",
        "version": "1.0.0",
        "description": "Replicate customer contact from SAP ERP"
    },
    "servers": [{
            "url": "https://{hostname}",
            "description": "Example of server url is https://my1234567.crm.cloud.sap",
            "variables": {
                "hostname": {
                    "default": ""
                }
            }
        }
    ],
    "components": {
        "securitySchemes": {
            "basicAuthentication": {
                "type": "http",
                "scheme": "basic"
            }
        },
        "schemas": {
            "error": {
                "type": "object",
                "properties": {
                    "error": {
                        "type": "object",
                        "properties": {
                            "code": {
                                "type": "string"
                            },
                            "details": {
                                "type": "array",
                                "items": {
                                    "type": "object",
                                    "properties": {
                                        "message": {
                                            "type": "string"
                                        },
                                        "code": {
                                            "type": "string"
                                        },
                                        "target": {
                                            "type": "string"
                                        }
                                    }
                                }
                            },
                            "message": {
                                "type": "string"
                            },
                            "target": {
                                "type": "string"
                            }
                        }
                    }
                }
            },
            "CustomerContactReplicationIncreaterequest": {
                "title": "Customer Contact Replication In create request",
                "type": "object",
                "properties": {
                    "messageHeader": {
                        "type": "object",
                        "properties": {
                            "id": {
                                "type": "string",
                                "nullable": true,
                                "format": "uuid",
                                "title": "ID"
                            },
                            "senderCommunicationSystemDisplayId": {
                                "type": "string",
                                "nullable": true,
                                "title": "Sender Communication System Display ID"
                            },
                            "receiverCommunicationSystemDisplayId": {
                                "type": "string",
                                "nullable": true,
                                "title": "Receiver Communication System Display ID"
                            },
                            "creationDateTime": {
                                "type": "string",
                                "format": "date-time",
                                "nullable": true
                            }
                        }
                    },
                    "messageRequests": {
                        "type": "array",
                        "items": {
                            "type": "object",
                            "properties": {
                                "messageHeader": {
                                    "type": "object",
                                    "properties": {
                                        "id": {
                                            "type": "string",
                                            "nullable": true,
                                            "format": "uuid",
                                            "title": "ID"
                                        },
                                        "messageEntityName": {
                                            "type": "string",
                                            "nullable": true
                                        },
                                        "creationDateTime": {
                                            "type": "string",
                                            "format": "date-time",
                                            "nullable": true
                                        },
                                        "actionCode": {
                                            "type": "string",
                                            "nullable": true,
                                            "enum": ["CREATE", "DELETE", "SAVE", "QUERY"],
                                            "title": "Action Code"
                                        },
                                        "referenceMessageRequestId": {
                                            "type": "string",
                                            "nullable": true,
                                            "title": "Reference Message Request ID"
                                        }
                                    }
                                },
                                "body": {
                                    "type": "object",
                                    "properties": {
                                        "contactDisplayId": {
                                            "type": "string",
                                            "nullable": true
                                        },
                                        "receiverContactDisplayId": {
                                            "type": "string",
                                            "nullable": true
                                        },
                                        "customerDisplayId": {
                                            "type": "string",
                                            "nullable": true
                                        },
                                        "givenName": {
                                            "type": "string",
                                            "nullable": true
                                        },
                                        "familyName": {
                                            "type": "string",
                                            "nullable": true
                                        },
                                        "functionalTitle": {
                                            "type": "string",
                                            "nullable": true
                                        },
                                        "department": {
                                            "type": "string",
                                            "nullable": true
                                        },
                                        "vipReason": {
                                            "type": "string",
                                            "nullable": true
                                        },
                                        "dateOfBirth": {
                                            "type": "string",
                                            "format": "date",
                                            "nullable": true
                                        }
                                    }
                                }
                            }
                        }
                    }
                }
            },
            "CustomerContactReplicationInfile": {
                "title": "Customer Contact Replication In file",
                "type": "object",
                "properties": {
                    "value": {
                        "type": "object",
                        "properties": {
                            "messageHeader": {
                                "type": "object",
                                "properties": {
                                    "id": {
                                        "type": "string",
                                        "nullable": true,
                                        "format": "uuid",
                                        "title": "ID"
                                    },
                                    "senderCommunicationSystemDisplayId": {
                                        "type": "string",
                                        "nullable": true,
                                        "title": "Sender Communication System Display ID"
                                    },
                                    "receiverCommunicationSystemDisplayId": {
                                        "type": "string",
                                        "nullable": true,
                                        "title": "Receiver Communication System Display ID"
                                    },
                                    "creationDateTime": {
                                        "type": "string",
                                        "format": "date-time",
                                        "nullable": true
                                    }
                                }
                            },
                            "messageRequests": {
                                "type": "array",
                                "items": {
                                    "type": "object",
                                    "properties": {
                                        "messageHeader": {
                                            "type": "object",
                                            "properties": {
                                                "id": {
                                                    "type": "string",
                                                    "nullable": true,
                                                    "format": "uuid",
                                                    "title": "ID"
                                                },
                                                "messageEntityName": {
                                                    "type": "string",
                                                    "nullable": true
                                                },
                                                "creationDateTime": {
                                                    "type": "string",
                                                    "format": "date-time",
                                                    "nullable": true
                                                },
                                                "actionCode": {
                                                    "type": "string",
                                                    "nullable": true,
                                                    "enum": ["CREATE", "DELETE", "SAVE", "QUERY"],
                                                    "title": "Action Code"
                                                },
                                                "referenceMessageRequestId": {
                                                    "type": "string",
                                                    "nullable": true,
                                                    "title": "Reference Message Request ID"
                                                }
                                            }
                                        },
                                        "body": {
                                            "type": "object",
                                            "properties": {
                                                "contactDisplayId": {
                                                    "type": "string",
                                                    "nullable": true
                                                },
                                                "receiverContactDisplayId": {
                                                    "type": "string",
                                                    "nullable": true
                                                },
                                                "customerDisplayId": {
                                                    "type": "string",
                                                    "nullable": true
                                                },
                                                "givenName": {
                                                    "type": "string",
                                                    "nullable": true
                                                },
                                                "familyName": {
                                                    "type": "string",
                                                    "nullable": true
                                                },
                                                "functionalTitle": {
                                                    "type": "string",
                                                    "nullable": true
                                                },
                                                "department": {
                                                    "type": "string",
                                                    "nullable": true
                                                },
                                                "vipReason": {
                                                    "type": "string",
                                                    "nullable": true
                                                },
                                                "dateOfBirth": {
                                                    "type": "string",
                                                    "format": "date",
                                                    "nullable": true
                                                }
                                            }
                                        }
                                    }
                                }
                            }
                        }
                    }
                }
            }
        }
    },
    "security": [{
            "basicAuthentication": []
        }
    ],
    "paths": {
        "/sap/c4c/api/v1/inbound-data-connector-service/messages/sap.crm.md.integrationmetadataservice.entity.customerContactERPReplicationMessageIn": {
            "post": {
                "operationId": "createmd.integrationmetadataservice_customerContactERPReplicationIn",
                "tags": ["CustomerContactERPReplicationIn"],
                "summary": "Create data",
                "parameters": [],
                "requestBody": {
                    "content": {
                        "application/json": {
                            "schema": {
                                "$ref": "#/components/schemas/CustomerContactReplicationIncreaterequest"
                            }
                        }
                    }
                },
                "responses": {
                    "201": {
                        "description": "201 CREATED",
                        "content": {
                            "application/json": {
                                "schema": {
                                    "$ref": "#/components/schemas/CustomerContactReplicationInfile"
                                }
                            }
                        }
                    },
                    "400": {
                        "description": "400 BAD_REQUEST",
                        "content": {
                            "application/json": {
                                "schema": {
                                    "$ref": "#/components/schemas/error"
                                }
                            }
                        }
                    },
                    "401": {
                        "description": "401 UNAUTHORIZED"
                    },
                    "403": {
                        "description": "403 FORBIDDEN"
                    },
                    "404": {
                        "description": "404 NOT_FOUND"
                    },
                    "500": {
                        "description": "500 INTERNAL_SERVER_ERROR",
                        "content": {
                            "application/json": {
                                "schema": {
                                    "$ref": "#/components/schemas/error"
                                }
                            }
                        }
                    }
                }
            }
        }
    },
    "x-sap-shortText": "Manage entities from Customer Contact Replication In service."
}
