{"openapi":"3.0.3","info":{"title":"Customer Partner Function Replication In","version":"1.0.0","description":"Replicate customer partner function from SAP ERP"},"servers":[{"url":"https://{hostname}","description":"Example of server url is https://my1234567.crm.cloud.sap","variables":{"hostname":{"default":""}}}],"components":{"securitySchemes":{"basicAuthentication":{"type":"http","scheme":"basic"}},"schemas":{"error":{"type":"object","properties":{"error":{"type":"object","properties":{"code":{"type":"string"},"details":{"type":"array","items":{"type":"object","properties":{"message":{"type":"string"},"code":{"type":"string"},"target":{"type":"string"}}}},"message":{"type":"string"},"target":{"type":"string"}}}}},"CustomerPartnerFunctionReplicationIncreaterequest":{"title":"Customer Partner Function Replication In create request","type":"object","properties":{"messageHeader":{"type":"object","properties":{"id":{"type":"string","nullable":true,"format":"uuid","title":"ID"},"senderCommunicationSystemDisplayId":{"type":"string","nullable":true,"title":"Sender Communication System Display ID"},"receiverCommunicationSystemDisplayId":{"type":"string","nullable":true,"title":"Receiver Communication System Display ID"},"creationDateTime":{"type":"string","format":"date-time","nullable":true}}},"messageRequests":{"type":"array","items":{"type":"object","properties":{"messageHeader":{"type":"object","properties":{"id":{"type":"string","nullable":true,"format":"uuid","title":"ID"},"messageEntityName":{"type":"string","nullable":true},"creationDateTime":{"type":"string","format":"date-time","nullable":true},"actionCode":{"type":"string","nullable":true,"enum":["CREATE","DELETE","SAVE","QUERY"],"title":"Action Code"},"referenceMessageRequestId":{"type":"string","nullable":true,"title":"Reference Message Request ID"}}},"body":{"type":"object","properties":{"customerDisplayId":{"type":"string","nullable":true},"salesArrangements":{"type":"array","items":{"type":"object","properties":{"salesOrganizationDisplayId":{"type":"string","nullable":true},"distributionChannel":{"type":"string","nullable":true},"division":{"type":"string","nullable":true},"partnerFunctions":{"type":"array","items":{"type":"object","properties":{"directedRelationshipRole":{"type":"string","nullable":true},"partnerDisplayId":{"type":"string","nullable":true},"isDefault":{"type":"boolean","nullable":true}}}}}}}}}}}}}},"CustomerPartnerFunctionReplicationInfile":{"title":"Customer Partner Function Replication In file","type":"object","properties":{"value":{"type":"object","properties":{"messageHeader":{"type":"object","properties":{"id":{"type":"string","nullable":true,"format":"uuid","title":"ID"},"senderCommunicationSystemDisplayId":{"type":"string","nullable":true,"title":"Sender Communication System Display ID"},"receiverCommunicationSystemDisplayId":{"type":"string","nullable":true,"title":"Receiver Communication System Display ID"},"creationDateTime":{"type":"string","format":"date-time","nullable":true}}},"messageRequests":{"type":"array","items":{"type":"object","properties":{"messageHeader":{"type":"object","properties":{"id":{"type":"string","nullable":true,"format":"uuid","title":"ID"},"messageEntityName":{"type":"string","nullable":true},"creationDateTime":{"type":"string","format":"date-time","nullable":true},"actionCode":{"type":"string","nullable":true,"enum":["CREATE","DELETE","SAVE","QUERY"],"title":"Action Code"},"referenceMessageRequestId":{"type":"string","nullable":true,"title":"Reference Message Request ID"}}},"body":{"type":"object","properties":{"customerDisplayId":{"type":"string","nullable":true},"salesArrangements":{"type":"array","items":{"type":"object","properties":{"salesOrganizationDisplayId":{"type":"string","nullable":true},"distributionChannel":{"type":"string","nullable":true},"division":{"type":"string","nullable":true},"partnerFunctions":{"type":"array","items":{"type":"object","properties":{"directedRelationshipRole":{"type":"string","nullable":true},"partnerDisplayId":{"type":"string","nullable":true},"isDefault":{"type":"boolean","nullable":true}}}}}}}}}}}}}}}}}},"security":[{"basicAuthentication":[]}],"paths":{"/sap/c4c/api/v1/inbound-data-connector-service/messages/sap.crm.md.integrationmetadataservice.entity.customerPartnerFunctionERPReplicationMessageIn":{"post":{"operationId":"createmd.integrationmetadataservice_customerPartnerFunctionERPReplicationIn","tags":["CustomerPartnerFunctionERPReplicationIn"],"summary":"Create data","parameters":[],"requestBody":{"content":{"application/json":{"schema":{"$ref":"#/components/schemas/CustomerPartnerFunctionReplicationIncreaterequest"}}}},"responses":{"201":{"description":"201 CREATED","content":{"application/json":{"schema":{"$ref":"#/components/schemas/CustomerPartnerFunctionReplicationInfile"}}}},"400":{"description":"400 BAD_REQUEST","content":{"application/json":{"schema":{"$ref":"#/components/schemas/error"}}}},"401":{"description":"401 UNAUTHORIZED"},"403":{"description":"403 FORBIDDEN"},"404":{"description":"404 NOT_FOUND"},"500":{"description":"500 INTERNAL_SERVER_ERROR","content":{"application/json":{"schema":{"$ref":"#/components/schemas/error"}}}}}}}},"x-sap-shortText":"Manage entities from Customer Partner Function Replication In service."}