{
	"openapi": "3.0.3",
	"info": {
		"title": "Premise Point of Deliveries Replication In",
		"version": "1.0.0",
		"description": "Replicate Premise Point of Deliveries from SAP S/4HANA"
	},
	"servers": [
		{
			"url": "https://{hostname}",
			"description": "Example of server url is https://my1234567.crm.cloud.sap",
			"variables": {
				"hostname": {
					"default": ""
				}
			}
		}
	],
	"components": {
		"securitySchemes": {
			"basicAuthentication": {
				"type": "http",
				"scheme": "basic"
			}
		},
		"schemas": {
			"error": {
				"type": "object",
				"properties": {
					"error": {
						"type": "object",
						"properties": {
							"code": {
								"type": "string"
							},
							"details": {
								"type": "array",
								"items": {
									"type": "object",
									"properties": {
										"message": {
											"type": "string"
										},
										"code": {
											"type": "string"
										},
										"target": {
											"type": "string"
										}
									}
								}
							},
							"message": {
								"type": "string"
							},
							"target": {
								"type": "string"
							}
						}
					}
				}
			},
			"PremisePointofDeliveriesReplicationIncreaterequest": {
				"title": "Premise Point of Deliveries Replication In create request",
				"type": "object",
				"properties": {
					"messageHeader": {
						"type": "object",
						"properties": {
							"id": {
								"type": "string",
								"nullable": true,
								"format": "uuid",
								"title": "ID"
							},
							"senderCommunicationSystemDisplayId": {
								"type": "string",
								"nullable": true,
								"title": "Sender Communication System Display ID"
							},
							"receiverCommunicationSystemDisplayId": {
								"type": "string",
								"nullable": true,
								"title": "Receiver Communication System Display ID"
							},
							"creationDateTime": {
								"type": "string",
								"format": "date-time",
								"nullable": true
							}
						}
					},
					"messageRequests": {
						"type": "array",
						"items": {
							"type": "object",
							"properties": {
								"messageHeader": {
									"type": "object",
									"properties": {
										"id": {
											"type": "string",
											"nullable": true,
											"format": "uuid",
											"title": "ID"
										},
										"messageEntityName": {
											"type": "string",
											"nullable": true
										},
										"creationDateTime": {
											"type": "string",
											"format": "date-time",
											"nullable": true
										},
										"actionCode": {
											"type": "string",
											"nullable": true,
											"enum": [
												"CREATE",
												"DELETE",
												"SAVE",
												"QUERY"
											],
											"title": "Action Code"
										},
										"referenceMessageRequestId": {
											"type": "string",
											"nullable": true,
											"title": "Reference Message Request ID"
										}
									}
								},
								"body": {
									"type": "object",
									"properties": {
										"premiseExternalId": {
											"type": "string",
											"nullable": true
										},
										"pointOfDeliveries": {
											"type": "array",
											"items": {
												"type": "string"
											}
										}
									}
								}
							}
						}
					}
				}
			},
			"PremisePointofDeliveriesReplicationInfile": {
				"title": "Premise Point of Deliveries Replication In file",
				"type": "object",
				"properties": {
					"value": {
						"type": "object",
						"properties": {
							"messageHeader": {
								"type": "object",
								"properties": {
									"id": {
										"type": "string",
										"nullable": true,
										"format": "uuid",
										"title": "ID"
									},
									"senderCommunicationSystemDisplayId": {
										"type": "string",
										"nullable": true,
										"title": "Sender Communication System Display ID"
									},
									"receiverCommunicationSystemDisplayId": {
										"type": "string",
										"nullable": true,
										"title": "Receiver Communication System Display ID"
									},
									"creationDateTime": {
										"type": "string",
										"format": "date-time",
										"nullable": true
									}
								}
							},
							"messageRequests": {
								"type": "array",
								"items": {
									"type": "object",
									"properties": {
										"messageHeader": {
											"type": "object",
											"properties": {
												"id": {
													"type": "string",
													"nullable": true,
													"format": "uuid",
													"title": "ID"
												},
												"messageEntityName": {
													"type": "string",
													"nullable": true
												},
												"creationDateTime": {
													"type": "string",
													"format": "date-time",
													"nullable": true
												},
												"actionCode": {
													"type": "string",
													"nullable": true,
													"enum": [
														"CREATE",
														"DELETE",
														"SAVE",
														"QUERY"
													],
													"title": "Action Code"
												},
												"referenceMessageRequestId": {
													"type": "string",
													"nullable": true,
													"title": "Reference Message Request ID"
												}
											}
										},
										"body": {
											"type": "object",
											"properties": {
												"premiseExternalId": {
													"type": "string",
													"nullable": true
												},
												"pointOfDeliveries": {
													"type": "array",
													"items": {
														"type": "string"
													}
												}
											}
										}
									}
								}
							}
						}
					}
				}
			},
			"PremisePointofDeliveriesReplicationInupdaterequest": {
				"title": "Premise Point of Deliveries Replication In update request",
				"type": "object",
				"properties": {
					"messageHeader": {
						"type": "object",
						"properties": {
							"id": {
								"type": "string",
								"nullable": true,
								"format": "uuid",
								"title": "ID"
							},
							"senderCommunicationSystemDisplayId": {
								"type": "string",
								"nullable": true,
								"title": "Sender Communication System Display ID"
							},
							"receiverCommunicationSystemDisplayId": {
								"type": "string",
								"nullable": true,
								"title": "Receiver Communication System Display ID"
							},
							"creationDateTime": {
								"type": "string",
								"format": "date-time",
								"nullable": true
							}
						}
					},
					"messageRequests": {
						"type": "array",
						"items": {
							"type": "object",
							"properties": {
								"messageHeader": {
									"type": "object",
									"properties": {
										"id": {
											"type": "string",
											"nullable": true,
											"format": "uuid",
											"title": "ID"
										},
										"messageEntityName": {
											"type": "string",
											"nullable": true
										},
										"creationDateTime": {
											"type": "string",
											"format": "date-time",
											"nullable": true
										},
										"actionCode": {
											"type": "string",
											"nullable": true,
											"enum": [
												"CREATE",
												"DELETE",
												"SAVE",
												"QUERY"
											],
											"title": "Action Code"
										},
										"referenceMessageRequestId": {
											"type": "string",
											"nullable": true,
											"title": "Reference Message Request ID"
										}
									}
								},
								"body": {
									"type": "object",
									"properties": {
										"premiseExternalId": {
											"type": "string",
											"nullable": true
										},
										"pointOfDeliveries": {
											"type": "array",
											"items": {
												"type": "string"
											}
										}
									}
								}
							}
						}
					}
				}
			}
		}
	},
	"security": [
		{
			"basicAuthentication": []
		}
	],
	"paths": {
		"/sap/c4c/api/v1/inbound-data-connector-service/messages/sap.crm.pointofdeliveryservice.entity.premisePodS4ReplicationMessageIn": {
			"post": {
				"operationId": "createpointofdeliveryservice_premisePodS4ReplicationIn",
				"tags": [
					"PremisePodS4ReplicationIn"
				],
				"summary": "Create data",
				"parameters": [],
				"requestBody": {
					"content": {
						"application/json": {
							"schema": {
								"$ref": "#/components/schemas/PremisePointofDeliveriesReplicationIncreaterequest"
							}
						}
					}
				},
				"responses": {
					"201": {
						"description": "201 CREATED",
						"content": {
							"application/json": {
								"schema": {
									"$ref": "#/components/schemas/PremisePointofDeliveriesReplicationInfile"
								}
							}
						}
					},
					"400": {
						"description": "400 BAD_REQUEST",
						"content": {
							"application/json": {
								"schema": {
									"$ref": "#/components/schemas/error"
								}
							}
						}
					},
					"401": {
						"description": "401 UNAUTHORIZED"
					},
					"403": {
						"description": "403 FORBIDDEN"
					},
					"404": {
						"description": "404 NOT_FOUND"
					},
					"500": {
						"description": "500 INTERNAL_SERVER_ERROR",
						"content": {
							"application/json": {
								"schema": {
									"$ref": "#/components/schemas/error"
								}
							}
						}
					}
				}
			}
		},
		"/sap/c4c/api/v1/inbound-data-connector-service/messages/sap.crm.pointofdeliveryservice.entity.premisePodS4ReplicationMessageIn/{id}": {
			"put": {
				"operationId": "updatepointofdeliveryservice_premisePodS4ReplicationIn",
				"tags": [
					"PremisePodS4ReplicationIn"
				],
				"summary": "Create or Update data",
				"parameters": [
					{
						"name": "id",
						"in": "path",
						"required": true,
						"schema": {
							"type": "string",
							"format": "uuid"
						}
					}
				],
				"requestBody": {
					"content": {
						"application/json": {
							"schema": {
								"$ref": "#/components/schemas/PremisePointofDeliveriesReplicationInupdaterequest"
							}
						}
					}
				},
				"responses": {
					"200": {
						"description": "200 OK",
						"content": {
							"application/json": {
								"schema": {
									"$ref": "#/components/schemas/PremisePointofDeliveriesReplicationInfile"
								}
							}
						}
					},
					"204": {
						"description": "204 NO_CONTENT"
					},
					"400": {
						"description": "400 BAD_REQUEST",
						"content": {
							"application/json": {
								"schema": {
									"$ref": "#/components/schemas/error"
								}
							}
						}
					},
					"401": {
						"description": "401 UNAUTHORIZED"
					},
					"403": {
						"description": "403 FORBIDDEN"
					},
					"404": {
						"description": "404 NOT_FOUND"
					},
					"500": {
						"description": "500 INTERNAL_SERVER_ERROR",
						"content": {
							"application/json": {
								"schema": {
									"$ref": "#/components/schemas/error"
								}
							}
						}
					}
				}
			}
		}
	},
	"x-sap-shortText": "Manage entities from Premise Point of Deliveries Replication In service."
}