{
  "openapi": "3.0.3",
  "info": {
    "title": "Open Api Specification for service service",
    "version": "1.0.0",
    "description": "Service Details \n\nGet Service details for a premise"
  },
  "servers": [
    {
      "url": "https://{hostname}",
      "description": "Example of server url is https://my1234567.crm.cloud.sap",
      "variables": {
        "hostname": {
          "default": ""
        }
      }
    }
  ],
  "components": {
    "securitySchemes": {
      "basicAuthentication": {
        "type": "http",
        "scheme": "basic"
      }
    },
    "schemas": {
      "error": {
        "type": "object",
        "properties": {
          "error": {
            "type": "object",
            "properties": {
              "code": {
                "type": "string"
              },
              "details": {
                "type": "array",
                "items": {
                  "type": "object",
                  "properties": {
                    "message": {
                      "type": "string"
                    },
                    "code": {
                      "type": "string"
                    },
                    "target": {
                      "type": "string"
                    }
                  }
                }
              },
              "message": {
                "type": "string"
              },
              "target": {
                "type": "string"
              }
            }
          }
        }
      },
      "Servicequeryresponse": {
        "title": "Service query response",
        "type": "object",
        "properties": {
          "count": {
            "type": "integer",
            "format": "int32"
          },
          "value": {
            "type": "array",
            "items": {
              "type": "object",
              "properties": {
                "premise": {
                  "type": "string",
                  "nullable": true,
                  "maxLength": 10
                },
                "keyDate": {
                  "type": "string",
                  "format": "date",
                  "nullable": true
                },
                "servicesWithMr": {
                  "type": "boolean",
                  "nullable": true
                },
                "language": {
                  "type": "string",
                  "nullable": true,
                  "maxLength": 1,
                  "title": "Language"
                },
                "division": {
                  "type": "string",
                  "nullable": true,
                  "maxLength": 2,
                  "title": "Division"
                },
                "divisionText": {
                  "type": "string",
                  "nullable": true,
                  "maxLength": 20,
                  "title": "Division Text"
                },
                "divisionCategory": {
                  "type": "string",
                  "nullable": true,
                  "maxLength": 2,
                  "title": "Division Category"
                },
                "installation": {
                  "type": "string",
                  "nullable": true,
                  "maxLength": 10,
                  "title": "Installation"
                },
                "rateCategory": {
                  "type": "string",
                  "nullable": true,
                  "maxLength": 10,
                  "title": "Rate Category"
                },
                "rateCategoryText": {
                  "type": "string",
                  "nullable": true,
                  "maxLength": 40,
                  "title": "Rate Category Text"
                },
                "pointOfDelivery": {
                  "type": "string",
                  "nullable": true,
                  "maxLength": 50,
                  "title": "Point of Delivery"
                },
                "serviceOrderCount": {
                  "type": "integer",
                  "nullable": true,
                  "format": "int32"
                },
                "serviceNotificationCount": {
                  "type": "integer",
                  "nullable": true,
                  "format": "int32"
                },
                "devices": {
                  "type": "array",
                  "items": {
                    "type": "object",
                    "properties": {
                      "device": {
                        "type": "string",
                        "nullable": true,
                        "maxLength": 18
                      },
                      "registers": {
                        "type": "array",
                        "items": {
                          "type": "object",
                          "properties": {
                            "register": {
                              "type": "string",
                              "nullable": true,
                              "maxLength": 3
                            },
                            "validFrom": {
                              "type": "string",
                              "format": "date",
                              "nullable": true
                            },
                            "validTo": {
                              "type": "string",
                              "format": "date",
                              "nullable": true
                            },
                            "registerType": {
                              "type": "string",
                              "nullable": true,
                              "maxLength": 2
                            },
                            "registerTypeText": {
                              "type": "string",
                              "nullable": true,
                              "maxLength": 30
                            },
                            "unitOfMeasurement": {
                              "type": "string",
                              "nullable": true,
                              "maxLength": 3
                            },
                            "expectedConsumption": {
                              "type": "string",
                              "nullable": true,
                              "maxLength": 36
                            }
                          }
                        }
                      },
                      "material": {
                        "type": "string",
                        "nullable": true,
                        "maxLength": 40
                      },
                      "equipmentNumber": {
                        "type": "string",
                        "nullable": true,
                        "maxLength": 18
                      },
                      "deviceType": {
                        "type": "string",
                        "nullable": true,
                        "maxLength": 30
                      },
                      "deviceStartDate": {
                        "type": "string",
                        "format": "date",
                        "nullable": true
                      },
                      "deviceEndDate": {
                        "type": "string",
                        "format": "date",
                        "nullable": true
                      },
                      "nextReadDate": {
                        "type": "string",
                        "format": "date",
                        "nullable": true
                      },
                      "serviceOrderCount": {
                        "type": "integer",
                        "nullable": true,
                        "format": "int32"
                      },
                      "amiMeter": {
                        "type": "boolean",
                        "nullable": true
                      },
                      "amiStatus": {
                        "type": "boolean",
                        "nullable": true
                      },
                      "reconnectAllowed": {
                        "type": "boolean",
                        "nullable": true
                      },
                      "reconnectFlag": {
                        "type": "string",
                        "nullable": true,
                        "maxLength": 1
                      },
                      "implausibleCount": {
                        "type": "integer",
                        "nullable": true,
                        "format": "int32"
                      }
                    }
                  }
                },
                "periodLength": {
                  "type": "string",
                  "nullable": true,
                  "maxLength": 2,
                  "title": "Period Length"
                },
                "periodCreatedOn": {
                  "type": "string",
                  "format": "date",
                  "nullable": true
                },
                "periodUpdatedOn": {
                  "type": "string",
                  "format": "date",
                  "nullable": true
                },
                "nextReadDate": {
                  "type": "string",
                  "format": "date",
                  "nullable": true
                },
                "noDisconnect": {
                  "type": "string",
                  "nullable": true,
                  "maxLength": 4,
                  "title": "Disconnect"
                },
                "noDisconnectText": {
                  "type": "string",
                  "nullable": true,
                  "maxLength": 30,
                  "title": "Disconnect Text"
                },
                "contractAccount": {
                  "type": "string",
                  "nullable": true,
                  "maxLength": 12,
                  "title": "Contract Account"
                },
                "installationStatus": {
                  "type": "string",
                  "nullable": true,
                  "maxLength": 2,
                  "title": "Installation Status"
                },
                "installationStatusDescription": {
                  "type": "string",
                  "nullable": true,
                  "maxLength": 60,
                  "title": "Installation Status Text"
                },
                "deviceLocation": {
                  "type": "array",
                  "items": {
                    "type": "object",
                    "properties": {
                      "premise": {
                        "type": "string",
                        "nullable": true,
                        "maxLength": 10,
                        "title": "Premise"
                      },
                      "keyDate": {
                        "type": "string",
                        "format": "date",
                        "nullable": true
                      },
                      "deviceCategory": {
                        "type": "string",
                        "nullable": true,
                        "maxLength": 40,
                        "title": "Device Category"
                      },
                      "equipmentNumber": {
                        "type": "string",
                        "nullable": true,
                        "maxLength": 18,
                        "title": "Equipment Number"
                      },
                      "installation": {
                        "type": "string",
                        "nullable": true,
                        "maxLength": 10,
                        "title": "Installation"
                      },
                      "device": {
                        "type": "string",
                        "nullable": true,
                        "maxLength": 18,
                        "title": "Device"
                      },
                      "deviceLocationId": {
                        "type": "string",
                        "nullable": true,
                        "maxLength": 30,
                        "title": "Device Location ID"
                      },
                      "deviceLocationText": {
                        "type": "string",
                        "nullable": true,
                        "maxLength": 40,
                        "title": "Device Location Text"
                      },
                      "location": {
                        "type": "string",
                        "nullable": true,
                        "maxLength": 30,
                        "title": "Location"
                      },
                      "additionalLocation": {
                        "type": "string",
                        "nullable": true,
                        "maxLength": 30,
                        "title": "Additional Location"
                      },
                      "deviceLocationAddress": {
                        "type": "string",
                        "nullable": true,
                        "maxLength": 250,
                        "title": "Device Location Address"
                      },
                      "systemStatus": {
                        "type": "string",
                        "nullable": true,
                        "maxLength": 40,
                        "title": "System Status"
                      },
                      "systemStatusText": {
                        "type": "string",
                        "nullable": true,
                        "maxLength": 250,
                        "title": "System Status Text"
                      },
                      "notes": {
                        "type": "array",
                        "items": {
                          "type": "object",
                          "properties": {
                            "sequenceNumber": {
                              "type": "string",
                              "nullable": true,
                              "maxLength": 2,
                              "title": "Sequence Number"
                            },
                            "noteId": {
                              "type": "string",
                              "nullable": true,
                              "maxLength": 2,
                              "title": "Note ID"
                            },
                            "noteText": {
                              "type": "string",
                              "nullable": true,
                              "maxLength": 50,
                              "title": "Note Text"
                            },
                            "priority": {
                              "type": "number",
                              "nullable": true,
                              "format": "int64"
                            },
                            "addtxt1": {
                              "type": "string",
                              "nullable": true,
                              "maxLength": 50,
                              "title": "Additional Text 1"
                            },
                            "addtxt2": {
                              "type": "string",
                              "nullable": true,
                              "maxLength": 50,
                              "title": "Additional Text 2"
                            },
                            "addtxt3": {
                              "type": "string",
                              "nullable": true,
                              "maxLength": 50,
                              "title": "Additional Text 3"
                            },
                            "addtxt4": {
                              "type": "string",
                              "nullable": true,
                              "maxLength": 50,
                              "title": "Additional Text 4"
                            },
                            "addtxt5": {
                              "type": "string",
                              "nullable": true,
                              "maxLength": 50,
                              "title": "Additional Text 5"
                            }
                          }
                        }
                      }
                    }
                  }
                }
              }
            }
          }
        }
      },
      "info": {
        "type": "object",
        "properties": {
          "info": {
            "type": "object",
            "properties": {
              "code": {
                "type": "string"
              },
              "details": {
                "type": "array",
                "items": {
                  "type": "object",
                  "properties": {
                    "message": {
                      "type": "string"
                    },
                    "target": {
                      "type": "string"
                    },
                    "code": {
                      "type": "string"
                    },
                    "severity": {
                      "type": "string",
                      "enum": [
                        "ERROR",
                        "WARNING",
                        "INFO"
                      ]
                    }
                  }
                }
              },
              "message": {
                "type": "string"
              },
              "target": {
                "type": "string"
              },
              "severity": {
                "type": "string",
                "enum": [
                  "ERROR",
                  "WARNING",
                  "INFO"
                ]
              }
            }
          }
        }
      }
    }
  },
  "security": [
    {
      "basicAuthentication": []
    }
  ],
  "paths": {
    "/sap/c4c/api/v1/premise-integration-service/services": {
      "get": {
        "operationId": "querypremiseservice_service",
        "tags": [
          "Service"
        ],
        "summary": "Retrieve service details for Premise.",
        "description": "Specify query parameters to retrieve service details.",
        "parameters": [
          {
            "name": "$filter",
            "in": "query",
            "required": true,
            "schema": {
              "type": "string"
            },
            "examples": {
              "one": {
                "value": "premise eq 713286",
                "summary": "Premise Service Details"
              }
            },
            "description": "Retrieve services for premise"
          }
        ],
        "responses": {
          "200": {
            "description": "Retrieved service details.",
            "content": {
              "application/json": {
                "schema": {
                  "allOf": [
                    {
                      "$ref": "#/components/schemas/Servicequeryresponse"
                    },
                    {
                      "$ref": "#/components/schemas/info"
                    }
                  ]
                }
              }
            }
          },
          "401": {
            "description": "Unauthorized.\n\nThis error is caused when the request has not been applied because there are no valid authentication credentials for the target resource."
          },
          "403": {
            "description": "Forbidden.\n\nThis client error code indicates that the server understood the request but refuses to authorize it."
          },
          "500": {
            "description": "Internal Server Error.\n\nFailed to query service details.",
            "content": {
              "application/json": {
                "schema": {
                  "$ref": "#/components/schemas/error"
                }
              }
            }
          }
        }
      }
    }
  },
  "x-sap-shortText": "Manage entities from service service.",
  "x-sap-extensible": {
    "supported": "automatic",
    "description": "You can create extension fields in the service API by following the steps mentioned in https://help.sap.com/docs/CX_NG_SVC/2c87cece32844c91836e535aef8f9642/d3bdfac0c6b141c0bac27408c3ed159f.html?locale=en-US. The newly created extensions will be available in the API request and response body."
  }
}