{
  "openapi": "3.0.3",
  "info": {
    "title": "BN-MT Rene Iflows",
    "version": "1.0.0",
    "contact": {}
  },
  "servers": [
    {
      "url": "https://catenax-int-c99n2ti6.it-cpi018-rt.cfapps.eu10-003.hana.ondemand.com"
    }
  ],
  "paths": {
    "/http/serialparttypization_v2/urn%3Auuid%3A60f90177-8213-4cdc-a6a7-068cf3333ec1": {
      "get": {
        "summary": "serializepartTypization (Rene Iflow)",
        "description": "serializepartTypization (Rene Iflow)",
        "operationId": "serializeparttypizationReneIflow",
        "responses": {
          "200": {
            "description": "serializepartTypization (Rene Iflow)",
            "headers": {
              "catenaxid": {
                "schema": {
                  "type": "string",
                  "example": "60f90177-8213-4cdc-a6a7-068cf3333ec1"
                }
              },
              "content-security-policy": {
                "schema": {
                  "type": "string",
                  "example": "none"
                }
              },
              "date": {
                "schema": {
                  "type": "string",
                  "example": "Thu, 20 Jul 2023 13:06:35 GMT"
                }
              },
              "debugenabled": {
                "schema": {
                  "type": "string",
                  "example": "1"
                }
              },
              "expires": {
                "schema": {
                  "type": "string",
                  "example": "0"
                }
              },
              "sap_messageprocessinglogid": {
                "schema": {
                  "type": "string",
                  "example": "AGS5MVqNT4284lpiwBbyIx8q6d86"
                }
              },
              "sap_mplcorrelationid": {
                "schema": {
                  "type": "string",
                  "example": "AGS5MVoQ0H-BEG5aCeajWD6yXPYt"
                }
              },
              "sap_pregeneratedmplid": {
                "schema": {
                  "type": "string",
                  "example": "AGS5MVpGl0cjt3jcHtya_Kszbpon"
                }
              },
              "server": {
                "schema": {
                  "type": "string",
                  "example": "SAP"
                }
              },
              "strict-transport-security": {
                "schema": {
                  "type": "string",
                  "example": "max-age=31536000; includeSubDomains; preload;"
                }
              },
              "transfer-encoding": {
                "schema": {
                  "type": "string",
                  "example": "chunked"
                }
              },
              "x-content-type-options": {
                "schema": {
                  "type": "string",
                  "example": "nosniff"
                }
              },
              "x-correlationid": {
                "schema": {
                  "type": "string",
                  "example": "ff246a94-814a-43cb-6086-0a32d289bf52"
                }
              },
              "x-frame-options": {
                "schema": {
                  "type": "string",
                  "example": "DENY"
                }
              },
              "x-vcap-request-id": {
                "schema": {
                  "type": "string",
                  "example": "ff246a94-814a-43cb-6086-0a32d289bf52"
                }
              },
              "x-xss-protection": {
                "schema": {
                  "type": "string",
                  "example": "1; mode=block"
                }
              }
            },
            "content": {
              "application/json": {
                "schema": {
                  "type": "object",
                  "properties": {
                    "catenaXId": {
                      "type": "string",
                      "example": "urn:uuid:60f90177-8213-4cdc-a6a7-068cf3333ec1"
                    },
                    "localIdentifiers": {
                      "type": "array",
                      "items": {
                        "type": "object",
                        "properties": {
                          "key": {
                            "type": "string",
                            "example": "partInstanceID"
                          },
                          "value": {
                            "type": "string",
                            "example": "SN-BMWX6-1676278421030"
                          }
                        }
                      },
                      "example": [
                        {
                          "key": "partInstanceID",
                          "value": "SN-BMWX6-1676278421030"
                        }
                      ]
                    },
                    "manufacturingInformation": {
                      "type": "object",
                      "properties": {
                        "country": {
                          "type": "string",
                          "example": "DEU"
                        },
                        "date": {
                          "type": "string",
                          "example": "2023-02-12T01:35:59.613Z"
                        }
                      }
                    },
                    "partTypeInformation": {
                      "type": "object",
                      "properties": {
                        "classification": {
                          "type": "string",
                          "example": "Product"
                        },
                        "customerPartId": {
                          "type": "string",
                          "example": "BMWX6"
                        },
                        "manufacturerPartId": {
                          "type": "string",
                          "example": "BMWX6"
                        },
                        "nameAtCustomer": {
                          "type": "string",
                          "example": "BMW X6"
                        },
                        "nameAtManufacturer": {
                          "type": "string",
                          "example": "BMW X6"
                        }
                      }
                    }
                  }
                },
                "examples": {
                  "serializepartTypization (Rene Iflow)": {
                    "value": {
                      "catenaXId": "urn:uuid:60f90177-8213-4cdc-a6a7-068cf3333ec1",
                      "localIdentifiers": [
                        {
                          "key": "partInstanceID",
                          "value": "SN-BMWX6-1676278421030"
                        }
                      ],
                      "manufacturingInformation": {
                        "country": "DEU",
                        "date": "2023-02-12T01:35:59.613Z"
                      },
                      "partTypeInformation": {
                        "classification": "Product",
                        "customerPartId": "BMWX6",
                        "manufacturerPartId": "BMWX6",
                        "nameAtCustomer": "BMW X6",
                        "nameAtManufacturer": "BMW X6"
                      }
                    }
                  }
                }
              }
            }
          }
        }
      }
    },
    "/http/assemblyPartRelationship_v2/urn%3Auuid%3A60f90177-8213-4cdc-a6a7-068cf3333ec1": {
      "get": {
        "summary": "assemblyPartRelationship",
        "description": "assemblyPartRelationship",
        "operationId": "assemblypartrelationship",
        "responses": {
          "200": {
            "description": "assemblyPartRelationship",
            "headers": {
              "catenaxid": {
                "schema": {
                  "type": "string",
                  "example": "60f90177-8213-4cdc-a6a7-068cf3333ec1"
                }
              },
              "content-security-policy": {
                "schema": {
                  "type": "string",
                  "example": "none"
                }
              },
              "date": {
                "schema": {
                  "type": "string",
                  "example": "Thu, 20 Jul 2023 13:10:49 GMT"
                }
              },
              "debugenabled": {
                "schema": {
                  "type": "string",
                  "example": "1"
                }
              },
              "expires": {
                "schema": {
                  "type": "string",
                  "example": "0"
                }
              },
              "sap_messageprocessinglogid": {
                "schema": {
                  "type": "string",
                  "example": "AGS5Mlf9BL6_zGs-gg7P376SXTOu"
                }
              },
              "sap_mplcorrelationid": {
                "schema": {
                  "type": "string",
                  "example": "AGS5Mlet-C632WoQ2qCIeAbCR5hI"
                }
              },
              "sap_pregeneratedmplid": {
                "schema": {
                  "type": "string",
                  "example": "AGS5MlgoivI_195NCDlLPOmIoJcq"
                }
              },
              "server": {
                "schema": {
                  "type": "string",
                  "example": "SAP"
                }
              },
              "strict-transport-security": {
                "schema": {
                  "type": "string",
                  "example": "max-age=31536000; includeSubDomains; preload;"
                }
              },
              "transfer-encoding": {
                "schema": {
                  "type": "string",
                  "example": "chunked"
                }
              },
              "x-content-type-options": {
                "schema": {
                  "type": "string",
                  "example": "nosniff"
                }
              },
              "x-correlationid": {
                "schema": {
                  "type": "string",
                  "example": "66cd455e-6054-467e-4309-401644d412e9"
                }
              },
              "x-frame-options": {
                "schema": {
                  "type": "string",
                  "example": "DENY"
                }
              },
              "x-vcap-request-id": {
                "schema": {
                  "type": "string",
                  "example": "66cd455e-6054-467e-4309-401644d412e9"
                }
              },
              "x-xss-protection": {
                "schema": {
                  "type": "string",
                  "example": "1; mode=block"
                }
              }
            },
            "content": {
              "application/json": {
                "schema": {
                  "type": "object",
                  "properties": {
                    "catenaXId": {
                      "type": "string",
                      "example": "urn:uuid:60f90177-8213-4cdc-a6a7-068cf3333ec1"
                    },
                    "childParts": {
                      "type": "array",
                      "items": {},
                      "example": []
                    }
                  }
                },
                "examples": {
                  "assemblyPartRelationship": {
                    "value": {
                      "catenaXId": "urn:uuid:60f90177-8213-4cdc-a6a7-068cf3333ec1",
                      "childParts": []
                    }
                  }
                }
              }
            }
          }
        }
      }
    }
  },
  "tags": []
}
