{
	"openapi": "3.0.3",
	"info": {
		"title": "Pricing Condition Replication In",
		"version": "1.0.0",
		"description": "Replicate pricing conditions from SAP S/4HANA"
	},
	"servers": [
		{
			"url": "https://{hostname}",
			"description": "Example of server url is https://my1234567.crm.cloud.sap",
			"variables": {
				"hostname": {
					"default": ""
				}
			}
		}
	],
	"components": {
		"securitySchemes": {
			"basicAuthentication": {
				"type": "http",
				"scheme": "basic"
			}
		},
		"schemas": {
			"error": {
				"type": "object",
				"properties": {
					"error": {
						"type": "object",
						"properties": {
							"code": {
								"type": "string"
							},
							"details": {
								"type": "array",
								"items": {
									"type": "object",
									"properties": {
										"message": {
											"type": "string"
										},
										"code": {
											"type": "string"
										},
										"target": {
											"type": "string"
										}
									}
								}
							},
							"message": {
								"type": "string"
							},
							"target": {
								"type": "string"
							}
						}
					}
				}
			},
			"PricingConditionReplicationIncreaterequest": {
				"title": "Pricing Condition Replication In create request",
				"type": "object",
				"properties": {
					"messageHeader": {
						"type": "object",
						"properties": {
							"id": {
								"type": "string",
								"nullable": true,
								"format": "uuid",
								"title": "ID"
							},
							"senderCommunicationSystemDisplayId": {
								"type": "string",
								"nullable": true,
								"title": "Sender Communication System Display ID"
							},
							"receiverCommunicationSystemDisplayId": {
								"type": "string",
								"nullable": true,
								"title": "Receiver Communication System Display ID"
							},
							"creationDateTime": {
								"type": "string",
								"format": "date-time",
								"nullable": true
							}
						}
					},
					"messageRequests": {
						"type": "array",
						"items": {
							"type": "object",
							"properties": {
								"messageHeader": {
									"type": "object",
									"properties": {
										"id": {
											"type": "string",
											"nullable": true,
											"format": "uuid",
											"title": "ID"
										},
										"messageEntityName": {
											"type": "string",
											"nullable": true
										},
										"creationDateTime": {
											"type": "string",
											"format": "date-time",
											"nullable": true
										},
										"actionCode": {
											"type": "string",
											"nullable": true,
											"enum": [
												"CREATE",
												"DELETE",
												"SAVE",
												"QUERY"
											],
											"title": "Action Code"
										},
										"referenceMessageRequestId": {
											"type": "string",
											"nullable": true,
											"title": "Reference Message Request ID"
										}
									}
								},
								"body": {
									"type": "object",
									"properties": {
										"conditionId": {
											"type": "string",
											"nullable": true
										},
										"conditionTable": {
											"type": "string",
											"nullable": true
										},
										"conditionType": {
											"type": "string",
											"nullable": true
										},
										"originalValidityFrom": {
											"type": "string",
											"format": "date-time",
											"nullable": true
										},
										"originalValidityTo": {
											"type": "string",
											"format": "date-time",
											"nullable": true
										},
										"rateValue": {
											"type": "number",
											"nullable": true
										},
										"rateUnit": {
											"type": "string",
											"nullable": true
										},
										"pricingUnit": {
											"type": "number",
											"nullable": true
										},
										"unitOfMeasure": {
											"type": "string",
											"nullable": true
										},
										"scaleUnitOfMeasure": {
											"type": "string",
											"nullable": true
										},
										"scaleType": {
											"type": "string",
											"nullable": true
										},
										"paymentTerms": {
											"type": "string",
											"nullable": true
										},
										"isDeleted": {
											"type": "boolean",
											"nullable": true
										},
										"conditionValidity": {
											"type": "array",
											"items": {
												"type": "object",
												"properties": {
													"displayId": {
														"type": "string",
														"nullable": true
													},
													"validityFrom": {
														"type": "string",
														"format": "date-time",
														"nullable": true
													},
													"validityTo": {
														"type": "string",
														"format": "date-time",
														"nullable": true
													},
													"country": {
														"type": "string",
														"nullable": true
													},
													"incoterms": {
														"type": "string",
														"nullable": true
													},
													"IncotermsLocation": {
														"type": "string",
														"nullable": true
													},
													"customerGroup": {
														"type": "string",
														"nullable": true
													},
													"productGroup": {
														"type": "string",
														"nullable": true
													},
													"productGroup1": {
														"type": "string",
														"nullable": true
													},
													"productGroup2": {
														"type": "string",
														"nullable": true
													},
													"productGroup3": {
														"type": "string",
														"nullable": true
													},
													"productGroup4": {
														"type": "string",
														"nullable": true
													},
													"productGroup5": {
														"type": "string",
														"nullable": true
													},
													"product": {
														"type": "string",
														"nullable": true
													},
													"division": {
														"type": "string",
														"nullable": true
													},
													"salesOrganisation": {
														"type": "string",
														"nullable": true
													},
													"distributionChannel": {
														"type": "string",
														"nullable": true
													},
													"buyer": {
														"type": "string",
														"nullable": true
													},
													"shipTo": {
														"type": "string",
														"nullable": true
													},
													"priceList": {
														"type": "string",
														"nullable": true
													},
													"priceGroup": {
														"type": "string",
														"nullable": true
													},
													"plant": {
														"type": "string",
														"nullable": true
													}
												}
											}
										},
										"scale": {
											"type": "array",
											"items": {
												"type": "object",
												"properties": {
													"quantity": {
														"type": "integer",
														"nullable": true
													},
													"scaledRate": {
														"type": "number",
														"nullable": true,
														"format": "double"
													}
												}
											}
										}
									}
								}
							}
						}
					}
				}
			},
			"PricingConditionReplicationInfile": {
				"title": "Pricing Condition Replication In file",
				"type": "object",
				"properties": {
					"value": {
						"type": "object",
						"properties": {
							"messageHeader": {
								"type": "object",
								"properties": {
									"id": {
										"type": "string",
										"nullable": true,
										"format": "uuid",
										"title": "ID"
									},
									"senderCommunicationSystemDisplayId": {
										"type": "string",
										"nullable": true,
										"title": "Sender Communication System Display ID"
									},
									"receiverCommunicationSystemDisplayId": {
										"type": "string",
										"nullable": true,
										"title": "Receiver Communication System Display ID"
									},
									"creationDateTime": {
										"type": "string",
										"format": "date-time",
										"nullable": true
									}
								}
							},
							"messageRequests": {
								"type": "array",
								"items": {
									"type": "object",
									"properties": {
										"messageHeader": {
											"type": "object",
											"properties": {
												"id": {
													"type": "string",
													"nullable": true,
													"format": "uuid",
													"title": "ID"
												},
												"messageEntityName": {
													"type": "string",
													"nullable": true
												},
												"creationDateTime": {
													"type": "string",
													"format": "date-time",
													"nullable": true
												},
												"actionCode": {
													"type": "string",
													"nullable": true,
													"enum": [
														"CREATE",
														"DELETE",
														"SAVE",
														"QUERY"
													],
													"title": "Action Code"
												},
												"referenceMessageRequestId": {
													"type": "string",
													"nullable": true,
													"title": "Reference Message Request ID"
												}
											}
										},
										"body": {
											"type": "object",
											"properties": {
												"conditionId": {
													"type": "string",
													"nullable": true
												},
												"conditionTable": {
													"type": "string",
													"nullable": true
												},
												"conditionType": {
													"type": "string",
													"nullable": true
												},
												"originalValidityFrom": {
													"type": "string",
													"format": "date-time",
													"nullable": true
												},
												"originalValidityTo": {
													"type": "string",
													"format": "date-time",
													"nullable": true
												},
												"rateValue": {
													"type": "number",
													"nullable": true
												},
												"rateUnit": {
													"type": "string",
													"nullable": true
												},
												"pricingUnit": {
													"type": "number",
													"nullable": true
												},
												"unitOfMeasure": {
													"type": "string",
													"nullable": true
												},
												"scaleUnitOfMeasure": {
													"type": "string",
													"nullable": true
												},
												"scaleType": {
													"type": "string",
													"nullable": true
												},
												"paymentTerms": {
													"type": "string",
													"nullable": true
												},
												"isDeleted": {
													"type": "boolean",
													"nullable": true
												},
												"conditionValidity": {
													"type": "array",
													"items": {
														"type": "object",
														"properties": {
															"displayId": {
																"type": "string",
																"nullable": true
															},
															"validityFrom": {
																"type": "string",
																"format": "date-time",
																"nullable": true
															},
															"validityTo": {
																"type": "string",
																"format": "date-time",
																"nullable": true
															},
															"country": {
																"type": "string",
																"nullable": true
															},
															"incoterms": {
																"type": "string",
																"nullable": true
															},
															"IncotermsLocation": {
																"type": "string",
																"nullable": true
															},
															"customerGroup": {
																"type": "string",
																"nullable": true
															},
															"productGroup": {
																"type": "string",
																"nullable": true
															},
															"productGroup1": {
																"type": "string",
																"nullable": true
															},
															"productGroup2": {
																"type": "string",
																"nullable": true
															},
															"productGroup3": {
																"type": "string",
																"nullable": true
															},
															"productGroup4": {
																"type": "string",
																"nullable": true
															},
															"productGroup5": {
																"type": "string",
																"nullable": true
															},
															"product": {
																"type": "string",
																"nullable": true
															},
															"division": {
																"type": "string",
																"nullable": true
															},
															"salesOrganisation": {
																"type": "string",
																"nullable": true
															},
															"distributionChannel": {
																"type": "string",
																"nullable": true
															},
															"buyer": {
																"type": "string",
																"nullable": true
															},
															"shipTo": {
																"type": "string",
																"nullable": true
															},
															"priceList": {
																"type": "string",
																"nullable": true
															},
															"priceGroup": {
																"type": "string",
																"nullable": true
															},
															"plant": {
																"type": "string",
																"nullable": true
															}
														}
													}
												},
												"scale": {
													"type": "array",
													"items": {
														"type": "object",
														"properties": {
															"quantity": {
																"type": "integer",
																"nullable": true
															},
															"scaledRate": {
																"type": "number",
																"nullable": true,
																"format": "double"
															}
														}
													}
												}
											}
										}
									}
								}
							}
						}
					}
				}
			}
		}
	},
	"security": [
		{
			"basicAuthentication": []
		}
	],
	"paths": {
		"/sap/c4c/api/v1/inbound-data-connector-service/messages/sap.crm.pricingmasterdataservice.entity.pricingConditionS4ReplicationMessageIn": {
			"post": {
				"operationId": "createpricingmasterdataservice_pricingConditionS4ReplicationIn",
				"tags": [
					"PricingConditionS4ReplicationIn"
				],
				"summary": "Create data",
				"parameters": [],
				"requestBody": {
					"content": {
						"application/json": {
							"schema": {
								"$ref": "#/components/schemas/PricingConditionReplicationIncreaterequest"
							}
						}
					}
				},
				"responses": {
					"201": {
						"description": "201 CREATED",
						"content": {
							"application/json": {
								"schema": {
									"$ref": "#/components/schemas/PricingConditionReplicationInfile"
								}
							}
						}
					},
					"400": {
						"description": "400 BAD_REQUEST",
						"content": {
							"application/json": {
								"schema": {
									"$ref": "#/components/schemas/error"
								}
							}
						}
					},
					"401": {
						"description": "401 UNAUTHORIZED"
					},
					"403": {
						"description": "403 FORBIDDEN"
					},
					"404": {
						"description": "404 NOT_FOUND"
					},
					"500": {
						"description": "500 INTERNAL_SERVER_ERROR",
						"content": {
							"application/json": {
								"schema": {
									"$ref": "#/components/schemas/error"
								}
							}
						}
					}
				}
			}
		}
	},
	"x-sap-shortText": "Manage entities from Pricing Condition Replication In service."
}