<xs:schema attributeFormDefault="unqualified" elementFormDefault="qualified" xmlns:xs="http://www.w3.org/2001/XMLSchema">
  <xs:element name="root">
    <xs:complexType>
      <xs:sequence>
        <xs:element name="d">
          <xs:complexType>
            <xs:sequence>
              <xs:element name="ArtifactContent">
                <xs:complexType>
                  <xs:simpleContent>
                    <xs:extension base="xs:string">
                      <xs:attribute type="xs:string" name="null"/>
                    </xs:extension>
                  </xs:simpleContent>
                </xs:complexType>
              </xs:element>
              <xs:element type="xs:string" name="Description"/>
              <xs:element type="xs:string" name="Id"/>
              <xs:element type="xs:string" name="Name"/>
              <xs:element type="xs:string" name="PackageId"/>
              <xs:element name="ValMapSchema">
                <xs:complexType>
                  <xs:sequence>
                    <xs:element name="__deferred">
                      <xs:complexType>
                        <xs:sequence>
                          <xs:element type="xs:string" name="uri"/>
                        </xs:sequence>
                      </xs:complexType>
                    </xs:element>
                  </xs:sequence>
                </xs:complexType>
              </xs:element>
              <xs:element type="xs:string" name="Version"/>
              <xs:element name="__metadata">
                <xs:complexType>
                  <xs:sequence>
                    <xs:element type="xs:string" name="content_type"/>
                    <xs:element type="xs:string" name="edit_media"/>
                    <xs:element type="xs:string" name="id"/>
                    <xs:element type="xs:string" name="media_src"/>
                    <xs:element type="xs:string" name="type"/>
                    <xs:element type="xs:string" name="uri"/>
                  </xs:sequence>
                </xs:complexType>
              </xs:element>
            </xs:sequence>
          </xs:complexType>
        </xs:element>
      </xs:sequence>
    </xs:complexType>
  </xs:element>
</xs:schema>