<?xml version="1.0" encoding="UTF-8"?>
<edmx:Edmx xmlns:edmx="http://docs.oasis-open.org/odata/ns/edmx" Version="4.0">
   <edmx:Reference Uri="https://oasis-tcs.github.io/odata-vocabularies/vocabularies/Org.OData.Capabilities.V1.xml">
      <edmx:Include Namespace="Org.OData.Capabilities.V1" Alias="Capabilities" />
   </edmx:Reference>
   <edmx:Reference Uri="https://sap.github.io/odata-vocabularies/vocabularies/Common.xml">
      <edmx:Include Namespace="com.sap.vocabularies.Common.v1" Alias="Common" />
   </edmx:Reference>
   <edmx:Reference Uri="https://sap.github.io/odata-vocabularies/vocabularies/Communication.xml">
      <edmx:Include Namespace="com.sap.vocabularies.Communication.v1" Alias="Communication" />
   </edmx:Reference>
   <edmx:Reference Uri="https://oasis-tcs.github.io/odata-vocabularies/vocabularies/Org.OData.Core.V1.xml">
      <edmx:Include Namespace="Org.OData.Core.V1" Alias="Core" />
   </edmx:Reference>
   <edmx:Reference Uri="https://sap.github.io/odata-vocabularies/vocabularies/UI.xml">
      <edmx:Include Namespace="com.sap.vocabularies.UI.v1" Alias="UI" />
   </edmx:Reference>
   <edmx:DataServices>
      <Schema xmlns="http://docs.oasis-open.org/odata/ns/edm" Namespace="MasterDataService">
         <EntityType Name="Address">
            <Key>
               <PropertyRef Name="ID" />
            </Key>
            <Property Name="ID" Type="Edm.Guid" Nullable="false" />
            <Property Name="address" Type="Edm.String" MaxLength="10" />
            <Property Name="street" Type="Edm.String" MaxLength="60" />
            <Property Name="houseNumber" Type="Edm.String" MaxLength="10" />
            <Property Name="addressLine1" Type="Edm.String" MaxLength="60" />
            <Property Name="addressLine2" Type="Edm.String" MaxLength="60" />
            <Property Name="addressLine3" Type="Edm.String" MaxLength="60" />
            <Property Name="postalCode" Type="Edm.String" MaxLength="10" />
            <Property Name="city" Type="Edm.String" MaxLength="40" />
            <Property Name="countryKey" Type="Edm.String" MaxLength="3" />
            <Property Name="country" Type="Edm.String" MaxLength="15" />
            <Property Name="poBox" Type="Edm.String" MaxLength="10" />
            <Property Name="mobile" Type="Edm.String" MaxLength="30" />
            <Property Name="telephone" Type="Edm.String" MaxLength="30" />
            <Property Name="extension" Type="Edm.String" MaxLength="10" />
            <Property Name="faxNumber" Type="Edm.String" MaxLength="31" />
            <Property Name="email" Type="Edm.String" MaxLength="241" />
            <Property Name="contactPerson" Type="Edm.String" MaxLength="60" />
         </EntityType>
         <EntityType Name="BusinessPartner">
            <Key>
               <PropertyRef Name="ID" />
            </Key>
            <Property Name="ID" Type="Edm.Guid" Nullable="false" />
            <Property Name="businessPartnerNumber" Type="Edm.String" MaxLength="10" />
            <Property Name="vendorCode" Type="Edm.String" MaxLength="10" />
            <Property Name="customerCode" Type="Edm.String" MaxLength="10" />
            <Property Name="companyCode" Type="Edm.String" MaxLength="4" />
            <Property Name="businessPartnerName1" Type="Edm.String" MaxLength="40" />
            <Property Name="businessPartnerName2" Type="Edm.String" MaxLength="40" />
            <Property Name="address" Type="Edm.String" MaxLength="10" />
            <Property Name="businessPartnerType" Type="Edm.String" MaxLength="2" />
            <Property Name="companyCodeID_ID" Type="Edm.Guid" />
            <Property Name="addressID_ID" Type="Edm.Guid" />
            <NavigationProperty Name="companyCodeID" Type="MasterDataService.CompanyCode">
               <ReferentialConstraint Property="companyCodeID_ID" ReferencedProperty="ID" />
            </NavigationProperty>
            <NavigationProperty Name="addressID" Type="MasterDataService.Address">
               <ReferentialConstraint Property="addressID_ID" ReferencedProperty="ID" />
            </NavigationProperty>
         </EntityType>
         <EntityType Name="CompanyCode">
            <Key>
               <PropertyRef Name="ID" />
            </Key>
            <Property Name="ID" Type="Edm.Guid" Nullable="false" />
            <Property Name="companyCode" Type="Edm.String" MaxLength="4" />
            <Property Name="companyCodeName" Type="Edm.String" MaxLength="25" />
            <Property Name="countryKey" Type="Edm.String" MaxLength="3" />
            <Property Name="address" Type="Edm.String" MaxLength="10" />
            <Property Name="currency_code" Type="Edm.String" MaxLength="3" />
            <Property Name="addressID_ID" Type="Edm.Guid" />
            <NavigationProperty Name="currency" Type="MasterDataService.Currencies">
               <ReferentialConstraint Property="currency_code" ReferencedProperty="code" />
            </NavigationProperty>
            <NavigationProperty Name="addressID" Type="MasterDataService.Address">
               <ReferentialConstraint Property="addressID_ID" ReferencedProperty="ID" />
            </NavigationProperty>
            <NavigationProperty Name="plants" Type="Collection(MasterDataService.Plant)" />
            <NavigationProperty Name="businessPartners" Type="Collection(MasterDataService.BusinessPartner)" />
         </EntityType>
         <EntityType Name="Currencies">
            <Key>
               <PropertyRef Name="code" />
            </Key>
            <Property Name="name" Type="Edm.String" MaxLength="255" />
            <Property Name="descr" Type="Edm.String" MaxLength="1000" />
            <Property Name="code" Type="Edm.String" Nullable="false" MaxLength="3" />
            <Property Name="symbol" Type="Edm.String" MaxLength="5" />
            <NavigationProperty Name="texts" Type="Collection(MasterDataService.Currencies_texts)">
               <OnDelete Action="Cascade" />
            </NavigationProperty>
            <NavigationProperty Name="localized" Type="MasterDataService.Currencies_texts">
               <ReferentialConstraint Property="code" ReferencedProperty="code" />
            </NavigationProperty>
         </EntityType>
         <EntityType Name="Currencies_texts">
            <Key>
               <PropertyRef Name="locale" />
               <PropertyRef Name="code" />
            </Key>
            <Property Name="locale" Type="Edm.String" Nullable="false" MaxLength="14" />
            <Property Name="name" Type="Edm.String" MaxLength="255" />
            <Property Name="descr" Type="Edm.String" MaxLength="1000" />
            <Property Name="code" Type="Edm.String" Nullable="false" MaxLength="3" />
         </EntityType>
         <EntityType Name="DistributionChannel">
            <Key>
               <PropertyRef Name="ID" />
            </Key>
            <Property Name="ID" Type="Edm.Guid" Nullable="false" />
            <Property Name="distributionChannel" Type="Edm.String" MaxLength="2" />
            <Property Name="distributionChannelName" Type="Edm.String" MaxLength="20" />
            <Property Name="salesOrganization" Type="Edm.String" MaxLength="4" />
            <Property Name="salesOrganizationID_ID" Type="Edm.Guid" />
            <NavigationProperty Name="salesOrganizationID" Type="MasterDataService.SalesOrganization">
               <ReferentialConstraint Property="salesOrganizationID_ID" ReferencedProperty="ID" />
            </NavigationProperty>
         </EntityType>
         <EntityType Name="Division">
            <Key>
               <PropertyRef Name="ID" />
            </Key>
            <Property Name="ID" Type="Edm.Guid" Nullable="false" />
            <Property Name="salesDivision" Type="Edm.String" MaxLength="2" />
            <Property Name="salesDivisionName" Type="Edm.String" MaxLength="20" />
            <Property Name="salesOrganization" Type="Edm.String" MaxLength="4" />
            <Property Name="salesOrganizationID_ID" Type="Edm.Guid" />
            <NavigationProperty Name="salesOrganizationID" Type="MasterDataService.SalesOrganization">
               <ReferentialConstraint Property="salesOrganizationID_ID" ReferencedProperty="ID" />
            </NavigationProperty>
         </EntityType>
         <EntityType Name="Location">
            <Key>
               <PropertyRef Name="ID" />
            </Key>
            <Property Name="ID" Type="Edm.Guid" Nullable="false" />
            <Property Name="name" Type="Edm.String" MaxLength="40" />
            <Property Name="number" Type="Edm.String" MaxLength="10" />
            <Property Name="partnerType" Type="Edm.String" MaxLength="2" />
            <Property Name="vendorCode" Type="Edm.String" MaxLength="10" />
            <Property Name="customerCode" Type="Edm.String" MaxLength="10" />
            <Property Name="street" Type="Edm.String" MaxLength="60" />
            <Property Name="houseNumber" Type="Edm.String" MaxLength="10" />
            <Property Name="addressLine1" Type="Edm.String" MaxLength="60" />
            <Property Name="addressLine2" Type="Edm.String" MaxLength="60" />
            <Property Name="addressLine3" Type="Edm.String" MaxLength="60" />
            <Property Name="postalCode" Type="Edm.String" MaxLength="10" />
            <Property Name="city" Type="Edm.String" MaxLength="40" />
            <Property Name="countryKey" Type="Edm.String" MaxLength="3" />
            <Property Name="poBox" Type="Edm.String" MaxLength="10" />
            <Property Name="mobile" Type="Edm.String" MaxLength="30" />
            <Property Name="telephone" Type="Edm.String" MaxLength="30" />
            <Property Name="extension" Type="Edm.String" MaxLength="10" />
            <Property Name="faxNumber" Type="Edm.String" MaxLength="31" />
            <Property Name="contactPerson" Type="Edm.String" MaxLength="60" />
         </EntityType>
         <EntityType Name="MaterialMasterGeneralData">
            <Key>
               <PropertyRef Name="ID" />
            </Key>
            <Property Name="ID" Type="Edm.Guid" Nullable="false" />
            <Property Name="materialCode" Type="Edm.String" MaxLength="40" />
            <Property Name="materialDescription" Type="Edm.String" MaxLength="40" />
            <Property Name="materialType" Type="Edm.String" MaxLength="4" />
            <Property Name="materialGroup" Type="Edm.String" MaxLength="9" />
            <Property Name="division" Type="Edm.String" MaxLength="2" />
            <Property Name="xPlantMaterialStatus" Type="Edm.String" MaxLength="2" />
			<Property Name="validFrom" Type="Edm.String" />
            <Property Name="grossWeight" Type="Edm.Decimal" Precision="13" Scale="3" />
            <Property Name="netWeight" Type="Edm.Decimal" Precision="13" Scale="3" />
            <Property Name="volume" Type="Edm.Decimal" Precision="13" Scale="3" />
            <Property Name="sizeDimensions" Type="Edm.String" MaxLength="32" />
            <Property Name="EAN_UPC" Type="Edm.String" MaxLength="18" />
            <Property Name="EANCategary" Type="Edm.String" MaxLength="2" />
            <Property Name="productCompositionIndicator" Type="Edm.String" MaxLength="1" />
            <Property Name="packagingMaterialGroup" Type="Edm.String" MaxLength="4" />
            <Property Name="baseUnitOfMeasure_code" Type="Edm.String" MaxLength="2" />
            <Property Name="weightUnit_code" Type="Edm.String" MaxLength="2" />
            <Property Name="volumeUnit_code" Type="Edm.String" MaxLength="2" />
            <NavigationProperty Name="baseUnitOfMeasure" Type="MasterDataService.UnitOfMeasures">
               <ReferentialConstraint Property="baseUnitOfMeasure_code" ReferencedProperty="code" />
            </NavigationProperty>
            <NavigationProperty Name="weightUnit" Type="MasterDataService.UnitOfMeasures">
               <ReferentialConstraint Property="weightUnit_code" ReferencedProperty="code" />
            </NavigationProperty>
            <NavigationProperty Name="volumeUnit" Type="MasterDataService.UnitOfMeasures">
               <ReferentialConstraint Property="volumeUnit_code" ReferencedProperty="code" />
            </NavigationProperty> 
         </EntityType>
         <EntityType Name="MaterialMasterPlantData">
            <Key>
               <PropertyRef Name="ID" />
            </Key>
            <Property Name="ID" Type="Edm.Guid" Nullable="false" />
            <Property Name="materialCode" Type="Edm.String" MaxLength="40" />
            <Property Name="plant" Type="Edm.String" MaxLength="4" />
            <Property Name="containerRequirements" Type="Edm.String" MaxLength="2" />
            <Property Name="grossWeight" Type="Edm.Decimal" Precision="13" Scale="3" />
            <Property Name="netWeight" Type="Edm.Decimal" Precision="13" Scale="3" />
            <Property Name="volume" Type="Edm.Decimal" Precision="13" Scale="3" />
            <Property Name="serialNumberProfile" Type="Edm.String" MaxLength="4" />
            <Property Name="reorderPoint" Type="Edm.String" MaxLength="13" />
            <Property Name="mrpType" Type="Edm.String" MaxLength="3" />
            <Property Name="pricingIndicator" Type="Edm.String" MaxLength="1" />
            <Property Name="materialCodeID_ID" Type="Edm.Guid" />
            <Property Name="plantID_ID" Type="Edm.Guid" />
            <Property Name="weightUnit_code" Type="Edm.String" MaxLength="2" />
            <Property Name="standardPrice_price" Type="Edm.Decimal" Precision="11" Scale="2" />
            <Property Name="movingAveragePrice_price" Type="Edm.Decimal" Precision="11" Scale="2" />
            <NavigationProperty Name="materialCodeID" Type="MasterDataService.MaterialMasterGeneralData">
               <ReferentialConstraint Property="materialCodeID_ID" ReferencedProperty="ID" />
            </NavigationProperty>
            <NavigationProperty Name="plantID" Type="MasterDataService.Plant">
               <ReferentialConstraint Property="plantID_ID" ReferencedProperty="ID" />
            </NavigationProperty>
            <NavigationProperty Name="weightUnit" Type="MasterDataService.UnitOfMeasures">
               <ReferentialConstraint Property="weightUnit_code" ReferencedProperty="code" />
            </NavigationProperty>
         </EntityType>
         <EntityType Name="MaterialMasterSalesData">
            <Key>
               <PropertyRef Name="ID" />
            </Key>
            <Property Name="ID" Type="Edm.Guid" Nullable="false" />
            <Property Name="materialCode" Type="Edm.String" MaxLength="40" />
            <Property Name="salesOrganization" Type="Edm.String" MaxLength="4" />
            <Property Name="distributionChannel" Type="Edm.String" MaxLength="2" />
            <Property Name="materialCodeID_ID" Type="Edm.Guid" />
            <Property Name="salesOrganizationID_ID" Type="Edm.Guid" />
            <Property Name="distributionChannelID_ID" Type="Edm.Guid" />
            <NavigationProperty Name="materialCodeID" Type="MasterDataService.MaterialMasterGeneralData">
               <ReferentialConstraint Property="materialCodeID_ID" ReferencedProperty="ID" />
            </NavigationProperty>
            <NavigationProperty Name="salesOrganizationID" Type="MasterDataService.SalesOrganization">
               <ReferentialConstraint Property="salesOrganizationID_ID" ReferencedProperty="ID" />
            </NavigationProperty>
            <NavigationProperty Name="distributionChannelID" Type="MasterDataService.DistributionChannel">
               <ReferentialConstraint Property="distributionChannelID_ID" ReferencedProperty="ID" />
            </NavigationProperty>
         </EntityType>
         <EntityType Name="Partner">
            <Key>
               <PropertyRef Name="ID" />
            </Key>
            <Property Name="ID" Type="Edm.Guid" Nullable="false" />
            <Property Name="name" Type="Edm.String" MaxLength="40" />
            <Property Name="number" Type="Edm.String" MaxLength="10" />
            <Property Name="partnerType" Type="Edm.String" MaxLength="2" />
            <Property Name="vendorCode" Type="Edm.String" MaxLength="10" />
            <Property Name="customerCode" Type="Edm.String" MaxLength="10" />
            <Property Name="street" Type="Edm.String" MaxLength="60" />
            <Property Name="houseNumber" Type="Edm.String" MaxLength="10" />
            <Property Name="addressLine1" Type="Edm.String" MaxLength="60" />
            <Property Name="addressLine2" Type="Edm.String" MaxLength="60" />
            <Property Name="addressLine3" Type="Edm.String" MaxLength="60" />
            <Property Name="postalCode" Type="Edm.String" MaxLength="10" />
            <Property Name="city" Type="Edm.String" MaxLength="40" />
            <Property Name="countryKey" Type="Edm.String" MaxLength="3" />
            <Property Name="poBox" Type="Edm.String" MaxLength="10" />
            <Property Name="mobile" Type="Edm.String" MaxLength="30" />
            <Property Name="telephone" Type="Edm.String" MaxLength="30" />
            <Property Name="extension" Type="Edm.String" MaxLength="10" />
            <Property Name="faxNumber" Type="Edm.String" MaxLength="31" />
            <Property Name="contactPerson" Type="Edm.String" MaxLength="60" />
         </EntityType>
         <EntityType Name="Plant">
            <Key>
               <PropertyRef Name="ID" />
            </Key>
            <Property Name="ID" Type="Edm.Guid" Nullable="false" />
            <Property Name="plant" Type="Edm.String" MaxLength="4" />
            <Property Name="plantName" Type="Edm.String" MaxLength="25" />
            <Property Name="plantNameExtension" Type="Edm.String" MaxLength="40" />
            <Property Name="companyCode" Type="Edm.String" MaxLength="4" />
            <Property Name="customerNoOfPlant" Type="Edm.String" MaxLength="10" />
            <Property Name="supplierNoOfPlant" Type="Edm.String" MaxLength="10" />
            <Property Name="address" Type="Edm.String" MaxLength="10" />
            <Property Name="factoryCalendar" Type="Edm.String" MaxLength="2" />
            <Property Name="companyCodeID_ID" Type="Edm.Guid" />
            <Property Name="addressID_ID" Type="Edm.Guid" />
            <NavigationProperty Name="companyCodeID" Type="MasterDataService.CompanyCode">
               <ReferentialConstraint Property="companyCodeID_ID" ReferencedProperty="ID" />
            </NavigationProperty>
            <NavigationProperty Name="addressID" Type="MasterDataService.Address">
               <ReferentialConstraint Property="addressID_ID" ReferencedProperty="ID" />
            </NavigationProperty>
            <NavigationProperty Name="materialMasterPlantData" Type="Collection(MasterDataService.MaterialMasterPlantData)" />
            <NavigationProperty Name="storageLocation" Type="Collection(MasterDataService.StorageLocation)" />
         </EntityType>
         <EntityType Name="SalesOrganization">
            <Key>
               <PropertyRef Name="ID" />
            </Key>
            <Property Name="ID" Type="Edm.Guid" Nullable="false" />
            <Property Name="salesOrganization" Type="Edm.String" MaxLength="4" />
            <Property Name="salesOrganizationName" Type="Edm.String" MaxLength="25" />
            <Property Name="companyCode" Type="Edm.String" MaxLength="4" />
            <Property Name="companyCodeID_ID" Type="Edm.Guid" />
            <NavigationProperty Name="companyCodeID" Type="MasterDataService.CompanyCode">
               <ReferentialConstraint Property="companyCodeID_ID" ReferencedProperty="ID" />
            </NavigationProperty>
            <NavigationProperty Name="distributionChannel" Type="Collection(MasterDataService.DistributionChannel)" />
            <NavigationProperty Name="division" Type="Collection(MasterDataService.Division)" />
            <NavigationProperty Name="materialMasterSalesData" Type="Collection(MasterDataService.MaterialMasterSalesData)" />
         </EntityType>
         <EntityType Name="StorageLocation">
            <Key>
               <PropertyRef Name="ID" />
            </Key>
            <Property Name="ID" Type="Edm.Guid" Nullable="false" />
            <Property Name="storageLocation" Type="Edm.String" MaxLength="4" />
            <Property Name="storageLocationName" Type="Edm.String" MaxLength="25" />
            <Property Name="plantCode" Type="Edm.String" MaxLength="4" />
            <Property Name="plantCodeID_ID" Type="Edm.Guid" />
            <NavigationProperty Name="plantCodeID" Type="MasterDataService.Plant">
               <ReferentialConstraint Property="plantCodeID_ID" ReferencedProperty="ID" />
            </NavigationProperty>
         </EntityType>
         <EntityType Name="UnitOfMeasures">
            <Key>
               <PropertyRef Name="code" />
            </Key>
            <Property Name="code" Type="Edm.String" Nullable="false" MaxLength="2" />
            <Property Name="name" Type="Edm.String" />
            <NavigationProperty Name="texts" Type="Collection(MasterDataService.UnitOfMeasures_texts)">
               <OnDelete Action="Cascade" />
            </NavigationProperty>
            <NavigationProperty Name="localized" Type="MasterDataService.UnitOfMeasures_texts">
               <ReferentialConstraint Property="code" ReferencedProperty="code" />
            </NavigationProperty>
         </EntityType>
         <EntityType Name="UnitOfMeasures_texts">
            <Key>
               <PropertyRef Name="locale" />
               <PropertyRef Name="code" />
            </Key>
            <Property Name="locale" Type="Edm.String" Nullable="false" MaxLength="14" />
            <Property Name="code" Type="Edm.String" Nullable="false" MaxLength="2" />
            <Property Name="name" Type="Edm.String" />
         </EntityType>
         <EntityType Name="User">
            <Key>
               <PropertyRef Name="ID" />
            </Key>
            <Property Name="ID" Type="Edm.Guid" Nullable="false" />
            <Property Name="businessUserId" Type="Edm.String" MaxLength="100" />
            <Property Name="firstName" Type="Edm.String" MaxLength="50" />
            <Property Name="lastName" Type="Edm.String" MaxLength="50" />
            <Property Name="number" Type="Edm.String" MaxLength="100" />
            <Property Name="email" Type="Edm.String" MaxLength="241" />
            <Property Name="address" Type="Edm.String" MaxLength="10" />
            <Property Name="logOnName" Type="Edm.String" MaxLength="100" />
            <Property Name="role" Type="Edm.String" MaxLength="2" />
         </EntityType>
         <EntityContainer Name="EntityContainer">
            <EntitySet Name="Address" EntityType="MasterDataService.Address" />
            <EntitySet Name="BusinessPartner" EntityType="MasterDataService.BusinessPartner">
               <NavigationPropertyBinding Path="companyCodeID" Target="CompanyCode" />
               <NavigationPropertyBinding Path="addressID" Target="Address" />
            </EntitySet>
            <EntitySet Name="CompanyCode" EntityType="MasterDataService.CompanyCode">
               <NavigationPropertyBinding Path="currency" Target="Currencies" />
               <NavigationPropertyBinding Path="addressID" Target="Address" />
               <NavigationPropertyBinding Path="plants" Target="Plant" />
               <NavigationPropertyBinding Path="businessPartners" Target="BusinessPartner" />
            </EntitySet>
            <EntitySet Name="Currencies" EntityType="MasterDataService.Currencies">
               <NavigationPropertyBinding Path="texts" Target="Currencies_texts" />
               <NavigationPropertyBinding Path="localized" Target="Currencies_texts" />
            </EntitySet>
            <EntitySet Name="Currencies_texts" EntityType="MasterDataService.Currencies_texts" />
            <EntitySet Name="DistributionChannel" EntityType="MasterDataService.DistributionChannel">
               <NavigationPropertyBinding Path="salesOrganizationID" Target="SalesOrganization" />
            </EntitySet>
            <EntitySet Name="Division" EntityType="MasterDataService.Division">
               <NavigationPropertyBinding Path="salesOrganizationID" Target="SalesOrganization" />
            </EntitySet>
            <EntitySet Name="Location" EntityType="MasterDataService.Location" />
            <EntitySet Name="MaterialMasterGeneralData" EntityType="MasterDataService.MaterialMasterGeneralData">
               <NavigationPropertyBinding Path="baseUnitOfMeasure" Target="UnitOfMeasures" />
               <NavigationPropertyBinding Path="weightUnit" Target="UnitOfMeasures" />
               <NavigationPropertyBinding Path="volumeUnit" Target="UnitOfMeasures" />
            </EntitySet>
            <EntitySet Name="MaterialMasterPlantData" EntityType="MasterDataService.MaterialMasterPlantData">
               <NavigationPropertyBinding Path="materialCodeID" Target="MaterialMasterGeneralData" />
               <NavigationPropertyBinding Path="plantID" Target="Plant" />
               <NavigationPropertyBinding Path="weightUnit" Target="UnitOfMeasures" />
            </EntitySet>
            <EntitySet Name="MaterialMasterSalesData" EntityType="MasterDataService.MaterialMasterSalesData">
               <NavigationPropertyBinding Path="materialCodeID" Target="MaterialMasterGeneralData" />
               <NavigationPropertyBinding Path="salesOrganizationID" Target="SalesOrganization" />
               <NavigationPropertyBinding Path="distributionChannelID" Target="DistributionChannel" />
            </EntitySet>
            <EntitySet Name="Partner" EntityType="MasterDataService.Partner" />
            <EntitySet Name="Plant" EntityType="MasterDataService.Plant">
               <NavigationPropertyBinding Path="companyCodeID" Target="CompanyCode" />
               <NavigationPropertyBinding Path="addressID" Target="Address" />
               <NavigationPropertyBinding Path="materialMasterPlantData" Target="MaterialMasterPlantData" />
               <NavigationPropertyBinding Path="storageLocation" Target="StorageLocation" />
            </EntitySet>
            <EntitySet Name="SalesOrganization" EntityType="MasterDataService.SalesOrganization">
               <NavigationPropertyBinding Path="companyCodeID" Target="CompanyCode" />
               <NavigationPropertyBinding Path="distributionChannel" Target="DistributionChannel" />
               <NavigationPropertyBinding Path="division" Target="Division" />
               <NavigationPropertyBinding Path="materialMasterSalesData" Target="MaterialMasterSalesData" />
            </EntitySet>
            <EntitySet Name="StorageLocation" EntityType="MasterDataService.StorageLocation">
               <NavigationPropertyBinding Path="plantCodeID" Target="Plant" />
            </EntitySet>
            <EntitySet Name="UnitOfMeasures" EntityType="MasterDataService.UnitOfMeasures">
               <NavigationPropertyBinding Path="texts" Target="UnitOfMeasures_texts" />
               <NavigationPropertyBinding Path="localized" Target="UnitOfMeasures_texts" />
            </EntitySet>
            <EntitySet Name="UnitOfMeasures_texts" EntityType="MasterDataService.UnitOfMeasures_texts" />
            <EntitySet Name="User" EntityType="MasterDataService.User" />
         </EntityContainer>
         <Annotations Target="MasterDataService.BusinessPartner/companyCodeID_ID">
            <Annotation Term="Common.ValueListMapping">
               <Record Type="Common.ValueListMappingType">
                  <PropertyValue Property="CollectionPath">
                     <String>CompanyCodes</String>
                  </PropertyValue>
                  <PropertyValue Property="Label">
                     <String>Company Code</String>
                  </PropertyValue>
                  <PropertyValue Property="Parameters">
                     <Collection>
                        <Record Type="Common.ValueListParameterInOut">
                           <PropertyValue Property="ValueListProperty">
                              <String>ID</String>
                           </PropertyValue>
                           <PropertyValue Property="LocalDataProperty">
                              <PropertyPath>companyCode_ID</PropertyPath>
                           </PropertyValue>
                        </Record>
                        <Record Type="Common.ValueListParameterDisplayOnly">
                           <PropertyValue Property="ValueListProperty">
                              <String>companyCode</String>
                           </PropertyValue>
                        </Record>
                        <Record Type="Common.ValueListParameterDisplayOnly">
                           <PropertyValue Property="ValueListProperty">
                              <String>companyCodeName</String>
                           </PropertyValue>
                        </Record>
                     </Collection>
                  </PropertyValue>
               </Record>
            </Annotation>
         </Annotations>
         <Annotations Target="MasterDataService.EntityContainer/CompanyCode">
            <Annotation Term="Capabilities.SearchRestrictions">
               <Record Type="Capabilities.SearchRestrictionsType">
                  <PropertyValue Property="Searchable">
                     <Bool>true</Bool>
                  </PropertyValue>
               </Record>
            </Annotation>
         </Annotations>
         <Annotations Target="MasterDataService.CompanyCode/ID">
            <Annotation Term="Common.Label">
               <String>Company Code</String>
            </Annotation>
            <Annotation Term="Common.Text">
               <Path>companyCodeName</Path>
               <Annotation Term="UI.TextArrangement">
                  <EnumMember>UI.TextArrangementType/TextOnly</EnumMember>
               </Annotation>
            </Annotation>
            <Annotation Term="UI.Hidden">
               <Bool>true</Bool>
            </Annotation>
         </Annotations>
         <Annotations Target="MasterDataService.CompanyCode/companyCode">
            <Annotation Term="Common.Label">
               <String>Company Code</String>
            </Annotation>
            <Annotation Term="Common.Text">
               <Path>companyCodeName</Path>
               <Annotation Term="UI.TextArrangement">
                  <EnumMember>UI.TextArrangementType/TextFirst</EnumMember>
               </Annotation>
            </Annotation>
         </Annotations>
         <Annotations Target="MasterDataService.CompanyCode/companyCodeName">
            <Annotation Term="Common.Label">
               <String>Company Code Name</String>
            </Annotation>
         </Annotations>
         <Annotations Target="MasterDataService.CompanyCode/countryKey">
            <Annotation Term="UI.HiddenFilter">
               <Bool>true</Bool>
            </Annotation>
         </Annotations>
         <Annotations Target="MasterDataService.CompanyCode/currency">
            <Annotation Term="Common.Label">
               <String>Currency</String>
            </Annotation>
            <Annotation Term="Core.Description">
               <String>A currency code as specified in ISO 4217</String>
            </Annotation>
            <Annotation Term="UI.HiddenFilter">
               <Bool>true</Bool>
            </Annotation>
         </Annotations>
         <Annotations Target="MasterDataService.CompanyCode/addressID">
            <Annotation Term="UI.Hidden">
               <Bool>true</Bool>
            </Annotation>
            <Annotation Term="UI.HiddenFilter">
               <Bool>true</Bool>
            </Annotation>
         </Annotations>
         <Annotations Target="MasterDataService.CompanyCode/address">
            <Annotation Term="UI.Hidden">
               <Bool>true</Bool>
            </Annotation>
            <Annotation Term="UI.HiddenFilter">
               <Bool>true</Bool>
            </Annotation>
         </Annotations>
         <Annotations Target="MasterDataService.CompanyCode/plants">
            <Annotation Term="UI.HiddenFilter">
               <Bool>true</Bool>
            </Annotation>
         </Annotations>
         <Annotations Target="MasterDataService.CompanyCode/currency_code">
            <Annotation Term="Common.Label">
               <String>Currency</String>
            </Annotation>
            <Annotation Term="Common.ValueList">
               <Record Type="Common.ValueListType">
                  <PropertyValue Property="Label">
                     <String>Currency</String>
                  </PropertyValue>
                  <PropertyValue Property="CollectionPath">
                     <String>Currencies</String>
                  </PropertyValue>
                  <PropertyValue Property="Parameters">
                     <Collection>
                        <Record Type="Common.ValueListParameterInOut">
                           <PropertyValue Property="LocalDataProperty">
                              <PropertyPath>currency_code</PropertyPath>
                           </PropertyValue>
                           <PropertyValue Property="ValueListProperty">
                              <String>code</String>
                           </PropertyValue>
                        </Record>
                        <Record Type="Common.ValueListParameterDisplayOnly">
                           <PropertyValue Property="ValueListProperty">
                              <String>name</String>
                           </PropertyValue>
                        </Record>
                     </Collection>
                  </PropertyValue>
               </Record>
            </Annotation>
            <Annotation Term="Core.Description">
               <String>A currency code as specified in ISO 4217</String>
            </Annotation>
            <Annotation Term="UI.HiddenFilter">
               <Bool>true</Bool>
            </Annotation>
         </Annotations>
         <Annotations Target="MasterDataService.CompanyCode/addressID_ID">
            <Annotation Term="UI.Hidden">
               <Bool>true</Bool>
            </Annotation>
            <Annotation Term="UI.HiddenFilter">
               <Bool>true</Bool>
            </Annotation>
         </Annotations>
         <Annotations Target="MasterDataService.Currencies">
            <Annotation Term="UI.Identification">
               <Collection>
                  <Path>name</Path>
               </Collection>
            </Annotation>
         </Annotations>
         <Annotations Target="MasterDataService.Currencies/name">
            <Annotation Term="Common.Label">
               <String>Name</String>
            </Annotation>
         </Annotations>
         <Annotations Target="MasterDataService.Currencies/descr">
            <Annotation Term="Common.Label">
               <String>Description</String>
            </Annotation>
         </Annotations>
         <Annotations Target="MasterDataService.Currencies/code">
            <Annotation Term="Common.Label">
               <String>Currency Code</String>
            </Annotation>
         </Annotations>
         <Annotations Target="MasterDataService.Currencies/symbol">
            <Annotation Term="Common.Label">
               <String>Currency Symbol</String>
            </Annotation>
         </Annotations>
         <Annotations Target="MasterDataService.Currencies_texts/name">
            <Annotation Term="Common.Label">
               <String>Name</String>
            </Annotation>
         </Annotations>
         <Annotations Target="MasterDataService.Currencies_texts/descr">
            <Annotation Term="Common.Label">
               <String>Description</String>
            </Annotation>
         </Annotations>
         <Annotations Target="MasterDataService.Currencies_texts/code">
            <Annotation Term="Common.Label">
               <String>Currency Code</String>
            </Annotation>
         </Annotations>
         <Annotations Target="MasterDataService.Location">
            <Annotation Term="Communication.Contact">
               <Record Type="Communication.ContactType">
                  <PropertyValue Property="adr">
                     <Collection>
                        <Record Type="Communication.AddressType">
                           <PropertyValue Property="building">
                              <Path>houseNumber</Path>
                           </PropertyValue>
                           <PropertyValue Property="street">
                              <Path>street</Path>
                           </PropertyValue>
                           <PropertyValue Property="locality">
                              <Path>city</Path>
                           </PropertyValue>
                           <PropertyValue Property="code">
                              <Path>poBox</Path>
                           </PropertyValue>
                           <PropertyValue Property="label">
                              <Path>addressLine1</Path>
                           </PropertyValue>
                           <PropertyValue Property="type">
                              <EnumMember>Communication.ContactInformationType/preferred</EnumMember>
                           </PropertyValue>
                        </Record>
                     </Collection>
                  </PropertyValue>
                  <PropertyValue Property="fn">
                     <Path>name</Path>
                  </PropertyValue>
                  <PropertyValue Property="kind">
                     <EnumMember>Communication.KindType/org</EnumMember>
                  </PropertyValue>
                  <PropertyValue Property="tel">
                     <Collection>
                        <Record Type="Communication.PhoneNumberType">
                           <PropertyValue Property="uri">
                              <Path>mobile</Path>
                           </PropertyValue>
                           <PropertyValue Property="type">
                              <EnumMember>Communication.PhoneType/preferred</EnumMember>
                           </PropertyValue>
                        </Record>
                     </Collection>
                  </PropertyValue>
               </Record>
            </Annotation>
         </Annotations>
         <Annotations Target="MasterDataService.EntityContainer/Location">
            <Annotation Term="Capabilities.DeleteRestrictions">
               <Record Type="Capabilities.DeleteRestrictionsType">
                  <PropertyValue Property="Deletable">
                     <Bool>false</Bool>
                  </PropertyValue>
               </Record>
            </Annotation>
            <Annotation Term="Capabilities.InsertRestrictions">
               <Record Type="Capabilities.InsertRestrictionsType">
                  <PropertyValue Property="Insertable">
                     <Bool>false</Bool>
                  </PropertyValue>
               </Record>
            </Annotation>
            <Annotation Term="Capabilities.SearchRestrictions">
               <Record Type="Capabilities.SearchRestrictionsType">
                  <PropertyValue Property="Searchable">
                     <Bool>true</Bool>
                  </PropertyValue>
               </Record>
            </Annotation>
            <Annotation Term="Capabilities.UpdateRestrictions">
               <Record Type="Capabilities.UpdateRestrictionsType">
                  <PropertyValue Property="Updatable">
                     <Bool>false</Bool>
                  </PropertyValue>
               </Record>
            </Annotation>
         </Annotations>
         <Annotations Target="MasterDataService.Location/ID">
            <Annotation Term="Common.Label">
               <String>ID</String>
            </Annotation>
            <Annotation Term="Common.Text">
               <Path>number</Path>
               <Annotation Term="UI.TextArrangement">
                  <EnumMember>UI.TextArrangementType/TextOnly</EnumMember>
               </Annotation>
            </Annotation>
            <Annotation Term="UI.Hidden">
               <Bool>true</Bool>
            </Annotation>
         </Annotations>
         <Annotations Target="MasterDataService.Location/name">
            <Annotation Term="Common.FieldControl">
               <EnumMember>Common.FieldControlType/ReadOnly</EnumMember>
            </Annotation>
            <Annotation Term="Common.Label">
               <String>Location Partner</String>
            </Annotation>
         </Annotations>
         <Annotations Target="MasterDataService.Location/number">
            <Annotation Term="Common.Label">
               <String>Location Partner Number</String>
            </Annotation>
         </Annotations>
         <Annotations Target="MasterDataService.Location/partnerType">
            <Annotation Term="Common.Label">
               <String>Location Partner Type</String>
            </Annotation>
         </Annotations>
         <Annotations Target="MasterDataService.Location/vendorCode">
            <Annotation Term="UI.HiddenFilter">
               <Bool>true</Bool>
            </Annotation>
         </Annotations>
         <Annotations Target="MasterDataService.Location/customerCode">
            <Annotation Term="UI.HiddenFilter">
               <Bool>true</Bool>
            </Annotation>
         </Annotations>
         <Annotations Target="MasterDataService.Location/street">
            <Annotation Term="Common.FieldControl">
               <EnumMember>Common.FieldControlType/ReadOnly</EnumMember>
            </Annotation>
            <Annotation Term="UI.HiddenFilter">
               <Bool>true</Bool>
            </Annotation>
         </Annotations>
         <Annotations Target="MasterDataService.Location/houseNumber">
            <Annotation Term="UI.HiddenFilter">
               <Bool>true</Bool>
            </Annotation>
         </Annotations>
         <Annotations Target="MasterDataService.Location/addressLine1">
            <Annotation Term="UI.HiddenFilter">
               <Bool>true</Bool>
            </Annotation>
         </Annotations>
         <Annotations Target="MasterDataService.Location/addressLine2">
            <Annotation Term="UI.HiddenFilter">
               <Bool>true</Bool>
            </Annotation>
         </Annotations>
         <Annotations Target="MasterDataService.Location/addressLine3">
            <Annotation Term="UI.HiddenFilter">
               <Bool>true</Bool>
            </Annotation>
         </Annotations>
         <Annotations Target="MasterDataService.Location/postalCode">
            <Annotation Term="UI.HiddenFilter">
               <Bool>true</Bool>
            </Annotation>
         </Annotations>
         <Annotations Target="MasterDataService.Location/city">
            <Annotation Term="UI.HiddenFilter">
               <Bool>true</Bool>
            </Annotation>
         </Annotations>
         <Annotations Target="MasterDataService.Location/countryKey">
            <Annotation Term="UI.HiddenFilter">
               <Bool>true</Bool>
            </Annotation>
         </Annotations>
         <Annotations Target="MasterDataService.Location/poBox">
            <Annotation Term="UI.HiddenFilter">
               <Bool>true</Bool>
            </Annotation>
         </Annotations>
         <Annotations Target="MasterDataService.Location/mobile">
            <Annotation Term="UI.HiddenFilter">
               <Bool>true</Bool>
            </Annotation>
         </Annotations>
         <Annotations Target="MasterDataService.Location/telephone">
            <Annotation Term="UI.HiddenFilter">
               <Bool>true</Bool>
            </Annotation>
         </Annotations>
         <Annotations Target="MasterDataService.Location/extension">
            <Annotation Term="UI.HiddenFilter">
               <Bool>true</Bool>
            </Annotation>
         </Annotations>
         <Annotations Target="MasterDataService.Location/faxNumber">
            <Annotation Term="UI.HiddenFilter">
               <Bool>true</Bool>
            </Annotation>
         </Annotations>
         <Annotations Target="MasterDataService.Location/contactPerson">
            <Annotation Term="UI.HiddenFilter">
               <Bool>true</Bool>
            </Annotation>
         </Annotations>
         <Annotations Target="MasterDataService.EntityContainer/MaterialMasterGeneralData">
            <Annotation Term="Capabilities.SearchRestrictions">
               <Record Type="Capabilities.SearchRestrictionsType">
                  <PropertyValue Property="Searchable">
                     <Bool>true</Bool>
                  </PropertyValue>
               </Record>
            </Annotation>
         </Annotations>
         <Annotations Target="MasterDataService.MaterialMasterGeneralData/ID">
            <Annotation Term="Common.Label">
               <String>Returnable Packaging Material</String>
            </Annotation>
            <Annotation Term="Common.Text">
               <Path>materialDescription</Path>
               <Annotation Term="UI.TextArrangement">
                  <EnumMember>UI.TextArrangementType/TextOnly</EnumMember>
               </Annotation>
            </Annotation>
            <Annotation Term="UI.Hidden">
               <Bool>true</Bool>
            </Annotation>
         </Annotations>
         <Annotations Target="MasterDataService.MaterialMasterGeneralData/materialCode">
            <Annotation Term="Common.Label">
               <String>Returnable Packaging Material</String>
            </Annotation>
         </Annotations>
         <Annotations Target="MasterDataService.MaterialMasterGeneralData/materialDescription">
            <Annotation Term="Common.Label">
               <String>Returnable Packaging Material Description</String>
            </Annotation>
         </Annotations>
         <Annotations Target="MasterDataService.MaterialMasterGeneralData/materialType">
            <Annotation Term="Common.Label">
               <String>Returnable Packaging Material Type</String>
            </Annotation>
            <Annotation Term="UI.HiddenFilter">
               <Bool>true</Bool>
            </Annotation>
         </Annotations>
         <Annotations Target="MasterDataService.MaterialMasterGeneralData/materialGroup">
            <Annotation Term="UI.HiddenFilter">
               <Bool>true</Bool>
            </Annotation>
         </Annotations>
         <Annotations Target="MasterDataService.MaterialMasterGeneralData/baseUnitOfMeasure">
            <Annotation Term="UI.HiddenFilter">
               <Bool>true</Bool>
            </Annotation>
         </Annotations>
         <Annotations Target="MasterDataService.MaterialMasterGeneralData/division">
            <Annotation Term="UI.HiddenFilter">
               <Bool>true</Bool>
            </Annotation>
         </Annotations>
         <Annotations Target="MasterDataService.MaterialMasterGeneralData/xPlantMaterialStatus">
            <Annotation Term="UI.HiddenFilter">
               <Bool>true</Bool>
            </Annotation>
         </Annotations>
         <Annotations Target="MasterDataService.MaterialMasterGeneralData/validFrom">
            <Annotation Term="UI.HiddenFilter">
               <Bool>true</Bool>
            </Annotation>
         </Annotations>
         <Annotations Target="MasterDataService.MaterialMasterGeneralData/grossWeight">
            <Annotation Term="UI.HiddenFilter">
               <Bool>true</Bool>
            </Annotation>
         </Annotations>
         <Annotations Target="MasterDataService.MaterialMasterGeneralData/weightUnit">
            <Annotation Term="UI.HiddenFilter">
               <Bool>true</Bool>
            </Annotation>
         </Annotations>
         <Annotations Target="MasterDataService.MaterialMasterGeneralData/netWeight">
            <Annotation Term="UI.HiddenFilter">
               <Bool>true</Bool>
            </Annotation>
         </Annotations>
         <Annotations Target="MasterDataService.MaterialMasterGeneralData/volume">
            <Annotation Term="UI.HiddenFilter">
               <Bool>true</Bool>
            </Annotation>
         </Annotations>
         <Annotations Target="MasterDataService.MaterialMasterGeneralData/volumeUnit">
            <Annotation Term="UI.HiddenFilter">
               <Bool>true</Bool>
            </Annotation>
         </Annotations>
         <Annotations Target="MasterDataService.MaterialMasterGeneralData/sizeDimensions">
            <Annotation Term="UI.HiddenFilter">
               <Bool>true</Bool>
            </Annotation>
         </Annotations>
         <Annotations Target="MasterDataService.MaterialMasterGeneralData/EAN_UPC">
            <Annotation Term="UI.HiddenFilter">
               <Bool>true</Bool>
            </Annotation>
         </Annotations>
         <Annotations Target="MasterDataService.MaterialMasterGeneralData/EANCategary">
            <Annotation Term="UI.HiddenFilter">
               <Bool>true</Bool>
            </Annotation>
         </Annotations>
         <Annotations Target="MasterDataService.MaterialMasterGeneralData/productCompositionIndicator">
            <Annotation Term="UI.HiddenFilter">
               <Bool>true</Bool>
            </Annotation>
         </Annotations>
         <Annotations Target="MasterDataService.MaterialMasterGeneralData/packagingMaterialGroup">
            <Annotation Term="UI.HiddenFilter">
               <Bool>true</Bool>
            </Annotation>
         </Annotations>
         <Annotations Target="MasterDataService.MaterialMasterGeneralData/baseUnitOfMeasure_code">
            <Annotation Term="Common.ValueListMapping">
               <Record Type="Common.ValueListMappingType">
                  <PropertyValue Property="CollectionPath">
                     <String>UnitOfMeasures</String>
                  </PropertyValue>
                  <PropertyValue Property="Label">
                     <String>Unit of Measure</String>
                  </PropertyValue>
                  <PropertyValue Property="Parameters">
                     <Collection>
                        <Record Type="Common.ValueListParameterInOut">
                           <PropertyValue Property="ValueListProperty">
                              <String>code</String>
                           </PropertyValue>
                           <PropertyValue Property="LocalDataProperty">
                              <PropertyPath>deliveryNoteUOM_code</PropertyPath>
                           </PropertyValue>
                        </Record>
                        <Record Type="Common.ValueListParameterDisplayOnly">
                           <PropertyValue Property="ValueListProperty">
                              <String>name</String>
                           </PropertyValue>
                        </Record>
                     </Collection>
                  </PropertyValue>
               </Record>
            </Annotation>
            <Annotation Term="Common.ValueListWithFixedValues">
               <Bool>true</Bool>
            </Annotation>
            <Annotation Term="UI.HiddenFilter">
               <Bool>true</Bool>
            </Annotation>
         </Annotations>
         <Annotations Target="MasterDataService.MaterialMasterGeneralData/weightUnit_code">
            <Annotation Term="Common.ValueListMapping">
               <Record Type="Common.ValueListMappingType">
                  <PropertyValue Property="CollectionPath">
                     <String>UnitOfMeasures</String>
                  </PropertyValue>
                  <PropertyValue Property="Label">
                     <String>Unit of Measure</String>
                  </PropertyValue>
                  <PropertyValue Property="Parameters">
                     <Collection>
                        <Record Type="Common.ValueListParameterInOut">
                           <PropertyValue Property="ValueListProperty">
                              <String>code</String>
                           </PropertyValue>
                           <PropertyValue Property="LocalDataProperty">
                              <PropertyPath>deliveryNoteUOM_code</PropertyPath>
                           </PropertyValue>
                        </Record>
                        <Record Type="Common.ValueListParameterDisplayOnly">
                           <PropertyValue Property="ValueListProperty">
                              <String>name</String>
                           </PropertyValue>
                        </Record>
                     </Collection>
                  </PropertyValue>
               </Record>
            </Annotation>
            <Annotation Term="Common.ValueListWithFixedValues">
               <Bool>true</Bool>
            </Annotation>
            <Annotation Term="UI.HiddenFilter">
               <Bool>true</Bool>
            </Annotation>
         </Annotations>
         <Annotations Target="MasterDataService.MaterialMasterGeneralData/volumeUnit_code">
            <Annotation Term="Common.ValueListMapping">
               <Record Type="Common.ValueListMappingType">
                  <PropertyValue Property="CollectionPath">
                     <String>UnitOfMeasures</String>
                  </PropertyValue>
                  <PropertyValue Property="Label">
                     <String>Unit of Measure</String>
                  </PropertyValue>
                  <PropertyValue Property="Parameters">
                     <Collection>
                        <Record Type="Common.ValueListParameterInOut">
                           <PropertyValue Property="ValueListProperty">
                              <String>code</String>
                           </PropertyValue>
                           <PropertyValue Property="LocalDataProperty">
                              <PropertyPath>deliveryNoteUOM_code</PropertyPath>
                           </PropertyValue>
                        </Record>
                        <Record Type="Common.ValueListParameterDisplayOnly">
                           <PropertyValue Property="ValueListProperty">
                              <String>name</String>
                           </PropertyValue>
                        </Record>
                     </Collection>
                  </PropertyValue>
               </Record>
            </Annotation>
            <Annotation Term="Common.ValueListWithFixedValues">
               <Bool>true</Bool>
            </Annotation>
            <Annotation Term="UI.HiddenFilter">
               <Bool>true</Bool>
            </Annotation>
         </Annotations>
         <Annotations Target="MasterDataService.MaterialMasterPlantData/materialCodeID_ID">
            <Annotation Term="Common.ValueListMapping">
               <Record Type="Common.ValueListMappingType">
                  <PropertyValue Property="CollectionPath">
                     <String>MaterialMasterGeneralDatas</String>
                  </PropertyValue>
                  <PropertyValue Property="Label">
                     <String>Returnable Packaging Material</String>
                  </PropertyValue>
                  <PropertyValue Property="Parameters">
                     <Collection>
                        <Record Type="Common.ValueListParameterInOut">
                           <PropertyValue Property="ValueListProperty">
                              <String>ID</String>
                           </PropertyValue>
                           <PropertyValue Property="LocalDataProperty">
                              <PropertyPath>materialID_ID</PropertyPath>
                           </PropertyValue>
                        </Record>
                        <Record Type="Common.ValueListParameterDisplayOnly">
                           <PropertyValue Property="ValueListProperty">
                              <String>materialCode</String>
                           </PropertyValue>
                        </Record>
                        <Record Type="Common.ValueListParameterDisplayOnly">
                           <PropertyValue Property="ValueListProperty">
                              <String>materialDescription</String>
                           </PropertyValue>
                        </Record>
                        <Record Type="Common.ValueListParameterDisplayOnly">
                           <PropertyValue Property="ValueListProperty">
                              <String>materialType</String>
                           </PropertyValue>
                        </Record>
                     </Collection>
                  </PropertyValue>
               </Record>
            </Annotation>
         </Annotations>
         <Annotations Target="MasterDataService.MaterialMasterPlantData/weightUnit_code">
            <Annotation Term="Common.ValueListMapping">
               <Record Type="Common.ValueListMappingType">
                  <PropertyValue Property="CollectionPath">
                     <String>UnitOfMeasures</String>
                  </PropertyValue>
                  <PropertyValue Property="Label">
                     <String>Unit of Measure</String>
                  </PropertyValue>
                  <PropertyValue Property="Parameters">
                     <Collection>
                        <Record Type="Common.ValueListParameterInOut">
                           <PropertyValue Property="ValueListProperty">
                              <String>code</String>
                           </PropertyValue>
                           <PropertyValue Property="LocalDataProperty">
                              <PropertyPath>deliveryNoteUOM_code</PropertyPath>
                           </PropertyValue>
                        </Record>
                        <Record Type="Common.ValueListParameterDisplayOnly">
                           <PropertyValue Property="ValueListProperty">
                              <String>name</String>
                           </PropertyValue>
                        </Record>
                     </Collection>
                  </PropertyValue>
               </Record>
            </Annotation>
            <Annotation Term="Common.ValueListWithFixedValues">
               <Bool>true</Bool>
            </Annotation>
         </Annotations>
         <Annotations Target="MasterDataService.MaterialMasterSalesData/materialCodeID_ID">
            <Annotation Term="Common.ValueListMapping">
               <Record Type="Common.ValueListMappingType">
                  <PropertyValue Property="CollectionPath">
                     <String>MaterialMasterGeneralDatas</String>
                  </PropertyValue>
                  <PropertyValue Property="Label">
                     <String>Returnable Packaging Material</String>
                  </PropertyValue>
                  <PropertyValue Property="Parameters">
                     <Collection>
                        <Record Type="Common.ValueListParameterInOut">
                           <PropertyValue Property="ValueListProperty">
                              <String>ID</String>
                           </PropertyValue>
                           <PropertyValue Property="LocalDataProperty">
                              <PropertyPath>materialID_ID</PropertyPath>
                           </PropertyValue>
                        </Record>
                        <Record Type="Common.ValueListParameterDisplayOnly">
                           <PropertyValue Property="ValueListProperty">
                              <String>materialCode</String>
                           </PropertyValue>
                        </Record>
                        <Record Type="Common.ValueListParameterDisplayOnly">
                           <PropertyValue Property="ValueListProperty">
                              <String>materialDescription</String>
                           </PropertyValue>
                        </Record>
                        <Record Type="Common.ValueListParameterDisplayOnly">
                           <PropertyValue Property="ValueListProperty">
                              <String>materialType</String>
                           </PropertyValue>
                        </Record>
                     </Collection>
                  </PropertyValue>
               </Record>
            </Annotation>
         </Annotations>
         <Annotations Target="MasterDataService.Partner">
            <Annotation Term="Communication.Contact">
               <Record Type="Communication.ContactType">
                  <PropertyValue Property="adr">
                     <Collection>
                        <Record Type="Communication.AddressType">
                           <PropertyValue Property="building">
                              <Path>houseNumber</Path>
                           </PropertyValue>
                           <PropertyValue Property="street">
                              <Path>street</Path>
                           </PropertyValue>
                           <PropertyValue Property="locality">
                              <Path>city</Path>
                           </PropertyValue>
                           <PropertyValue Property="code">
                              <Path>poBox</Path>
                           </PropertyValue>
                           <PropertyValue Property="label">
                              <Path>addressLine1</Path>
                           </PropertyValue>
                           <PropertyValue Property="type">
                              <EnumMember>Communication.ContactInformationType/preferred</EnumMember>
                           </PropertyValue>
                        </Record>
                     </Collection>
                  </PropertyValue>
                  <PropertyValue Property="fn">
                     <Path>name</Path>
                  </PropertyValue>
                  <PropertyValue Property="kind">
                     <EnumMember>Communication.KindType/org</EnumMember>
                  </PropertyValue>
                  <PropertyValue Property="tel">
                     <Collection>
                        <Record Type="Communication.PhoneNumberType">
                           <PropertyValue Property="uri">
                              <Path>mobile</Path>
                           </PropertyValue>
                           <PropertyValue Property="type">
                              <EnumMember>Communication.PhoneType/preferred</EnumMember>
                           </PropertyValue>
                        </Record>
                     </Collection>
                  </PropertyValue>
               </Record>
            </Annotation>
         </Annotations>
         <Annotations Target="MasterDataService.EntityContainer/Partner">
            <Annotation Term="Capabilities.DeleteRestrictions">
               <Record Type="Capabilities.DeleteRestrictionsType">
                  <PropertyValue Property="Deletable">
                     <Bool>false</Bool>
                  </PropertyValue>
               </Record>
            </Annotation>
            <Annotation Term="Capabilities.InsertRestrictions">
               <Record Type="Capabilities.InsertRestrictionsType">
                  <PropertyValue Property="Insertable">
                     <Bool>false</Bool>
                  </PropertyValue>
               </Record>
            </Annotation>
            <Annotation Term="Capabilities.SearchRestrictions">
               <Record Type="Capabilities.SearchRestrictionsType">
                  <PropertyValue Property="Searchable">
                     <Bool>true</Bool>
                  </PropertyValue>
               </Record>
            </Annotation>
            <Annotation Term="Capabilities.UpdateRestrictions">
               <Record Type="Capabilities.UpdateRestrictionsType">
                  <PropertyValue Property="Updatable">
                     <Bool>false</Bool>
                  </PropertyValue>
               </Record>
            </Annotation>
         </Annotations>
         <Annotations Target="MasterDataService.Partner/ID">
            <Annotation Term="Common.Label">
               <String>ID</String>
            </Annotation>
            <Annotation Term="Common.Text">
               <Path>number</Path>
               <Annotation Term="UI.TextArrangement">
                  <EnumMember>UI.TextArrangementType/TextOnly</EnumMember>
               </Annotation>
            </Annotation>
            <Annotation Term="UI.Hidden">
               <Bool>true</Bool>
            </Annotation>
         </Annotations>
         <Annotations Target="MasterDataService.Partner/name">
            <Annotation Term="Common.FieldControl">
               <EnumMember>Common.FieldControlType/ReadOnly</EnumMember>
            </Annotation>
            <Annotation Term="Common.Label">
               <String>Exchange Partner</String>
            </Annotation>
         </Annotations>
         <Annotations Target="MasterDataService.Partner/number">
            <Annotation Term="Common.Label">
               <String>Exchange Partner Number</String>
            </Annotation>
         </Annotations>
         <Annotations Target="MasterDataService.Partner/partnerType">
            <Annotation Term="Common.Label">
               <String>Exchange Partner Type</String>
            </Annotation>
         </Annotations>
         <Annotations Target="MasterDataService.Partner/vendorCode">
            <Annotation Term="UI.HiddenFilter">
               <Bool>true</Bool>
            </Annotation>
         </Annotations>
         <Annotations Target="MasterDataService.Partner/customerCode">
            <Annotation Term="UI.HiddenFilter">
               <Bool>true</Bool>
            </Annotation>
         </Annotations>
         <Annotations Target="MasterDataService.Partner/street">
            <Annotation Term="Common.FieldControl">
               <EnumMember>Common.FieldControlType/ReadOnly</EnumMember>
            </Annotation>
            <Annotation Term="UI.HiddenFilter">
               <Bool>true</Bool>
            </Annotation>
         </Annotations>
         <Annotations Target="MasterDataService.Partner/houseNumber">
            <Annotation Term="UI.HiddenFilter">
               <Bool>true</Bool>
            </Annotation>
         </Annotations>
         <Annotations Target="MasterDataService.Partner/addressLine1">
            <Annotation Term="UI.HiddenFilter">
               <Bool>true</Bool>
            </Annotation>
         </Annotations>
         <Annotations Target="MasterDataService.Partner/addressLine2">
            <Annotation Term="UI.HiddenFilter">
               <Bool>true</Bool>
            </Annotation>
         </Annotations>
         <Annotations Target="MasterDataService.Partner/addressLine3">
            <Annotation Term="UI.HiddenFilter">
               <Bool>true</Bool>
            </Annotation>
         </Annotations>
         <Annotations Target="MasterDataService.Partner/postalCode">
            <Annotation Term="UI.HiddenFilter">
               <Bool>true</Bool>
            </Annotation>
         </Annotations>
         <Annotations Target="MasterDataService.Partner/city">
            <Annotation Term="UI.HiddenFilter">
               <Bool>true</Bool>
            </Annotation>
         </Annotations>
         <Annotations Target="MasterDataService.Partner/countryKey">
            <Annotation Term="UI.HiddenFilter">
               <Bool>true</Bool>
            </Annotation>
         </Annotations>
         <Annotations Target="MasterDataService.Partner/poBox">
            <Annotation Term="UI.HiddenFilter">
               <Bool>true</Bool>
            </Annotation>
         </Annotations>
         <Annotations Target="MasterDataService.Partner/mobile">
            <Annotation Term="UI.HiddenFilter">
               <Bool>true</Bool>
            </Annotation>
         </Annotations>
         <Annotations Target="MasterDataService.Partner/telephone">
            <Annotation Term="UI.HiddenFilter">
               <Bool>true</Bool>
            </Annotation>
         </Annotations>
         <Annotations Target="MasterDataService.Partner/extension">
            <Annotation Term="UI.HiddenFilter">
               <Bool>true</Bool>
            </Annotation>
         </Annotations>
         <Annotations Target="MasterDataService.Partner/faxNumber">
            <Annotation Term="UI.HiddenFilter">
               <Bool>true</Bool>
            </Annotation>
         </Annotations>
         <Annotations Target="MasterDataService.Partner/contactPerson">
            <Annotation Term="UI.HiddenFilter">
               <Bool>true</Bool>
            </Annotation>
         </Annotations>
         <Annotations Target="MasterDataService.Plant/ID">
            <Annotation Term="UI.Hidden">
               <Bool>true</Bool>
            </Annotation>
         </Annotations>
         <Annotations Target="MasterDataService.Plant/plantName">
            <Annotation Term="UI.HiddenFilter">
               <Bool>true</Bool>
            </Annotation>
         </Annotations>
         <Annotations Target="MasterDataService.Plant/plantNameExtension">
            <Annotation Term="UI.HiddenFilter">
               <Bool>true</Bool>
            </Annotation>
         </Annotations>
         <Annotations Target="MasterDataService.Plant/companyCodeID">
            <Annotation Term="UI.HiddenFilter">
               <Bool>true</Bool>
            </Annotation>
         </Annotations>
         <Annotations Target="MasterDataService.Plant/companyCode">
            <Annotation Term="UI.HiddenFilter">
               <Bool>true</Bool>
            </Annotation>
         </Annotations>
         <Annotations Target="MasterDataService.Plant/customerNoOfPlant">
            <Annotation Term="UI.HiddenFilter">
               <Bool>true</Bool>
            </Annotation>
         </Annotations>
         <Annotations Target="MasterDataService.Plant/supplierNoOfPlant">
            <Annotation Term="UI.HiddenFilter">
               <Bool>true</Bool>
            </Annotation>
         </Annotations>
         <Annotations Target="MasterDataService.Plant/addressID">
            <Annotation Term="UI.HiddenFilter">
               <Bool>true</Bool>
            </Annotation>
         </Annotations>
         <Annotations Target="MasterDataService.Plant/address">
            <Annotation Term="UI.HiddenFilter">
               <Bool>true</Bool>
            </Annotation>
         </Annotations>
         <Annotations Target="MasterDataService.Plant/factoryCalendar">
            <Annotation Term="UI.HiddenFilter">
               <Bool>true</Bool>
            </Annotation>
         </Annotations>
         <Annotations Target="MasterDataService.Plant/companyCodeID_ID">
            <Annotation Term="Common.ValueListMapping">
               <Record Type="Common.ValueListMappingType">
                  <PropertyValue Property="CollectionPath">
                     <String>CompanyCodes</String>
                  </PropertyValue>
                  <PropertyValue Property="Label">
                     <String>Company Code</String>
                  </PropertyValue>
                  <PropertyValue Property="Parameters">
                     <Collection>
                        <Record Type="Common.ValueListParameterInOut">
                           <PropertyValue Property="ValueListProperty">
                              <String>ID</String>
                           </PropertyValue>
                           <PropertyValue Property="LocalDataProperty">
                              <PropertyPath>companyCode_ID</PropertyPath>
                           </PropertyValue>
                        </Record>
                        <Record Type="Common.ValueListParameterDisplayOnly">
                           <PropertyValue Property="ValueListProperty">
                              <String>companyCode</String>
                           </PropertyValue>
                        </Record>
                        <Record Type="Common.ValueListParameterDisplayOnly">
                           <PropertyValue Property="ValueListProperty">
                              <String>companyCodeName</String>
                           </PropertyValue>
                        </Record>
                     </Collection>
                  </PropertyValue>
               </Record>
            </Annotation>
            <Annotation Term="UI.HiddenFilter">
               <Bool>true</Bool>
            </Annotation>
         </Annotations>
         <Annotations Target="MasterDataService.Plant/addressID_ID">
            <Annotation Term="UI.HiddenFilter">
               <Bool>true</Bool>
            </Annotation>
         </Annotations>
         <Annotations Target="MasterDataService.SalesOrganization/companyCodeID_ID">
            <Annotation Term="Common.ValueListMapping">
               <Record Type="Common.ValueListMappingType">
                  <PropertyValue Property="CollectionPath">
                     <String>CompanyCodes</String>
                  </PropertyValue>
                  <PropertyValue Property="Label">
                     <String>Company Code</String>
                  </PropertyValue>
                  <PropertyValue Property="Parameters">
                     <Collection>
                        <Record Type="Common.ValueListParameterInOut">
                           <PropertyValue Property="ValueListProperty">
                              <String>ID</String>
                           </PropertyValue>
                           <PropertyValue Property="LocalDataProperty">
                              <PropertyPath>companyCode_ID</PropertyPath>
                           </PropertyValue>
                        </Record>
                        <Record Type="Common.ValueListParameterDisplayOnly">
                           <PropertyValue Property="ValueListProperty">
                              <String>companyCode</String>
                           </PropertyValue>
                        </Record>
                        <Record Type="Common.ValueListParameterDisplayOnly">
                           <PropertyValue Property="ValueListProperty">
                              <String>companyCodeName</String>
                           </PropertyValue>
                        </Record>
                     </Collection>
                  </PropertyValue>
               </Record>
            </Annotation>
         </Annotations>
         <Annotations Target="MasterDataService.UnitOfMeasures/code">
            <Annotation Term="Common.Label">
               <String>Unit of Measure</String>
            </Annotation>
            <Annotation Term="Common.Text">
               <Path>name</Path>
               <Annotation Term="UI.TextArrangement">
                  <EnumMember>UI.TextArrangementType/TextOnly</EnumMember>
               </Annotation>
            </Annotation>
            <Annotation Term="UI.Hidden">
               <Bool>true</Bool>
            </Annotation>
         </Annotations>
         <Annotations Target="MasterDataService.UnitOfMeasures/name">
            <Annotation Term="Common.Label">
               <String>Unit of Measure</String>
            </Annotation>
         </Annotations>
         <Annotations Target="MasterDataService.UnitOfMeasures_texts/code">
            <Annotation Term="Common.Label">
               <String>Unit of Measure</String>
            </Annotation>
            <Annotation Term="Common.Text">
               <Path>name</Path>
               <Annotation Term="UI.TextArrangement">
                  <EnumMember>UI.TextArrangementType/TextOnly</EnumMember>
               </Annotation>
            </Annotation>
            <Annotation Term="UI.Hidden">
               <Bool>true</Bool>
            </Annotation>
         </Annotations>
         <Annotations Target="MasterDataService.UnitOfMeasures_texts/name">
            <Annotation Term="Common.Label">
               <String>Unit of Measure</String>
            </Annotation>
         </Annotations>
         <Annotations Target="MasterDataService.User/ID">
            <Annotation Term="Common.Label">
               <String>First Name</String>
            </Annotation>
            <Annotation Term="Common.Text">
               <Path>firstName</Path>
               <Annotation Term="UI.TextArrangement">
                  <EnumMember>UI.TextArrangementType/TextOnly</EnumMember>
               </Annotation>
            </Annotation>
            <Annotation Term="UI.Hidden">
               <Bool>true</Bool>
            </Annotation>
         </Annotations>
         <Annotations Target="MasterDataService.User/firstName">
            <Annotation Term="Common.Label">
               <String>First Name</String>
            </Annotation>
         </Annotations>
         <Annotations Target="MasterDataService.User/lastName">
            <Annotation Term="Common.Label">
               <String>Last Name</String>
            </Annotation>
         </Annotations>
         <Annotations Target="MasterDataService.User/number">
            <Annotation Term="Common.Label">
               <String>Number</String>
            </Annotation>
         </Annotations>
         <Annotations Target="MasterDataService.User/email">
            <Annotation Term="UI.HiddenFilter">
               <Bool>true</Bool>
            </Annotation>
         </Annotations>
         <Annotations Target="MasterDataService.User/address">
            <Annotation Term="UI.HiddenFilter">
               <Bool>true</Bool>
            </Annotation>
         </Annotations>
         <Annotations Target="MasterDataService.User/logOnName">
            <Annotation Term="UI.HiddenFilter">
               <Bool>true</Bool>
            </Annotation>
         </Annotations>
         <Annotations Target="MasterDataService.User/role">
            <Annotation Term="UI.HiddenFilter">
               <Bool>true</Bool>
            </Annotation>
         </Annotations>
      </Schema>
   </edmx:DataServices>
</edmx:Edmx>