<edmx:Edmx xmlns:edmx="http://schemas.microsoft.com/ado/2007/06/edmx" Version="1.0">
<edmx:DataServices xmlns:m="http://schemas.microsoft.com/ado/2007/08/dataservices/metadata" m:DataServiceVersion="1.0">
<Schema xmlns="http://schemas.microsoft.com/ado/2008/09/edm" xmlns:s="http://schemas.sap.com/commerce" Namespace="HybrisCommerceOData" s:schema-version="1">
<EntityType Name="Order">
<Key>
<PropertyRef Name="integrationKey"/>
</Key>
<Property Name="code" Type="Edm.String" Nullable="true" s:IsUnique="true"/>
<Property Name="integrationKey" Type="Edm.String" Nullable="false" s:Alias="Order_code"/>
<NavigationProperty Name="entries" Relationship="HybrisCommerceOData.FK_Order_entries" FromRole="Order" ToRole="OrderEntry" Nullable="true" s:IsPartOf="true" s:IsAutoCreate="true"/>
<NavigationProperty Name="Unit" Relationship="HybrisCommerceOData.FK_Order_Unit" FromRole="Order" ToRole="B2BUnit" Nullable="true"/>
<NavigationProperty Name="user" Relationship="HybrisCommerceOData.FK_Order_user" FromRole="Order" ToRole="Customer" Nullable="false"/>
</EntityType>
<EntityType Name="B2BUnit">
<Key>
<PropertyRef Name="integrationKey"/>
</Key>
<Property Name="uid" Type="Edm.String" Nullable="false" s:IsUnique="true"/>
<Property Name="integrationKey" Type="Edm.String" Nullable="false" s:Alias="B2BUnit_uid"/>
</EntityType>
<EntityType Name="OrderEntry">
<Key>
<PropertyRef Name="integrationKey"/>
</Key>
<Property Name="quantity" Type="Edm.Int64" Nullable="false"/>
<Property Name="entryNumber" Type="Edm.Int32" Nullable="true" s:IsUnique="true"/>
<Property Name="integrationKey" Type="Edm.String" Nullable="false" s:Alias="OrderEntry_entryNumber|Order_code"/>
<NavigationProperty Name="unit" Relationship="HybrisCommerceOData.FK_OrderEntry_unit" FromRole="OrderEntry" ToRole="Unit" Nullable="false"/>
<NavigationProperty Name="product" Relationship="HybrisCommerceOData.FK_OrderEntry_product" FromRole="OrderEntry" ToRole="Product" Nullable="false"/>
<NavigationProperty Name="order" Relationship="HybrisCommerceOData.FK_OrderEntry_order" FromRole="OrderEntry" ToRole="Order" s:IsUnique="true" Nullable="false"/>
</EntityType>
<EntityType Name="Customer">
<Key>
<PropertyRef Name="integrationKey"/>
</Key>
<Property Name="uid" Type="Edm.String" Nullable="false" s:IsUnique="true"/>
<Property Name="customerID" Type="Edm.String" Nullable="true" s:IsUnique="true"/>
<Property Name="integrationKey" Type="Edm.String" Nullable="false" s:Alias="Customer_customerID|Customer_uid"/>
</EntityType>
<EntityType Name="CatalogVersion">
<Key>
<PropertyRef Name="integrationKey"/>
</Key>
<Property Name="version" Type="Edm.String" Nullable="false" s:IsUnique="true"/>
<Property Name="integrationKey" Type="Edm.String" Nullable="false" s:Alias="CatalogVersion_version|Catalog_id"/>
<NavigationProperty Name="catalog" Relationship="HybrisCommerceOData.FK_CatalogVersion_catalog" FromRole="CatalogVersion" ToRole="Catalog" s:IsUnique="true" Nullable="false"/>
</EntityType>
<EntityType Name="Product">
<Key>
<PropertyRef Name="integrationKey"/>
</Key>
<Property Name="code" Type="Edm.String" Nullable="false" s:IsUnique="true"/>
<Property Name="integrationKey" Type="Edm.String" Nullable="false" s:Alias="CatalogVersion_version|Catalog_id|Product_code"/>
<NavigationProperty Name="catalogVersion" Relationship="HybrisCommerceOData.FK_Product_catalogVersion" FromRole="Product" ToRole="CatalogVersion" s:IsUnique="true" Nullable="false"/>
</EntityType>
<EntityType Name="Unit">
<Key>
<PropertyRef Name="integrationKey"/>
</Key>
<Property Name="code" Type="Edm.String" Nullable="false" s:IsUnique="true"/>
<Property Name="integrationKey" Type="Edm.String" Nullable="false" s:Alias="Unit_code"/>
</EntityType>
<EntityType Name="Catalog">
<Key>
<PropertyRef Name="integrationKey"/>
</Key>
<Property Name="id" Type="Edm.String" Nullable="false" s:IsUnique="true"/>
<Property Name="integrationKey" Type="Edm.String" Nullable="false" s:Alias="Catalog_id"/>
</EntityType>
<Association Name="FK_Product_catalogVersion">
<End Type="HybrisCommerceOData.Product" Multiplicity="0..1" Role="Product"/>
<End Type="HybrisCommerceOData.CatalogVersion" Multiplicity="0..1" Role="CatalogVersion"/>
</Association>
<Association Name="FK_Order_entries">
<End Type="HybrisCommerceOData.Order" Multiplicity="1" Role="Order"/>
<End Type="HybrisCommerceOData.OrderEntry" Multiplicity="*" Role="OrderEntry"/>
</Association>
<Association Name="FK_Order_Unit">
<End Type="HybrisCommerceOData.Order" Multiplicity="0..1" Role="Order"/>
<End Type="HybrisCommerceOData.B2BUnit" Multiplicity="0..1" Role="B2BUnit"/>
</Association>
<Association Name="FK_Order_user">
<End Type="HybrisCommerceOData.Order" Multiplicity="0..1" Role="Order"/>
<End Type="HybrisCommerceOData.Customer" Multiplicity="0..1" Role="Customer"/>
</Association>
<Association Name="FK_OrderEntry_unit">
<End Type="HybrisCommerceOData.OrderEntry" Multiplicity="0..1" Role="OrderEntry"/>
<End Type="HybrisCommerceOData.Unit" Multiplicity="0..1" Role="Unit"/>
</Association>
<Association Name="FK_OrderEntry_product">
<End Type="HybrisCommerceOData.OrderEntry" Multiplicity="0..1" Role="OrderEntry"/>
<End Type="HybrisCommerceOData.Product" Multiplicity="0..1" Role="Product"/>
</Association>
<Association Name="FK_OrderEntry_order">
<End Type="HybrisCommerceOData.OrderEntry" Multiplicity="0..1" Role="OrderEntry"/>
<End Type="HybrisCommerceOData.Order" Multiplicity="0..1" Role="Order"/>
</Association>
<Association Name="FK_CatalogVersion_catalog">
<End Type="HybrisCommerceOData.CatalogVersion" Multiplicity="0..1" Role="CatalogVersion"/>
<End Type="HybrisCommerceOData.Catalog" Multiplicity="0..1" Role="Catalog"/>
</Association>
<EntityContainer Name="Container" m:IsDefaultEntityContainer="true">
<EntitySet Name="Orders" EntityType="HybrisCommerceOData.Order"/>
<EntitySet Name="B2BUnits" EntityType="HybrisCommerceOData.B2BUnit"/>
<EntitySet Name="OrderEntries" EntityType="HybrisCommerceOData.OrderEntry"/>
<EntitySet Name="Customers" EntityType="HybrisCommerceOData.Customer"/>
<EntitySet Name="CatalogVersions" EntityType="HybrisCommerceOData.CatalogVersion"/>
<EntitySet Name="Products" EntityType="HybrisCommerceOData.Product"/>
<EntitySet Name="Units" EntityType="HybrisCommerceOData.Unit"/>
<EntitySet Name="Catalogs" EntityType="HybrisCommerceOData.Catalog"/>
<AssociationSet Name="Product_CatalogVersions" Association="HybrisCommerceOData.FK_Product_catalogVersion">
<End EntitySet="Products" Role="Product"/>
<End EntitySet="CatalogVersions" Role="CatalogVersion"/>
</AssociationSet>
<AssociationSet Name="Order_OrderEntries" Association="HybrisCommerceOData.FK_Order_entries">
<End EntitySet="Orders" Role="Order"/>
<End EntitySet="OrderEntries" Role="OrderEntry"/>
</AssociationSet>
<AssociationSet Name="Order_B2BUnits" Association="HybrisCommerceOData.FK_Order_Unit">
<End EntitySet="Orders" Role="Order"/>
<End EntitySet="B2BUnits" Role="B2BUnit"/>
</AssociationSet>
<AssociationSet Name="Order_Customers" Association="HybrisCommerceOData.FK_Order_user">
<End EntitySet="Orders" Role="Order"/>
<End EntitySet="Customers" Role="Customer"/>
</AssociationSet>
<AssociationSet Name="OrderEntry_Units" Association="HybrisCommerceOData.FK_OrderEntry_unit">
<End EntitySet="OrderEntries" Role="OrderEntry"/>
<End EntitySet="Units" Role="Unit"/>
</AssociationSet>
<AssociationSet Name="OrderEntry_Products" Association="HybrisCommerceOData.FK_OrderEntry_product">
<End EntitySet="OrderEntries" Role="OrderEntry"/>
<End EntitySet="Products" Role="Product"/>
</AssociationSet>
<AssociationSet Name="OrderEntry_Orders" Association="HybrisCommerceOData.FK_OrderEntry_order">
<End EntitySet="OrderEntries" Role="OrderEntry"/>
<End EntitySet="Orders" Role="Order"/>
</AssociationSet>
<AssociationSet Name="CatalogVersion_Catalogs" Association="HybrisCommerceOData.FK_CatalogVersion_catalog">
<End EntitySet="CatalogVersions" Role="CatalogVersion"/>
<End EntitySet="Catalogs" Role="Catalog"/>
</AssociationSet>
</EntityContainer>
</Schema>
</edmx:DataServices>
</edmx:Edmx>