{
    "openapi": "3.0.3",
    "info": {
        "title": "Product Inbound Replication",
        "version": "1.0.0",
        "description": "This API replicates products from SAP S/4HANA to SAP Sales and Service Cloud Version 2."
    },
    "servers": [{
            "url": "https://{hostname}",
            "description": "Example of server url is https://my1234567.crm.cloud.sap",
            "variables": {
                "hostname": {
                    "default": ""
                }
            }
        }
    ],
    "components": {
        "securitySchemes": {
            "basicAuthentication": {
                "type": "http",
                "scheme": "basic"
            }
        },
        "schemas": {
            "error": {
                "type": "object",
                "properties": {
                    "error": {
                        "type": "object",
                        "properties": {
                            "code": {
                                "type": "string"
                            },
                            "details": {
                                "type": "array",
                                "items": {
                                    "type": "object",
                                    "properties": {
                                        "message": {
                                            "type": "string"
                                        },
                                        "code": {
                                            "type": "string"
                                        },
                                        "target": {
                                            "type": "string"
                                        }
                                    }
                                }
                            },
                            "message": {
                                "type": "string"
                            },
                            "target": {
                                "type": "string"
                            }
                        }
                    }
                }
            },
            "ProductInboundReplicationcreaterequest": {
                "title": "Product Inbound Replication create request",
                "type": "object",
                "properties": {
                    "messageHeader": {
                        "type": "object",
                        "properties": {
                            "id": {
                                "type": "string",
                                "nullable": true,
                                "format": "uuid",
                                "title": "ID"
                            },
                            "senderCommunicationSystemDisplayId": {
                                "type": "string",
                                "nullable": true,
                                "title": "Sender Communication System Display ID"
                            },
                            "receiverCommunicationSystemDisplayId": {
                                "type": "string",
                                "nullable": true,
                                "title": "Receiver Communication System Display ID"
                            },
                            "creationDateTime": {
                                "type": "string",
                                "format": "date-time",
                                "nullable": true
                            }
                        }
                    },
                    "messageRequests": {
                        "type": "array",
                        "items": {
                            "type": "object",
                            "properties": {
                                "messageHeader": {
                                    "type": "object",
                                    "properties": {
                                        "id": {
                                            "type": "string",
                                            "nullable": true,
                                            "format": "uuid",
                                            "title": "ID"
                                        },
                                        "messageEntityName": {
                                            "type": "string",
                                            "nullable": true
                                        },
                                        "creationDateTime": {
                                            "type": "string",
                                            "format": "date-time",
                                            "nullable": true
                                        },
                                        "actionCode": {
                                            "type": "string",
                                            "nullable": true,
                                            "enum": ["CREATE", "DELETE", "SAVE", "QUERY"],
                                            "title": "Action Code"
                                        },
                                        "referenceMessageRequestId": {
                                            "type": "string",
                                            "nullable": true,
                                            "title": "Reference Message Request ID"
                                        }
                                    }
                                },
                                "body": {
                                    "type": "object",
                                    "properties": {
                                        "displayId": {
                                            "type": "string",
                                            "nullable": true
                                        },
                                        "formattedDisplayId": {
                                            "type": "string",
                                            "nullable": true
                                        },
                                        "receiverDisplayId": {
                                            "type": "string",
                                            "nullable": true
                                        },
                                        "productType": {
                                            "type": "string",
                                            "nullable": true
                                        },
                                        "division": {
                                            "type": "string",
                                            "nullable": true
                                        },
                                        "billingCycle": {
                                            "type": "string",
                                            "nullable": true
                                        },
                                        "contractAutoRenewalType": {
                                            "type": "string",
                                            "nullable": true
                                        },
                                        "isDeleted": {
                                            "type": "boolean",
                                            "nullable": true
                                        },
                                        "isBlocked": {
                                            "type": "boolean",
                                            "nullable": true
                                        },
                                        "baseUnitOfMeasure": {
                                            "type": "string",
                                            "nullable": true
                                        },
                                        "productGroupDisplayId": {
                                            "type": "string",
                                            "nullable": true
                                        },
                                        "receiverProductGroupDisplayId": {
                                            "type": "string",
                                            "nullable": true
                                        },
                                        "descriptions": {
                                            "type": "array",
                                            "items": {
                                                "type": "object",
                                                "properties": {
                                                    "content": {
                                                        "type": "string",
                                                        "nullable": true
                                                    },
                                                    "language": {
                                                        "type": "string",
                                                        "nullable": true
                                                    }
                                                }
                                            }
                                        },
                                        "names": {
                                            "type": "array",
                                            "items": {
                                                "type": "object",
                                                "properties": {
                                                    "content": {
                                                        "type": "string",
                                                        "nullable": true
                                                    },
                                                    "language": {
                                                        "type": "string",
                                                        "nullable": true
                                                    }
                                                }
                                            }
                                        },
                                        "quantityConversion": {
                                            "type": "array",
                                            "items": {
                                                "type": "object",
                                                "properties": {
                                                    "quantity": {
                                                        "type": "object",
                                                        "properties": {
                                                            "content": {
                                                                "type": "number",
                                                                "nullable": true,
                                                                "format": "double"
                                                            },
                                                            "uomCode": {
                                                                "type": "string",
                                                                "nullable": true,
                                                                "title": "Unit of Measure Code"
                                                            }
                                                        }
                                                    },
                                                    "correspondingQuantity": {
                                                        "type": "object",
                                                        "properties": {
                                                            "content": {
                                                                "type": "number",
                                                                "nullable": true,
                                                                "format": "double"
                                                            },
                                                            "uomCode": {
                                                                "type": "string",
                                                                "nullable": true,
                                                                "title": "Unit of Measure Code"
                                                            }
                                                        }
                                                    }
                                                }
                                            }
                                        },
                                        "salesDistributionChains": {
                                            "type": "array",
                                            "items": {
                                                "type": "object",
                                                "properties": {
                                                    "salesOrganisationDisplayId": {
                                                        "type": "string",
                                                        "nullable": true
                                                    },
                                                    "receiverSalesOrganisationDisplayId": {
                                                        "type": "string",
                                                        "nullable": true
                                                    },
                                                    "distributionChannel": {
                                                        "type": "string",
                                                        "nullable": true
                                                    },
                                                    "salesUnitOfMeasure": {
                                                        "type": "string",
                                                        "nullable": true
                                                    },
                                                    "minimumOrderQuantity": {
                                                        "type": "object",
                                                        "properties": {
                                                            "content": {
                                                                "type": "number",
                                                                "nullable": true
                                                            },
                                                            "uomCode": {
                                                                "type": "string",
                                                                "nullable": true
                                                            }
                                                        }
                                                    },
                                                    "salesStatus": {
                                                        "type": "string",
                                                        "nullable": true
                                                    },
                                                    "isDeleted": {
                                                        "type": "boolean",
                                                        "nullable": true
                                                    },
                                                    "defaultContractDuration": {
                                                        "type": "integer",
                                                        "nullable": true
                                                    },
                                                    "firstAlternativeContractDuration": {
                                                        "type": "integer",
                                                        "nullable": true
                                                    },
                                                    "secondAlternativeContractDuration": {
                                                        "type": "integer",
                                                        "nullable": true
                                                    },
                                                    "contractDurationUnit": {
                                                        "type": "string",
                                                        "nullable": true
                                                    },
                                                    "defaultContractExtensionDuration": {
                                                        "type": "integer",
                                                        "nullable": true
                                                    },
                                                    "firstAlternativeContractExtensionDuration": {
                                                        "type": "integer",
                                                        "nullable": true
                                                    },
                                                    "secondAlternativeContractExtensionDuration": {
                                                        "type": "integer",
                                                        "nullable": true
                                                    },
                                                    "contractExtensionDurationUnit": {
                                                        "type": "string",
                                                        "nullable": true
                                                    }
                                                }
                                            }
                                        },
                                        "plants": {
                                            "type": "array",
                                            "items": {
                                                "type": "object",
                                                "properties": {
                                                    "displayId": {
                                                        "type": "string",
                                                        "nullable": true
                                                    }
                                                }
                                            }
                                        },
                                        "globalTradeItemNumbers": {
                                            "type": "array",
                                            "items": {
                                                "type": "object",
                                                "properties": {
                                                    "globalTradeItemNumber": {
                                                        "type": "string",
                                                        "nullable": true
                                                    },
                                                    "unitOfMeasure": {
                                                        "type": "string",
                                                        "nullable": true
                                                    },
                                                    "isMain": {
                                                        "type": "boolean",
                                                        "nullable": true
                                                    }
                                                }
                                            }
                                        }
                                    }
                                }
                            }
                        }
                    }
                }
            },
            "ProductInboundReplicationfile": {
                "title": "Product Inbound Replication file",
                "type": "object",
                "properties": {
                    "value": {
                        "type": "object",
                        "properties": {
                            "messageHeader": {
                                "type": "object",
                                "properties": {
                                    "id": {
                                        "type": "string",
                                        "nullable": true,
                                        "format": "uuid",
                                        "title": "ID"
                                    },
                                    "senderCommunicationSystemDisplayId": {
                                        "type": "string",
                                        "nullable": true,
                                        "title": "Sender Communication System Display ID"
                                    },
                                    "receiverCommunicationSystemDisplayId": {
                                        "type": "string",
                                        "nullable": true,
                                        "title": "Receiver Communication System Display ID"
                                    },
                                    "creationDateTime": {
                                        "type": "string",
                                        "format": "date-time",
                                        "nullable": true
                                    }
                                }
                            },
                            "messageRequests": {
                                "type": "array",
                                "items": {
                                    "type": "object",
                                    "properties": {
                                        "messageHeader": {
                                            "type": "object",
                                            "properties": {
                                                "id": {
                                                    "type": "string",
                                                    "nullable": true,
                                                    "format": "uuid",
                                                    "title": "ID"
                                                },
                                                "messageEntityName": {
                                                    "type": "string",
                                                    "nullable": true
                                                },
                                                "creationDateTime": {
                                                    "type": "string",
                                                    "format": "date-time",
                                                    "nullable": true
                                                },
                                                "actionCode": {
                                                    "type": "string",
                                                    "nullable": true,
                                                    "enum": ["CREATE", "DELETE", "SAVE", "QUERY"],
                                                    "title": "Action Code"
                                                },
                                                "referenceMessageRequestId": {
                                                    "type": "string",
                                                    "nullable": true,
                                                    "title": "Reference Message Request ID"
                                                }
                                            }
                                        },
                                        "body": {
                                            "type": "object",
                                            "properties": {
                                                "displayId": {
                                                    "type": "string",
                                                    "nullable": true
                                                },
                                                "formattedDisplayId": {
                                                    "type": "string",
                                                    "nullable": true
                                                },
                                                "receiverDisplayId": {
                                                    "type": "string",
                                                    "nullable": true
                                                },
                                                "productType": {
                                                    "type": "string",
                                                    "nullable": true
                                                },
                                                "division": {
                                                    "type": "string",
                                                    "nullable": true
                                                },
                                                "billingCycle": {
                                                    "type": "string",
                                                    "nullable": true
                                                },
                                                "contractAutoRenewalType": {
                                                    "type": "string",
                                                    "nullable": true
                                                },
                                                "isDeleted": {
                                                    "type": "boolean",
                                                    "nullable": true
                                                },
                                                "isBlocked": {
                                                    "type": "boolean",
                                                    "nullable": true
                                                },
                                                "baseUnitOfMeasure": {
                                                    "type": "string",
                                                    "nullable": true
                                                },
                                                "productGroupDisplayId": {
                                                    "type": "string",
                                                    "nullable": true
                                                },
                                                "receiverProductGroupDisplayId": {
                                                    "type": "string",
                                                    "nullable": true
                                                },
                                                "descriptions": {
                                                    "type": "array",
                                                    "items": {
                                                        "type": "object",
                                                        "properties": {
                                                            "content": {
                                                                "type": "string",
                                                                "nullable": true
                                                            },
                                                            "language": {
                                                                "type": "string",
                                                                "nullable": true
                                                            }
                                                        }
                                                    }
                                                },
                                                "names": {
                                                    "type": "array",
                                                    "items": {
                                                        "type": "object",
                                                        "properties": {
                                                            "content": {
                                                                "type": "string",
                                                                "nullable": true
                                                            },
                                                            "language": {
                                                                "type": "string",
                                                                "nullable": true
                                                            }
                                                        }
                                                    }
                                                },
                                                "quantityConversion": {
                                                    "type": "array",
                                                    "items": {
                                                        "type": "object",
                                                        "properties": {
                                                            "quantity": {
                                                                "type": "object",
                                                                "properties": {
                                                                    "content": {
                                                                        "type": "number",
                                                                        "nullable": true,
                                                                        "format": "double"
                                                                    },
                                                                    "uomCode": {
                                                                        "type": "string",
                                                                        "nullable": true,
                                                                        "title": "Unit of Measure Code"
                                                                    }
                                                                }
                                                            },
                                                            "correspondingQuantity": {
                                                                "type": "object",
                                                                "properties": {
                                                                    "content": {
                                                                        "type": "number",
                                                                        "nullable": true,
                                                                        "format": "double"
                                                                    },
                                                                    "uomCode": {
                                                                        "type": "string",
                                                                        "nullable": true,
                                                                        "title": "Unit of Measure Code"
                                                                    }
                                                                }
                                                            }
                                                        }
                                                    }
                                                },
                                                "salesDistributionChains": {
                                                    "type": "array",
                                                    "items": {
                                                        "type": "object",
                                                        "properties": {
                                                            "salesOrganisationDisplayId": {
                                                                "type": "string",
                                                                "nullable": true
                                                            },
                                                            "receiverSalesOrganisationDisplayId": {
                                                                "type": "string",
                                                                "nullable": true
                                                            },
                                                            "distributionChannel": {
                                                                "type": "string",
                                                                "nullable": true
                                                            },
                                                            "salesUnitOfMeasure": {
                                                                "type": "string",
                                                                "nullable": true
                                                            },
                                                            "minimumOrderQuantity": {
                                                                "type": "object",
                                                                "properties": {
                                                                    "content": {
                                                                        "type": "number",
                                                                        "nullable": true
                                                                    },
                                                                    "uomCode": {
                                                                        "type": "string",
                                                                        "nullable": true
                                                                    }
                                                                }
                                                            },
                                                            "salesStatus": {
                                                                "type": "string",
                                                                "nullable": true
                                                            },
                                                            "isDeleted": {
                                                                "type": "boolean",
                                                                "nullable": true
                                                            },
                                                            "defaultContractDuration": {
                                                                "type": "integer",
                                                                "nullable": true
                                                            },
                                                            "firstAlternativeContractDuration": {
                                                                "type": "integer",
                                                                "nullable": true
                                                            },
                                                            "secondAlternativeContractDuration": {
                                                                "type": "integer",
                                                                "nullable": true
                                                            },
                                                            "contractDurationUnit": {
                                                                "type": "string",
                                                                "nullable": true
                                                            },
                                                            "defaultContractExtensionDuration": {
                                                                "type": "integer",
                                                                "nullable": true
                                                            },
                                                            "firstAlternativeContractExtensionDuration": {
                                                                "type": "integer",
                                                                "nullable": true
                                                            },
                                                            "secondAlternativeContractExtensionDuration": {
                                                                "type": "integer",
                                                                "nullable": true
                                                            },
                                                            "contractExtensionDurationUnit": {
                                                                "type": "string",
                                                                "nullable": true
                                                            }
                                                        }
                                                    }
                                                },
                                                "plants": {
                                                    "type": "array",
                                                    "items": {
                                                        "type": "object",
                                                        "properties": {
                                                            "displayId": {
                                                                "type": "string",
                                                                "nullable": true
                                                            }
                                                        }
                                                    }
                                                },
                                                "globalTradeItemNumbers": {
                                                    "type": "array",
                                                    "items": {
                                                        "type": "object",
                                                        "properties": {
                                                            "globalTradeItemNumber": {
                                                                "type": "string",
                                                                "nullable": true
                                                            },
                                                            "unitOfMeasure": {
                                                                "type": "string",
                                                                "nullable": true
                                                            },
                                                            "isMain": {
                                                                "type": "boolean",
                                                                "nullable": true
                                                            }
                                                        }
                                                    }
                                                }
                                            }
                                        }
                                    }
                                }
                            }
                        }
                    }
                }
            }
        }
    },
    "security": [{
            "basicAuthentication": []
        }
    ],
    "paths": {
        "/sap/c4c/api/v1/inbound-data-connector-service/messages/sap.crm.md.integrationmetadataservice.entity.productS4ReplicationMessageIn": {
            "post": {
                "operationId": "createmd.integrationmetadataservice_productS4ReplicationIn",
                "tags": ["ProductS4ReplicationIn"],
                "summary": "Create data",
                "parameters": [],
                "requestBody": {
                    "content": {
                        "application/json": {
                            "schema": {
                                "$ref": "#/components/schemas/ProductInboundReplicationcreaterequest"
                            }
                        }
                    }
                },
                "responses": {
                    "201": {
                        "description": "201 CREATED",
                        "content": {
                            "application/json": {
                                "schema": {
                                    "$ref": "#/components/schemas/ProductInboundReplicationfile"
                                }
                            }
                        }
                    },
                    "400": {
                        "description": "400 BAD_REQUEST",
                        "content": {
                            "application/json": {
                                "schema": {
                                    "$ref": "#/components/schemas/error"
                                }
                            }
                        }
                    },
                    "401": {
                        "description": "401 UNAUTHORIZED"
                    },
                    "403": {
                        "description": "403 FORBIDDEN"
                    },
                    "404": {
                        "description": "404 NOT_FOUND"
                    },
                    "500": {
                        "description": "500 INTERNAL_SERVER_ERROR",
                        "content": {
                            "application/json": {
                                "schema": {
                                    "$ref": "#/components/schemas/error"
                                }
                            }
                        }
                    }
                }
            }
        }
    },
    "x-sap-shortText": "Manage entities from Product Inbound Replication service."
}
