{
  "openapi": "3.0.3",
  "info": {
    "title": "Collection dunning service",
    "version": "1.0.0",
    "description": "Collection dunning Service \n\nUse this API to view and manage your Collection dunning"
  },
  "servers": [
    {
      "url": "https://{hostname}",
      "description": "Example of server url is https://my1234567.crm.cloud.sap",
      "variables": {
        "hostname": {
          "default": ""
        }
      }
    }
  ],
  "components": {
    "securitySchemes": {
      "basicAuthentication": {
        "type": "http",
        "scheme": "basic"
      }
    },
    "schemas": {
      "error": {
        "type": "object",
        "properties": {
          "error": {
            "type": "object",
            "properties": {
              "code": {
                "type": "string"
              },
              "details": {
                "type": "array",
                "items": {
                  "type": "object",
                  "properties": {
                    "message": {
                      "type": "string"
                    },
                    "code": {
                      "type": "string"
                    },
                    "target": {
                      "type": "string"
                    }
                  }
                }
              },
              "message": {
                "type": "string"
              },
              "target": {
                "type": "string"
              }
            }
          }
        }
      },
      "Collectiondunningservicequeryresponse": {
        "title": "Collection dunning service query response",
        "type": "object",
        "properties": {
          "count": {
            "type": "integer",
            "format": "int32"
          },
          "value": {
            "type": "array",
            "items": {
              "type": "object",
              "properties": {
                "issueDate": {
                  "type": "string",
                  "format": "date-time",
                  "nullable": true
                },
                "dunningBalance": {
                  "type": "object",
                  "properties": {
                    "content": {
                      "type": "number",
                      "nullable": true,
                      "format": "double"
                    },
                    "currencyCode": {
                      "type": "string",
                      "nullable": true,
                      "title": "Currency"
                    }
                  }
                },
                "printDate": {
                  "type": "string",
                  "format": "date-time",
                  "nullable": true
                },
                "dunningProcedureCode": {
                  "type": "string",
                  "nullable": true,
                  "maxLength": 2,
                  "title": "Dunning Level Code"
                },
                "dunningProcedureText": {
                  "type": "string",
                  "nullable": true,
                  "maxLength": 50,
                  "title": "Dunning Procedure Text"
                },
                "collectionStrategy": {
                  "type": "string",
                  "nullable": true,
                  "maxLength": 2,
                  "title": "Collection Strategy"
                },
                "collectionStrategyText": {
                  "type": "string",
                  "nullable": true,
                  "maxLength": 50,
                  "title": "Collection Strategy Text"
                },
                "dunningLevel": {
                  "type": "string",
                  "nullable": true,
                  "maxLength": 2,
                  "title": "Dunning Level"
                },
                "dunningLevelText": {
                  "type": "string",
                  "nullable": true,
                  "maxLength": 50,
                  "title": "lbl_dunning_Level_text"
                },
                "collectionStep": {
                  "type": "string",
                  "nullable": true,
                  "maxLength": 2,
                  "title": "Collection Step"
                },
                "collectionStepText": {
                  "type": "string",
                  "nullable": true,
                  "maxLength": 50,
                  "title": "Collection Step Text"
                },
                "statusCode": {
                  "type": "string",
                  "nullable": true,
                  "maxLength": 2,
                  "title": "Status Code"
                },
                "statusText": {
                  "type": "string",
                  "nullable": true,
                  "maxLength": 50,
                  "title": "Description"
                },
                "contractAccountId": {
                  "type": "string",
                  "nullable": true,
                  "maxLength": 12,
                  "title": "Contract Account ID"
                },
                "businessPartnerId": {
                  "type": "string",
                  "nullable": true,
                  "maxLength": 10,
                  "title": "Business Partner ID"
                },
                "cancelled": {
                  "type": "boolean",
                  "nullable": true
                },
                "nextDunningDate": {
                  "type": "string",
                  "nullable": true,
                  "maxLength": 10,
                  "title": "Next Dunning Date"
                },
                "paymentTargetDate": {
                  "type": "string",
                  "nullable": true,
                  "maxLength": 10,
                  "title": "Payment Target Date"
                }
              }
            }
          }
        }
      },
      "info": {
        "type": "object",
        "properties": {
          "info": {
            "type": "object",
            "properties": {
              "code": {
                "type": "string"
              },
              "details": {
                "type": "array",
                "items": {
                  "type": "object",
                  "properties": {
                    "message": {
                      "type": "string"
                    },
                    "target": {
                      "type": "string"
                    },
                    "code": {
                      "type": "string"
                    },
                    "severity": {
                      "type": "string",
                      "enum": [
                        "ERROR",
                        "WARNING",
                        "INFO"
                      ]
                    }
                  }
                }
              },
              "message": {
                "type": "string"
              },
              "target": {
                "type": "string"
              },
              "severity": {
                "type": "string",
                "enum": [
                  "ERROR",
                  "WARNING",
                  "INFO"
                ]
              }
            }
          }
        }
      }
    }
  },
  "security": [
    {
      "basicAuthentication": []
    }
  ],
  "paths": {
    "/sap/c4c/api/v1/collections-integration-service/dunning": {
      "get": {
        "operationId": "querycollectionsintegrationservice_dunning",
        "tags": [
          "Dunning"
        ],
        "summary": "Retrieve Collection Dunning information for a contract account from the system.",
        "description": "Specify query parameters to return desired Collection Dunning records from the system.",
        "parameters": [
          {
            "name": "$filter",
            "in": "query",
            "required": true,
            "schema": {
              "type": "string"
            },
            "examples": {
              "one": {
                "value": "contractAccountId eq 2043504",
                "summary": "Retrieve Collection Dunning history of a contract account"
              },
              "two": {
                "value": "contractAccountId eq 2043504 and cancelledDunning eq X",
                "summary": "Retrieve Collection Dunning history of a contract account and Include cancelled Dunning"
              }
            },
            "description": "Filter Collection Dunning by attribute."
          }
        ],
        "responses": {
          "200": {
            "description": "Retrieved Collection Dunning history",
            "content": {
              "application/json": {
                "schema": {
                  "allOf": [
                    {
                      "$ref": "#/components/schemas/Collectiondunningservicequeryresponse"
                    },
                    {
                      "$ref": "#/components/schemas/info"
                    }
                  ]
                }
              }
            }
          },
          "401": {
            "description": "Unauthorized.\n\nThis error is caused when the request has not been applied because there are no valid authentication credentials for the target resource."
          },
          "403": {
            "description": "Forbidden.\n\nThis client error code indicates that the server understood the request but refuses to authorize it."
          },
          "500": {
            "description": "Internal Server Error.\n\nFailed to query Collection Dunning history.",
            "content": {
              "application/json": {
                "schema": {
                  "$ref": "#/components/schemas/error"
                }
              }
            }
          }
        }
      }
    }
  },
  "x-sap-shortText": "Manage entities from Collection dunning service service.",
  "x-sap-extensible": {
    "supported": "automatic",
    "description": "You can create extension fields in the Collection dunning service API by following the steps mentioned in https://help.sap.com/docs/CX_NG_SVC/2c87cece32844c91836e535aef8f9642/d3bdfac0c6b141c0bac27408c3ed159f.html?locale=en-US. The newly created extensions will be available in the API request and response body."
  }
}