<?xml version="1.0" encoding="utf-8"?><edmx:Edmx Version="1.0" xmlns:edmx="http://schemas.microsoft.com/ado/2007/06/edmx" xmlns:m="http://schemas.microsoft.com/ado/2007/08/dataservices/metadata" xmlns:sap="http://www.sap.com/Protocols/SAPData"><edmx:DataServices m:DataServiceVersion="2.0"><Schema Namespace="FCO_PI_COST_CENTER" xml:lang="de" sap:schema-version="1" xmlns="http://schemas.microsoft.com/ado/2008/09/edm"><EntityType Name="CostCenter" sap:content-version="1"><Key><PropertyRef Name="CompanyCode"/><PropertyRef Name="CostCenterID"/><PropertyRef Name="ValidityEndDate"/></Key><Property Name="CompanyCode" Type="Edm.String" Nullable="false" MaxLength="4" sap:label="Buchungskreis"/><Property Name="CostCenterID" Type="Edm.String" Nullable="false" MaxLength="10" sap:label="Kostenstelle"/><Property Name="ValidityEndDate" Type="Edm.DateTime" Nullable="false" Precision="0" sap:label="Gültig bis"/><Property Name="ValidityStartDate" Type="Edm.DateTime" Precision="0" sap:label="Gültig ab"/><Property Name="Status" Type="Edm.String" MaxLength="10" sap:label="Characterfeld der Länge 10"/><Property Name="Category" Type="Edm.String" MaxLength="1" sap:label="KStellenart"/><Property Name="Language" Type="Edm.String" MaxLength="2" sap:label="Sprachschlüs"/><Property Name="CostCenterName" Type="Edm.String" MaxLength="20" m:FC_TargetPath="SyndicationTitle" m:FC_KeepInContent="true" sap:label="Bezeichnung"/><Property Name="CostCenterDescription" Type="Edm.String" MaxLength="40" sap:label="Langtext"/><Property Name="LastChangeDateTime" Type="Edm.DateTime" Precision="0" sap:label="Zeitstempel"/><NavigationProperty Name="CostCenterTexts" Relationship="FCO_PI_COST_CENTER.CostCenterToText" FromRole="FromRole_CostCenterToText" ToRole="ToRole_CostCenterToText"/></EntityType><EntityType Name="CostCenterText" sap:content-version="1"><Key><PropertyRef Name="CompanyCode"/><PropertyRef Name="CostCenterID"/><PropertyRef Name="ValidityEndDate"/><PropertyRef Name="Language"/></Key><Property Name="CompanyCode" Type="Edm.String" Nullable="false" MaxLength="4" sap:label="Buchungskreis"/><Property Name="CostCenterID" Type="Edm.String" Nullable="false" MaxLength="10" sap:label="Kostenstelle"/><Property Name="ValidityEndDate" Type="Edm.DateTime" Nullable="false" Precision="0" sap:label="Gültig bis"/><Property Name="Language" Type="Edm.String" Nullable="false" MaxLength="2" sap:label="Sprachschlüs"/><Property Name="CostCenterName" Type="Edm.String" MaxLength="20" m:FC_TargetPath="SyndicationTitle" m:FC_KeepInContent="true" sap:label="Bezeichnung"/><Property Name="CostCenterDescription" Type="Edm.String" MaxLength="40" sap:label="Langtext"/></EntityType><Association Name="CostCenterToText" sap:content-version="1"><End Type="FCO_PI_COST_CENTER.CostCenter" Multiplicity="1" Role="FromRole_CostCenterToText"/><End Type="FCO_PI_COST_CENTER.CostCenterText" Multiplicity="*" Role="ToRole_CostCenterToText"/></Association><EntityContainer Name="FCO_PI_COST_CENTER_Entities" m:IsDefaultEntityContainer="true" sap:supported-formats="atom json xlsx"><EntitySet Name="CostCenterCollection" EntityType="FCO_PI_COST_CENTER.CostCenter" sap:content-version="1"/><EntitySet Name="CostCenterTextCollection" EntityType="FCO_PI_COST_CENTER.CostCenterText" sap:content-version="1"/><AssociationSet Name="CostCenterToText_AssocSet" Association="FCO_PI_COST_CENTER.CostCenterToText" sap:creatable="false" sap:updatable="false" sap:deletable="false" sap:content-version="1"><End EntitySet="CostCenterCollection" Role="FromRole_CostCenterToText"/><End EntitySet="CostCenterTextCollection" Role="ToRole_CostCenterToText"/></AssociationSet></EntityContainer><atom:link rel="self" href="https://ldcicc2.wdf.sap.corp:44300/sap/opu/odata/sap/FCO_PI_COST_CENTER/$metadata" xmlns:atom="http://www.w3.org/2005/Atom"/><atom:link rel="latest-version" href="https://ldcicc2.wdf.sap.corp:44300/sap/opu/odata/sap/FCO_PI_COST_CENTER/$metadata" xmlns:atom="http://www.w3.org/2005/Atom"/></Schema></edmx:DataServices></edmx:Edmx>