<?xml version='1.0' encoding='utf-8'?><edmx:Edmx Version="1.0" xmlns:edmx="http://schemas.microsoft.com/ado/2007/06/edmx" xmlns:atom="http://www.w3.org/2005/Atom"><edmx:DataServices m:DataServiceVersion="2.0" xmlns:m="http://schemas.microsoft.com/ado/2007/08/dataservices/metadata"><Schema Namespace="SFODataSet" xmlns="http://schemas.microsoft.com/ado/2008/09/edm" xmlns:sf="http://www.successfactors.com/edm/sf" xmlns:sap="http://www.successfactors.com/edm/sap"><EntityContainer Name="EntityContainer" m:IsDefaultEntityContainer="true"><EntitySet Name="FOCostCenter" EntityType="SFOData.FOCostCenter" sap:label="Cost Center"><Documentation><Summary>FOCostCenter</Summary><LongDescription>This is a foundation object that describes a cost center.</LongDescription><sap:tagcollection><sap:tag> Corporate Foundation Data </sap:tag><sap:tag>Employee Central</sap:tag></sap:tagcollection></Documentation></EntitySet><AssociationSet Name="parentCostCenterNav_of_FOCostCenter" Association="SFOData.parentCostCenterNav_of_FOCostCenter"><End EntitySet="FOCostCenter" Role="FOCostCenter" /><End EntitySet="FOCostCenter" Role="parentCostCenterNav" /></AssociationSet></EntityContainer></Schema><Schema Namespace="SFOData" xmlns="http://schemas.microsoft.com/ado/2008/09/edm" xmlns:sf="http://www.successfactors.com/edm/sf" xmlns:sap="http://www.successfactors.com/edm/sap"><EntityType Name="FOCostCenter"><Key><PropertyRef Name="externalCode" /><PropertyRef Name="startDate" /></Key><Property Name="companyFlx" Type="Edm.String" Nullable="true" sf:Required="false" sap:required="false" sf:Insertable="false" sap:creatable="false" sf:Updatable="false" sap:updatable="false" sf:Upsertable="true" sap:upsertable="true" sf:Selectable="false" sap:visible="false" sf:Sortable="false" sap:sortable="false" sf:Filterable="false" sap:filterable="false" sap:label="companyFlx" /><Property Name="costcenterExternalObjectID" Type="Edm.String" Nullable="true" sf:Required="false" sap:required="false" sf:Insertable="false" sap:creatable="false" sf:Updatable="false" sap:updatable="false" sf:Upsertable="true" sap:upsertable="true" sf:Selectable="true" sap:visible="true" sf:Sortable="true" sap:sortable="true" sf:Filterable="true" sap:filterable="true" MaxLength="40" sap:label="External Object ID" /><Property Name="costcenterManager" Type="Edm.String" Nullable="true" sf:Required="false" sap:required="false" sf:Insertable="false" sap:creatable="false" sf:Updatable="false" sap:updatable="false" sf:Upsertable="true" sap:upsertable="true" sf:Selectable="true" sap:visible="true" sf:Sortable="true" sap:sortable="true" sf:Filterable="true" sap:filterable="true" MaxLength="100" sap:label="Cost Center Manager" /><Property Name="createdBy" Type="Edm.String" Nullable="true" sf:Required="false" sap:required="false" sf:Insertable="false" sap:creatable="false" sf:Updatable="false" sap:updatable="false" sf:Upsertable="false" sap:upsertable="false" sf:Selectable="true" sap:visible="true" sf:Sortable="true" sap:sortable="true" sf:Filterable="true" sap:filterable="true" MaxLength="255" sap:label="createdBy" /><Property Name="createdDateTime" Type="Edm.DateTimeOffset" Nullable="true" sf:Required="false" sap:required="false" sf:Insertable="false" sap:creatable="false" sf:Updatable="false" sap:updatable="false" sf:Upsertable="false" sap:upsertable="false" sf:Selectable="true" sap:visible="true" sf:Sortable="true" sap:sortable="true" sf:Filterable="true" sap:filterable="true" sap:label="createdDate" /><Property Name="createdOn" Type="Edm.DateTime" Nullable="true" sf:Required="false" sap:required="false" sf:Insertable="false" sap:creatable="false" sf:Updatable="false" sap:updatable="false" sf:Upsertable="false" sap:upsertable="false" sf:Selectable="true" sap:visible="true" sf:Sortable="true" sap:sortable="true" sf:Filterable="true" sap:filterable="true" sap:label="createdDate" /><Property Name="cust_company" Type="Edm.String" Nullable="true" sf:Required="false" sap:required="false" sf:Insertable="false" sap:creatable="false" sf:Updatable="false" sap:updatable="false" sf:Upsertable="true" sap:upsertable="true" sf:Selectable="true" sap:visible="true" sf:Sortable="true" sap:sortable="true" sf:Filterable="true" sap:filterable="true" MaxLength="128" sap:label="Company_t" /><Property Name="description" Type="Edm.String" Nullable="true" sf:Required="false" sap:required="false" sf:Insertable="false" sap:creatable="false" sf:Updatable="false" sap:updatable="false" sf:Upsertable="true" sap:upsertable="true" sf:Selectable="true" sap:visible="true" sf:Sortable="true" sap:sortable="true" sf:Filterable="true" sap:filterable="true" MaxLength="128" sap:label="Description" /><Property Name="description_de_DE" Type="Edm.String" Nullable="true" sf:Required="false" sap:required="false" sf:Insertable="false" sap:creatable="false" sf:Updatable="false" sap:updatable="false" sf:Upsertable="true" sap:upsertable="true" sf:Selectable="true" sap:visible="true" sf:Sortable="true" sap:sortable="true" sf:Filterable="true" sap:filterable="true" MaxLength="128" sap:label="Description" /><Property Name="description_defaultValue" Type="Edm.String" Nullable="true" sf:Required="false" sap:required="false" sf:Insertable="false" sap:creatable="false" sf:Updatable="false" sap:updatable="false" sf:Upsertable="true" sap:upsertable="true" sf:Selectable="true" sap:visible="true" sf:Sortable="true" sap:sortable="true" sf:Filterable="true" sap:filterable="true" MaxLength="128" sap:label="Description" /><Property Name="description_en_GB" Type="Edm.String" Nullable="true" sf:Required="false" sap:required="false" sf:Insertable="false" sap:creatable="false" sf:Updatable="false" sap:updatable="false" sf:Upsertable="true" sap:upsertable="true" sf:Selectable="true" sap:visible="true" sf:Sortable="true" sap:sortable="true" sf:Filterable="true" sap:filterable="true" MaxLength="128" sap:label="Description" /><Property Name="description_en_US" Type="Edm.String" Nullable="true" sf:Required="false" sap:required="false" sf:Insertable="false" sap:creatable="false" sf:Updatable="false" sap:updatable="false" sf:Upsertable="true" sap:upsertable="true" sf:Selectable="true" sap:visible="true" sf:Sortable="true" sap:sortable="true" sf:Filterable="true" sap:filterable="true" MaxLength="128" sap:label="Description" /><Property Name="description_es_ES" Type="Edm.String" Nullable="true" sf:Required="false" sap:required="false" sf:Insertable="false" sap:creatable="false" sf:Updatable="false" sap:updatable="false" sf:Upsertable="true" sap:upsertable="true" sf:Selectable="true" sap:visible="true" sf:Sortable="true" sap:sortable="true" sf:Filterable="true" sap:filterable="true" MaxLength="128" sap:label="Description" /><Property Name="description_es_MX" Type="Edm.String" Nullable="true" sf:Required="false" sap:required="false" sf:Insertable="false" sap:creatable="false" sf:Updatable="false" sap:updatable="false" sf:Upsertable="true" sap:upsertable="true" sf:Selectable="true" sap:visible="true" sf:Sortable="true" sap:sortable="true" sf:Filterable="true" sap:filterable="true" MaxLength="128" sap:label="Description" /><Property Name="description_fr_CA" Type="Edm.String" Nullable="true" sf:Required="false" sap:required="false" sf:Insertable="false" sap:creatable="false" sf:Updatable="false" sap:updatable="false" sf:Upsertable="true" sap:upsertable="true" sf:Selectable="true" sap:visible="true" sf:Sortable="true" sap:sortable="true" sf:Filterable="true" sap:filterable="true" MaxLength="128" sap:label="Description" /><Property Name="description_fr_FR" Type="Edm.String" Nullable="true" sf:Required="false" sap:required="false" sf:Insertable="false" sap:creatable="false" sf:Updatable="false" sap:updatable="false" sf:Upsertable="true" sap:upsertable="true" sf:Selectable="true" sap:visible="true" sf:Sortable="true" sap:sortable="true" sf:Filterable="true" sap:filterable="true" MaxLength="128" sap:label="Description" /><Property Name="description_it_IT" Type="Edm.String" Nullable="true" sf:Required="false" sap:required="false" sf:Insertable="false" sap:creatable="false" sf:Updatable="false" sap:updatable="false" sf:Upsertable="true" sap:upsertable="true" sf:Selectable="true" sap:visible="true" sf:Sortable="true" sap:sortable="true" sf:Filterable="true" sap:filterable="true" MaxLength="128" sap:label="Description" /><Property Name="description_pt_BR" Type="Edm.String" Nullable="true" sf:Required="false" sap:required="false" sf:Insertable="false" sap:creatable="false" sf:Updatable="false" sap:updatable="false" sf:Upsertable="true" sap:upsertable="true" sf:Selectable="true" sap:visible="true" sf:Sortable="true" sap:sortable="true" sf:Filterable="true" sap:filterable="true" MaxLength="128" sap:label="Description" /><Property Name="description_zh_CN" Type="Edm.String" Nullable="true" sf:Required="false" sap:required="false" sf:Insertable="false" sap:creatable="false" sf:Updatable="false" sap:updatable="false" sf:Upsertable="true" sap:upsertable="true" sf:Selectable="true" sap:visible="true" sf:Sortable="true" sap:sortable="true" sf:Filterable="true" sap:filterable="true" MaxLength="128" sap:label="Description" /><Property Name="endDate" Type="Edm.DateTime" Nullable="true" sf:Required="false" sap:required="false" sf:Insertable="false" sap:creatable="false" sf:Updatable="false" sap:updatable="false" sf:Upsertable="true" sap:upsertable="true" sf:Selectable="true" sap:visible="true" sf:Sortable="true" sap:sortable="true" sf:Filterable="true" sap:filterable="true" sap:label="End Date" /><Property Name="externalCode" Type="Edm.String" Nullable="false" sf:Required="true" sap:required="true" sf:Insertable="false" sap:creatable="false" sf:Updatable="false" sap:updatable="false" sf:Upsertable="true" sap:upsertable="true" sf:Selectable="true" sap:visible="true" sf:Sortable="true" sap:sortable="true" sf:Filterable="true" sap:filterable="true" MaxLength="10" sap:label="Code" /><Property Name="lastModifiedBy" Type="Edm.String" Nullable="true" sf:Required="false" sap:required="false" sf:Insertable="false" sap:creatable="false" sf:Updatable="false" sap:updatable="false" sf:Upsertable="false" sap:upsertable="false" sf:Selectable="true" sap:visible="true" sf:Sortable="true" sap:sortable="true" sf:Filterable="true" sap:filterable="true" MaxLength="255" sap:label="lastModifiedBy" /><Property Name="lastModifiedDateTime" Type="Edm.DateTimeOffset" Nullable="true" sf:Required="false" sap:required="false" sf:Insertable="false" sap:creatable="false" sf:Updatable="false" sap:updatable="false" sf:Upsertable="false" sap:upsertable="false" sf:Selectable="true" sap:visible="true" sf:Sortable="true" sap:sortable="true" sf:Filterable="true" sap:filterable="true" sap:label="lastModifiedDate" /><Property Name="lastModifiedOn" Type="Edm.DateTime" Nullable="true" sf:Required="false" sap:required="false" sf:Insertable="false" sap:creatable="false" sf:Updatable="false" sap:updatable="false" sf:Upsertable="false" sap:upsertable="false" sf:Selectable="true" sap:visible="true" sf:Sortable="true" sap:sortable="true" sf:Filterable="true" sap:filterable="true" sap:label="lastModifiedDate" /><Property Name="name" Type="Edm.String" Nullable="true" sf:Required="false" sap:required="false" sf:Insertable="false" sap:creatable="false" sf:Updatable="false" sap:updatable="false" sf:Upsertable="true" sap:upsertable="true" sf:Selectable="true" sap:visible="true" sf:Sortable="true" sap:sortable="true" sf:Filterable="true" sap:filterable="true" MaxLength="40" sap:label="Name" /><Property Name="name_de_DE" Type="Edm.String" Nullable="true" sf:Required="false" sap:required="false" sf:Insertable="false" sap:creatable="false" sf:Updatable="false" sap:updatable="false" sf:Upsertable="true" sap:upsertable="true" sf:Selectable="true" sap:visible="true" sf:Sortable="true" sap:sortable="true" sf:Filterable="true" sap:filterable="true" MaxLength="40" sap:label="Name" /><Property Name="name_defaultValue" Type="Edm.String" Nullable="true" sf:Required="false" sap:required="false" sf:Insertable="false" sap:creatable="false" sf:Updatable="false" sap:updatable="false" sf:Upsertable="true" sap:upsertable="true" sf:Selectable="true" sap:visible="true" sf:Sortable="true" sap:sortable="true" sf:Filterable="true" sap:filterable="true" MaxLength="40" sap:label="Name" /><Property Name="name_en_GB" Type="Edm.String" Nullable="true" sf:Required="false" sap:required="false" sf:Insertable="false" sap:creatable="false" sf:Updatable="false" sap:updatable="false" sf:Upsertable="true" sap:upsertable="true" sf:Selectable="true" sap:visible="true" sf:Sortable="true" sap:sortable="true" sf:Filterable="true" sap:filterable="true" MaxLength="40" sap:label="Name" /><Property Name="name_en_US" Type="Edm.String" Nullable="true" sf:Required="false" sap:required="false" sf:Insertable="false" sap:creatable="false" sf:Updatable="false" sap:updatable="false" sf:Upsertable="true" sap:upsertable="true" sf:Selectable="true" sap:visible="true" sf:Sortable="true" sap:sortable="true" sf:Filterable="true" sap:filterable="true" MaxLength="40" sap:label="Name" /><Property Name="name_es_ES" Type="Edm.String" Nullable="true" sf:Required="false" sap:required="false" sf:Insertable="false" sap:creatable="false" sf:Updatable="false" sap:updatable="false" sf:Upsertable="true" sap:upsertable="true" sf:Selectable="true" sap:visible="true" sf:Sortable="true" sap:sortable="true" sf:Filterable="true" sap:filterable="true" MaxLength="40" sap:label="Name" /><Property Name="name_es_MX" Type="Edm.String" Nullable="true" sf:Required="false" sap:required="false" sf:Insertable="false" sap:creatable="false" sf:Updatable="false" sap:updatable="false" sf:Upsertable="true" sap:upsertable="true" sf:Selectable="true" sap:visible="true" sf:Sortable="true" sap:sortable="true" sf:Filterable="true" sap:filterable="true" MaxLength="40" sap:label="Name" /><Property Name="name_fr_CA" Type="Edm.String" Nullable="true" sf:Required="false" sap:required="false" sf:Insertable="false" sap:creatable="false" sf:Updatable="false" sap:updatable="false" sf:Upsertable="true" sap:upsertable="true" sf:Selectable="true" sap:visible="true" sf:Sortable="true" sap:sortable="true" sf:Filterable="true" sap:filterable="true" MaxLength="40" sap:label="Name" /><Property Name="name_fr_FR" Type="Edm.String" Nullable="true" sf:Required="false" sap:required="false" sf:Insertable="false" sap:creatable="false" sf:Updatable="false" sap:updatable="false" sf:Upsertable="true" sap:upsertable="true" sf:Selectable="true" sap:visible="true" sf:Sortable="true" sap:sortable="true" sf:Filterable="true" sap:filterable="true" MaxLength="40" sap:label="Name" /><Property Name="name_it_IT" Type="Edm.String" Nullable="true" sf:Required="false" sap:required="false" sf:Insertable="false" sap:creatable="false" sf:Updatable="false" sap:updatable="false" sf:Upsertable="true" sap:upsertable="true" sf:Selectable="true" sap:visible="true" sf:Sortable="true" sap:sortable="true" sf:Filterable="true" sap:filterable="true" MaxLength="40" sap:label="Name" /><Property Name="name_pt_BR" Type="Edm.String" Nullable="true" sf:Required="false" sap:required="false" sf:Insertable="false" sap:creatable="false" sf:Updatable="false" sap:updatable="false" sf:Upsertable="true" sap:upsertable="true" sf:Selectable="true" sap:visible="true" sf:Sortable="true" sap:sortable="true" sf:Filterable="true" sap:filterable="true" MaxLength="40" sap:label="Name" /><Property Name="name_zh_CN" Type="Edm.String" Nullable="true" sf:Required="false" sap:required="false" sf:Insertable="false" sap:creatable="false" sf:Updatable="false" sap:updatable="false" sf:Upsertable="true" sap:upsertable="true" sf:Selectable="true" sap:visible="true" sf:Sortable="true" sap:sortable="true" sf:Filterable="true" sap:filterable="true" MaxLength="40" sap:label="Name" /><Property Name="parentCostCenter" Type="Edm.String" Nullable="true" sf:Required="false" sap:required="false" sf:Insertable="false" sap:creatable="false" sf:Updatable="false" sap:updatable="false" sf:Upsertable="true" sap:upsertable="true" sf:Selectable="true" sap:visible="true" sf:Sortable="true" sap:sortable="true" sf:Filterable="true" sap:filterable="true" MaxLength="128" sap:label="Parent CostCenter" /><Property Name="startDate" Type="Edm.DateTime" Nullable="false" sf:Required="true" sap:required="true" sf:Insertable="false" sap:creatable="false" sf:Updatable="false" sap:updatable="false" sf:Upsertable="true" sap:upsertable="true" sf:Selectable="true" sap:visible="true" sf:Sortable="true" sap:sortable="true" sf:Filterable="true" sap:filterable="true" sap:label="Start Date" /><Property Name="status" Type="Edm.String" Nullable="true" sf:Required="true" sap:required="true" sf:Insertable="false" sap:creatable="false" sf:Updatable="false" sap:updatable="false" sf:Upsertable="true" sap:upsertable="true" sf:Selectable="true" sap:visible="true" sf:Sortable="true" sap:sortable="true" sf:Filterable="true" sap:filterable="true" MaxLength="255" sap:label="Status" /><NavigationProperty Name="parentCostCenterNav" sf:Required="false" sap:required="false" sf:Insertable="false" sap:creatable="false" sf:Updatable="false" sap:updatable="false" sf:Upsertable="true" sap:upsertable="true" sf:Selectable="true" sap:visible="true" sf:Sortable="true" sap:sortable="true" sf:Filterable="true" sap:filterable="true" Relationship="SFOData.parentCostCenterNav_of_FOCostCenter" FromRole="FOCostCenter" ToRole="parentCostCenterNav" sap:field-control="FOCostCenterPermissionsNav/parentCostCenterNav" sap:label="Parent CostCenter" /></EntityType><Association Name="parentCostCenterNav_of_FOCostCenter"><End Type="SFOData.FOCostCenter" Multiplicity="*" Role="FOCostCenter" /><End Type="SFOData.FOCostCenter" Multiplicity="0..1" Role="parentCostCenterNav" /></Association></Schema></edmx:DataServices></edmx:Edmx>