{
    "openapi": "3.0.3",
    "info": {
        "title": "Open Api Specification for SAP CRM",
        "version": "0.1"
    },
    "paths": {
        "/sap/c4c/api/v1/inbound-data-connector-service/messages/sap.crm.integrationcontentservice.entity.productGroupReplicationMessageIn": {
            "get": {
                "operationId": "queryintegrationcontentservice_productGroupReplicationMessageIn",
                "parameters": [
                    {
                        "name": "$top",
                        "in": "query",
                        "required": false,
                        "schema": {
                            "type": "integer",
                            "format": "int32"
                        }
                    },
                    {
                        "name": "$skip",
                        "in": "query",
                        "required": false,
                        "schema": {
                            "type": "integer",
                            "format": "int32"
                        }
                    },
                    {
                        "name": "$search",
                        "in": "query",
                        "required": false,
                        "schema": {
                            "type": "string"
                        }
                    },
                    {
                        "name": "$orderby",
                        "in": "query",
                        "required": false,
                        "schema": {
                            "type": "string"
                        }
                    },
                    {
                        "name": "$filter",
                        "in": "query",
                        "required": false,
                        "schema": {
                            "type": "string"
                        }
                    }
                ],
                "responses": {
                    "200": {
                        "description": "200 OK",
                        "content": {
                            "application/json": {
                                "schema": {
                                    "title": "productGroupReplicationMessageIn",
                                    "type": "object",
                                    "required": [
                                        "messageHeader",
                                        "messageRequests"
                                    ],
                                    "properties": {
                                        "messageHeader": {
                                            "type": "object",
                                            "properties": {
                                                "id": {
                                                    "type": "string",
                                                    "format": "uuid"
                                                },
                                                "senderCommunicationSystemDisplayId": {
                                                    "type": "string"
                                                },
                                                "receiverCommunicationSystemDisplayId": {
                                                    "type": "string"
                                                },
                                                "creationDateTime": {
                                                    "type": "string",
                                                    "format": "date-time"
                                                }
                                            }
                                        },
                                        "messageRequests": {
                                            "type": "array",
                                            "items": {
                                                "type": "object",
                                                "properties": {
                                                    "messageHeader": {
                                                        "type": "object",
                                                        "properties": {
                                                            "id": {
                                                                "type": "string",
                                                                "format": "uuid"
                                                            },
                                                            "messageEntityName": {
                                                                "type": "string"
                                                            },
                                                            "creationDateTime": {
                                                                "type": "string",
                                                                "format": "date-time"
                                                            },
                                                            "actionCode": {
                                                                "type": "string"
                                                            }
                                                        }
                                                    },
                                                    "body": {
                                                        "type": "object",
                                                        "properties": {
                                                            "displayId": {
                                                                "type": "string"
                                                            },
                                                            "receiverDisplayId": {
                                                                "type": "string"
                                                            },
                                                            "parentProductGroupDisplayId": {
                                                                "type": "string"
                                                            },
                                                            "receiverParentProductGroupDisplayId": {
                                                                "type": "string"
                                                            },
                                                            "names": {
                                                                "type": "array",
                                                                "items": {
                                                                    "type": "object",
                                                                    "properties": {
                                                                        "content": {
                                                                            "type": "string"
                                                                        },
                                                                        "language": {
                                                                            "type": "string"
                                                                        }
                                                                    }
                                                                }
                                                            }
                                                        }
                                                    }
                                                }
                                            }
                                        }
                                    }
                                }
                            }
                        }
                    },
                    "400": {
                        "description": "400 BAD_REQUEST"
                    },
                    "401": {
                        "description": "401 UNAUTHORIZED"
                    },
                    "403": {
                        "description": "403 FORBIDDEN"
                    },
                    "404": {
                        "description": "404 NOT_FOUND"
                    },
                    "500": {
                        "description": "500 INTERNAL_SERVER_ERROR"
                    }
                }
            },
            "post": {
                "operationId": "createintegrationcontentservice_productGroupReplicationMessageIn",
                "parameters": [],
                "requestBody": {
                    "content": {
                        "application/json": {
                            "schema": {
                                "title": "productGroupReplicationMessageIn",
                                "type": "object",
                                "required": [
                                    "messageHeader",
                                    "messageRequests"
                                ],
                                "properties": {
                                    "messageHeader": {
                                        "type": "object",
                                        "properties": {
                                            "id": {
                                                "type": "string",
                                                "format": "uuid"
                                            },
                                            "senderCommunicationSystemDisplayId": {
                                                "type": "string"
                                            },
                                            "receiverCommunicationSystemDisplayId": {
                                                "type": "string"
                                            },
                                            "creationDateTime": {
                                                "type": "string",
                                                "format": "date-time"
                                            }
                                        }
                                    },
                                    "messageRequests": {
                                        "type": "array",
                                        "items": {
                                            "type": "object",
                                            "properties": {
                                                "messageHeader": {
                                                    "type": "object",
                                                    "properties": {
                                                        "id": {
                                                            "type": "string",
                                                            "format": "uuid"
                                                        },
                                                        "messageEntityName": {
                                                            "type": "string"
                                                        },
                                                        "creationDateTime": {
                                                            "type": "string",
                                                            "format": "date-time"
                                                        },
                                                        "actionCode": {
                                                            "type": "string"
                                                        }
                                                    }
                                                },
                                                "body": {
                                                    "type": "object",
                                                    "properties": {
                                                        "displayId": {
                                                            "type": "string"
                                                        },
                                                        "receiverDisplayId": {
                                                            "type": "string"
                                                        },
                                                        "parentProductGroupDisplayId": {
                                                            "type": "string"
                                                        },
                                                        "receiverParentProductGroupDisplayId": {
                                                            "type": "string"
                                                        },
                                                        "names": {
                                                            "type": "array",
                                                            "items": {
                                                                "type": "object",
                                                                "properties": {
                                                                    "content": {
                                                                        "type": "string"
                                                                    },
                                                                    "language": {
                                                                        "type": "string"
                                                                    }
                                                                }
                                                            }
                                                        }
                                                    }
                                                }
                                            }
                                        }
                                    }
                                }
                            }
                        }
                    }
                },
                "responses": {
                    "201": {
                        "description": "201 CREATED"
                    },
                    "400": {
                        "description": "400 BAD_REQUEST"
                    },
                    "401": {
                        "description": "401 UNAUTHORIZED"
                    },
                    "403": {
                        "description": "403 FORBIDDEN"
                    },
                    "404": {
                        "description": "404 NOT_FOUND"
                    },
                    "500": {
                        "description": "500 INTERNAL_SERVER_ERROR"
                    }
                }
            }
        },
        "/sap/c4c/api/v1/inbound-data-connector-service/messages/sap.crm.integrationcontentservice.entity.productGroupReplicationMessageIn/{id}": {
            "get": {
                "operationId": "readintegrationcontentservice_productGroupReplicationMessageIn",
                "parameters": [
                    {
                        "name": "id",
                        "in": "path",
                        "required": true,
                        "schema": {
                            "type": "string",
                            "format": "uuid"
                        }
                    }
                ],
                "responses": {
                    "200": {
                        "description": "200 OK",
                        "content": {
                            "application/json": {
                                "schema": {
                                    "title": "productGroupReplicationMessageIn",
                                    "type": "object",
                                    "required": [
                                        "messageHeader",
                                        "messageRequests"
                                    ],
                                    "properties": {
                                        "messageHeader": {
                                            "type": "object",
                                            "properties": {
                                                "id": {
                                                    "type": "string",
                                                    "format": "uuid"
                                                },
                                                "senderCommunicationSystemDisplayId": {
                                                    "type": "string"
                                                },
                                                "receiverCommunicationSystemDisplayId": {
                                                    "type": "string"
                                                },
                                                "creationDateTime": {
                                                    "type": "string",
                                                    "format": "date-time"
                                                }
                                            }
                                        },
                                        "messageRequests": {
                                            "type": "array",
                                            "items": {
                                                "type": "object",
                                                "properties": {
                                                    "messageHeader": {
                                                        "type": "object",
                                                        "properties": {
                                                            "id": {
                                                                "type": "string",
                                                                "format": "uuid"
                                                            },
                                                            "messageEntityName": {
                                                                "type": "string"
                                                            },
                                                            "creationDateTime": {
                                                                "type": "string",
                                                                "format": "date-time"
                                                            },
                                                            "actionCode": {
                                                                "type": "string"
                                                            }
                                                        }
                                                    },
                                                    "body": {
                                                        "type": "object",
                                                        "properties": {
                                                            "displayId": {
                                                                "type": "string"
                                                            },
                                                            "receiverDisplayId": {
                                                                "type": "string"
                                                            },
                                                            "parentProductGroupDisplayId": {
                                                                "type": "string"
                                                            },
                                                            "receiverParentProductGroupDisplayId": {
                                                                "type": "string"
                                                            },
                                                            "names": {
                                                                "type": "array",
                                                                "items": {
                                                                    "type": "object",
                                                                    "properties": {
                                                                        "content": {
                                                                            "type": "string"
                                                                        },
                                                                        "language": {
                                                                            "type": "string"
                                                                        }
                                                                    }
                                                                }
                                                            }
                                                        }
                                                    }
                                                }
                                            }
                                        }
                                    }
                                }
                            }
                        }
                    },
                    "400": {
                        "description": "400 BAD_REQUEST"
                    },
                    "401": {
                        "description": "401 UNAUTHORIZED"
                    },
                    "403": {
                        "description": "403 FORBIDDEN"
                    },
                    "404": {
                        "description": "404 NOT_FOUND"
                    },
                    "500": {
                        "description": "500 INTERNAL_SERVER_ERROR"
                    }
                }
            },
            "put": {
                "operationId": "updateintegrationcontentservice_productGroupReplicationMessageIn",
                "parameters": [
                    {
                        "name": "id",
                        "in": "path",
                        "required": true,
                        "schema": {
                            "type": "string",
                            "format": "uuid"
                        }
                    }
                ],
                "requestBody": {
                    "content": {
                        "application/json": {
                            "schema": {
                                "title": "productGroupReplicationMessageIn",
                                "type": "object",
                                "required": [
                                    "messageHeader",
                                    "messageRequests"
                                ],
                                "properties": {
                                    "messageHeader": {
                                        "type": "object",
                                        "properties": {
                                            "id": {
                                                "type": "string",
                                                "format": "uuid"
                                            },
                                            "senderCommunicationSystemDisplayId": {
                                                "type": "string"
                                            },
                                            "receiverCommunicationSystemDisplayId": {
                                                "type": "string"
                                            },
                                            "creationDateTime": {
                                                "type": "string",
                                                "format": "date-time"
                                            }
                                        }
                                    },
                                    "messageRequests": {
                                        "type": "array",
                                        "items": {
                                            "type": "object",
                                            "properties": {
                                                "messageHeader": {
                                                    "type": "object",
                                                    "properties": {
                                                        "id": {
                                                            "type": "string",
                                                            "format": "uuid"
                                                        },
                                                        "messageEntityName": {
                                                            "type": "string"
                                                        },
                                                        "creationDateTime": {
                                                            "type": "string",
                                                            "format": "date-time"
                                                        },
                                                        "actionCode": {
                                                            "type": "string"
                                                        }
                                                    }
                                                },
                                                "body": {
                                                    "type": "object",
                                                    "properties": {
                                                        "displayId": {
                                                            "type": "string"
                                                        },
                                                        "receiverDisplayId": {
                                                            "type": "string"
                                                        },
                                                        "parentProductGroupDisplayId": {
                                                            "type": "string"
                                                        },
                                                        "receiverParentProductGroupDisplayId": {
                                                            "type": "string"
                                                        },
                                                        "names": {
                                                            "type": "array",
                                                            "items": {
                                                                "type": "object",
                                                                "properties": {
                                                                    "content": {
                                                                        "type": "string"
                                                                    },
                                                                    "language": {
                                                                        "type": "string"
                                                                    }
                                                                }
                                                            }
                                                        }
                                                    }
                                                }
                                            }
                                        }
                                    }
                                }
                            }
                        }
                    }
                },
                "responses": {
                    "200": {
                        "description": "200 OK",
                        "content": {
                            "application/json": {
                                "schema": {
                                    "title": "productGroupReplicationMessageIn",
                                    "type": "object",
                                    "required": [
                                        "messageHeader",
                                        "messageRequests"
                                    ],
                                    "properties": {
                                        "messageHeader": {
                                            "type": "object",
                                            "properties": {
                                                "id": {
                                                    "type": "string",
                                                    "format": "uuid"
                                                },
                                                "senderCommunicationSystemDisplayId": {
                                                    "type": "string"
                                                },
                                                "receiverCommunicationSystemDisplayId": {
                                                    "type": "string"
                                                },
                                                "creationDateTime": {
                                                    "type": "string",
                                                    "format": "date-time"
                                                }
                                            }
                                        },
                                        "messageRequests": {
                                            "type": "array",
                                            "items": {
                                                "type": "object",
                                                "properties": {
                                                    "messageHeader": {
                                                        "type": "object",
                                                        "properties": {
                                                            "id": {
                                                                "type": "string",
                                                                "format": "uuid"
                                                            },
                                                            "messageEntityName": {
                                                                "type": "string"
                                                            },
                                                            "creationDateTime": {
                                                                "type": "string",
                                                                "format": "date-time"
                                                            },
                                                            "actionCode": {
                                                                "type": "string"
                                                            }
                                                        }
                                                    },
                                                    "body": {
                                                        "type": "object",
                                                        "properties": {
                                                            "displayId": {
                                                                "type": "string"
                                                            },
                                                            "receiverDisplayId": {
                                                                "type": "string"
                                                            },
                                                            "parentProductGroupDisplayId": {
                                                                "type": "string"
                                                            },
                                                            "receiverParentProductGroupDisplayId": {
                                                                "type": "string"
                                                            },
                                                            "names": {
                                                                "type": "array",
                                                                "items": {
                                                                    "type": "object",
                                                                    "properties": {
                                                                        "content": {
                                                                            "type": "string"
                                                                        },
                                                                        "language": {
                                                                            "type": "string"
                                                                        }
                                                                    }
                                                                }
                                                            }
                                                        }
                                                    }
                                                }
                                            }
                                        }
                                    }
                                }
                            }
                        }
                    },
                    "204": {
                        "description": "204 NO_CONTENT"
                    },
                    "400": {
                        "description": "400 BAD_REQUEST"
                    },
                    "401": {
                        "description": "401 UNAUTHORIZED"
                    },
                    "403": {
                        "description": "403 FORBIDDEN"
                    },
                    "404": {
                        "description": "404 NOT_FOUND"
                    },
                    "500": {
                        "description": "500 INTERNAL_SERVER_ERROR"
                    }
                }
            }
        }
    }
}
