{"openapi":"3.0.3","info":{"title":"Region Code Replication In","version":"1.0.0","description":"Replication Region Code from SAP S/4HANA"},"servers":[{"url":"https://{hostname}","description":"Example of server url is https://my1234567.crm.cloud.sap","variables":{"hostname":{"default":""}}}],"components":{"securitySchemes":{"basicAuthentication":{"type":"http","scheme":"basic"}},"schemas":{"error":{"type":"object","properties":{"error":{"type":"object","properties":{"code":{"type":"string"},"details":{"type":"array","items":{"type":"object","properties":{"message":{"type":"string"},"code":{"type":"string"},"target":{"type":"string"}}}},"message":{"type":"string"},"target":{"type":"string"}}}}},"RegionCodeReplicationIncreaterequest":{"title":"Region Code Replication In create request","type":"object","properties":{"messageHeader":{"type":"object","properties":{"id":{"type":"string","format":"uuid"},"senderCommunicationSystemDisplayId":{"type":"string"},"receiverCommunicationSystemDisplayId":{"type":"string"},"creationDateTime":{"type":"string","format":"date-time"}}},"messageRequests":{"type":"array","items":{"type":"object","properties":{"messageHeader":{"type":"object","properties":{"id":{"type":"string","format":"uuid"},"messageEntityName":{"type":"string"},"creationDateTime":{"type":"string","format":"date-time"},"actionCode":{"type":"string","enum":["CREATE","DELETE","SAVE","QUERY"]},"referenceMessageRequestId":{"type":"string"}}},"body":{"type":"object","properties":{"code":{"type":"string"},"isActive":{"type":"boolean"},"descriptions":{"type":"array","items":{"type":"object","properties":{"content":{"type":"string"},"languageCode":{"type":"string"}}}}}}}}}}},"RegionCodeReplicationInfile":{"title":"Region Code Replication In file","type":"object","properties":{"value":{"type":"object","properties":{"messageHeader":{"type":"object","properties":{"id":{"type":"string","format":"uuid"},"senderCommunicationSystemDisplayId":{"type":"string"},"receiverCommunicationSystemDisplayId":{"type":"string"},"creationDateTime":{"type":"string","format":"date-time"}}},"messageRequests":{"type":"array","items":{"type":"object","properties":{"messageHeader":{"type":"object","properties":{"id":{"type":"string","format":"uuid"},"messageEntityName":{"type":"string"},"creationDateTime":{"type":"string","format":"date-time"},"actionCode":{"type":"string","enum":["CREATE","DELETE","SAVE","QUERY"]},"referenceMessageRequestId":{"type":"string"}}},"body":{"type":"object","properties":{"code":{"type":"string"},"isActive":{"type":"boolean"},"descriptions":{"type":"array","items":{"type":"object","properties":{"content":{"type":"string"},"languageCode":{"type":"string"}}}}}}}}}}}}}}},"security":[{"basicAuthentication":[]}],"paths":{"/sap/c4c/api/v1/inbound-data-connector-service/messages/sap.crm.i18nservice.entity.regionCodeS4ReplicationMessageIn":{"parameters":[{"name":"x-sap-crm-token","in":"header","required":true,"schema":{"type":"string"}}],"post":{"operationId":"createi18nservice_regionCodeS4ReplicationIn","tags":["RegionCodeS4ReplicationIn"],"summary":"Create data","parameters":[],"requestBody":{"content":{"application/json":{"schema":{"$ref":"#/components/schemas/RegionCodeReplicationIncreaterequest"}}}},"responses":{"201":{"description":"201 CREATED","content":{"application/json":{"schema":{"$ref":"#/components/schemas/RegionCodeReplicationInfile"}}}},"400":{"description":"400 BAD_REQUEST","content":{"application/json":{"schema":{"$ref":"#/components/schemas/error"}}}},"401":{"description":"401 UNAUTHORIZED"},"403":{"description":"403 FORBIDDEN"},"404":{"description":"404 NOT_FOUND"},"500":{"description":"500 INTERNAL_SERVER_ERROR","content":{"application/json":{"schema":{"$ref":"#/components/schemas/error"}}}}}}}},"x-sap-shortText":"Manage entities from Region Code Replication In service."}