{"openapi":"3.0.3","info":{"title":"Open Api Specification for SAP CRM","version":"0.1"},"paths":{"/sap/c4c/api/v1/inbound-data-connector-service/messages/sap.crm.md.integrationmetadataservice.entity.salesOfficeS4ReplicationMessageIn":{"parameters":[{"name":"x-sap-crm-token","in":"header","required":true,"schema":{"type":"string"}}],"post":{"operationId":"createmd.integrationmetadataservice_salesOfficeS4ReplicationIn","tags":["/sap/c4c/api/v1/inbound-data-connector-service/messages/sap.crm.md.integrationmetadataservice.entity.salesOfficeS4ReplicationMessageIn"],"parameters":[],"requestBody":{"content":{"application/json":{"schema":{"title":"salesOfficeS4ReplicationMessageIn_createrequest","type":"object","properties":{"messageHeader":{"type":"object","properties":{"id":{"type":"string","format":"uuid"},"senderCommunicationSystemDisplayId":{"type":"string"},"receiverCommunicationSystemDisplayId":{"type":"string"},"creationDateTime":{"type":"string","format":"date-time"}}},"messageRequests":{"type":"array","items":{"type":"object","properties":{"messageHeader":{"type":"object","properties":{"id":{"type":"string","format":"uuid"},"messageEntityName":{"type":"string"},"creationDateTime":{"type":"string","format":"date-time"},"actionCode":{"type":"string"},"referenceMessageRequestId":{"type":"string"}}},"body":{"type":"object","properties":{"displayId":{"type":"string"},"receiverDisplayId":{"type":"string"},"nameAndAddress":{"type":"object","properties":{"name":{"type":"string"},"country":{"type":"string"},"region":{"type":"string"},"postalCode":{"type":"string"},"cityName":{"type":"string"},"districtName":{"type":"string"},"streetPrefixName":{"type":"string"},"streetName":{"type":"string"},"streetSuffixName":{"type":"string"},"houseId":{"type":"string"},"phoneFormattedNumber":{"type":"string"},"mobileFormattedNumber":{"type":"string"},"facsimileFormattedNumber":{"type":"string"},"eMail":{"type":"string","format":"email"}}},"salesAreaAssignments":{"type":"array","items":{"type":"object","properties":{"salesOrganizationDisplayId":{"type":"string"},"distributionChannel":{"type":"string"},"division":{"type":"string"}}}}}}}}}}}}}},"responses":{"201":{"description":"201 CREATED","content":{"application/json":{"schema":{"title":"salesOfficeS4ReplicationMessageIn_postresponse","type":"object","properties":{"value":{"type":"object","properties":{"messageHeader":{"type":"object","properties":{"id":{"type":"string","format":"uuid"},"senderCommunicationSystemDisplayId":{"type":"string"},"receiverCommunicationSystemDisplayId":{"type":"string"},"creationDateTime":{"type":"string","format":"date-time"}}},"messageRequests":{"type":"array","items":{"type":"object","properties":{"messageHeader":{"type":"object","properties":{"id":{"type":"string","format":"uuid"},"messageEntityName":{"type":"string"},"creationDateTime":{"type":"string","format":"date-time"},"actionCode":{"type":"string"},"referenceMessageRequestId":{"type":"string"}}},"body":{"type":"object","properties":{"displayId":{"type":"string"},"receiverDisplayId":{"type":"string"},"nameAndAddress":{"type":"object","properties":{"name":{"type":"string"},"country":{"type":"string"},"region":{"type":"string"},"postalCode":{"type":"string"},"cityName":{"type":"string"},"districtName":{"type":"string"},"streetPrefixName":{"type":"string"},"streetName":{"type":"string"},"streetSuffixName":{"type":"string"},"houseId":{"type":"string"},"phoneFormattedNumber":{"type":"string"},"mobileFormattedNumber":{"type":"string"},"facsimileFormattedNumber":{"type":"string"},"eMail":{"type":"string","format":"email"}}},"salesAreaAssignments":{"type":"array","items":{"type":"object","properties":{"salesOrganizationDisplayId":{"type":"string"},"distributionChannel":{"type":"string"},"division":{"type":"string"}}}}}}}}}}},"info":{"type":"object","properties":{"code":{"type":"string"},"details":{"type":"array","items":{"type":"object","properties":{"message":{"type":"string"},"target":{"type":"string"},"code":{"type":"string"}}}},"message":{"type":"string"},"target":{"type":"string"}}}}}}}},"400":{"description":"400 BAD_REQUEST","content":{"application/json":{"schema":{"type":"object","properties":{"error":{"type":"object","properties":{"code":{"type":"string"},"details":{"type":"array","items":{"type":"object","properties":{"message":{"type":"string"},"code":{"type":"string"},"target":{"type":"string"}}}},"message":{"type":"string"},"target":{"type":"string"}}}}}}}},"401":{"description":"401 UNAUTHORIZED"},"403":{"description":"403 FORBIDDEN"},"404":{"description":"404 NOT_FOUND"},"500":{"description":"500 INTERNAL_SERVER_ERROR","content":{"application/json":{"schema":{"type":"object","properties":{"error":{"type":"object","properties":{"code":{"type":"string"},"details":{"type":"array","items":{"type":"object","properties":{"message":{"type":"string"},"code":{"type":"string"},"target":{"type":"string"}}}},"message":{"type":"string"},"target":{"type":"string"}}}}}}}}}}}}}