{
  "swagger": "2.0",
  "info": {
    "title": "S/4 Billing Document PDF",
    "version": "1.0.0"
  },
  "host": "billing.sap.com",
  "basePath": "/billingDocumentPdf",
  "tags": [
    {
      "name": "billingDocumentPdf"
    }
  ],
  "schemes": [
    "https"
  ],
  "paths": {
    "/billingDocumentPdf": {
      "get": {
        "tags": [
          "billingDocumentPdf"
        ],
        "produces": [
          "application/json"
        ],
        "parameters": [
          {
            "in": "body",
            "name": "billingDocumentPdfRequest",
            "schema": {
              "$ref": "#/definitions/BillingDocumentPdfRequestMessage"
            }
          }
        ],
        "responses": {
          "200": {
            "description": "Successful",
            "schema": {
              "$ref": "#/definitions/BillingDocumentPdfResponseMessage"
            }
          },
          "400": {
            "description": "Invalid Parameters"
          }
        },
        "security": [
          {
            "api_key": []
          }
        ]
      }
    }
  },
  "securityDefinitions": {
    "api_key": {
      "type": "apiKey",
      "name": "api_key",
      "in": "header"
    }
  },
  "definitions": {
    "BillingDocumentPdfRequestMessage": {
      "type": "object",
      "properties": {
        "messageHeader": {
          "type": "object",
          "properties": {
            "id": {
              "type": "string"
            }
          }
        },
        "messageRequests": {
          "type": "array",
          "items": {
            "type": "object",
            "properties": {
              "messageHeader": {
                "type": "object",
                "properties": {
                  "id": {
                    "type": "string"
                  }
                }
              },
              "body": {
                "type": "object",
                "properties": {
                  "billingDocumentId": {
                    "type": "string"
                  }
                }
              }
            }
          }
        }
      }
    },
    "BillingDocumentPdfResponseMessage": {
      "type": "object",
      "properties": {
        "messageResponses": {
          "type": "array",
          "items": {
		      "type": "object",
            "properties": {
              "body": {		
                  "type": "object",
                  "properties": {
				          "id": {
				            "type": "string"
				          },
                  "data": {
                        "type": "string",
				                "format": "byte"
                  },
                  "mimeType":{
                    "type": "string"
                  }
                  }
              }
            }
          }
        }
      }
	}
  }
}