{
	"openapi": "3.0.3",
	"info": {
		"title": "Collection Returns Service",
		"version": "1.0.0",
		"description": "Collection Returns Service \n\nUse this API to view and manage your Collection Returns"
	},
	"servers": [
		{
			"url": "https://{hostname}",
			"description": "Example of server url is https://my1234567.crm.cloud.sap",
			"variables": {
				"hostname": {
					"default": ""
				}
			}
		}
	],
	"components": {
		"securitySchemes": {
			"basicAuthentication": {
				"type": "http",
				"scheme": "basic"
			}
		},
		"schemas": {
			"error": {
				"type": "object",
				"properties": {
					"error": {
						"type": "object",
						"properties": {
							"code": {
								"type": "string"
							},
							"details": {
								"type": "array",
								"items": {
									"type": "object",
									"properties": {
										"message": {
											"type": "string"
										},
										"code": {
											"type": "string"
										},
										"target": {
											"type": "string"
										}
									}
								}
							},
							"message": {
								"type": "string"
							},
							"target": {
								"type": "string"
							}
						}
					}
				}
			},
			"CollectionReturnsqueryresponse": {
				"title": "Collection Returns query response",
				"type": "object",
				"properties": {
					"count": {
						"type": "integer",
						"format": "int32"
					},
					"value": {
						"type": "array",
						"items": {
							"type": "object",
							"properties": {
								"returnDocNum": {
									"type": "string",
									"nullable": true,
									"maxLength": 12,
									"title": "lbl_return_Document_Number"
								},
								"returnsAmount": {
									"type": "object",
									"properties": {
										"content": {
											"type": "number",
											"nullable": true,
											"format": "double"
										},
										"currencyCode": {
											"type": "string",
											"nullable": true,
											"title": "Currency"
										}
									}
								},
								"postingDate": {
									"type": "string",
									"format": "date",
									"nullable": true
								},
								"returnsReasonCode": {
									"type": "string",
									"nullable": true,
									"maxLength": 3,
									"title": "Return Reason Code"
								},
								"returnsReason": {
									"type": "string",
									"nullable": true,
									"maxLength": 50,
									"title": "Return Reason"
								},
								"reversedFlag": {
									"type": "boolean",
									"nullable": true
								},
								"numOfReturns": {
									"type": "integer",
									"nullable": true,
									"format": "int32"
								},
								"returnsCharge1": {
									"type": "number",
									"nullable": true,
									"format": "double"
								},
								"returnsCharge2": {
									"type": "number",
									"nullable": true,
									"format": "double"
								},
								"returnsLot": {
									"type": "string",
									"nullable": true,
									"maxLength": 12,
									"title": "Return Lot"
								},
								"partialAmount": {
									"type": "object",
									"properties": {
										"content": {
											"type": "number",
											"nullable": true,
											"format": "double"
										},
										"currencyCode": {
											"type": "string",
											"nullable": true,
											"title": "Currency"
										}
									}
								},
								"businessPartnerId": {
									"type": "string",
									"nullable": true,
									"maxLength": 10,
									"title": "Business Partner ID"
								}
							}
						}
					}
				}
			},
			"info": {
				"type": "object",
				"properties": {
					"info": {
						"type": "object",
						"properties": {
							"code": {
								"type": "string"
							},
							"details": {
								"type": "array",
								"items": {
									"type": "object",
									"properties": {
										"message": {
											"type": "string"
										},
										"target": {
											"type": "string"
										},
										"code": {
											"type": "string"
										},
										"severity": {
											"type": "string",
											"enum": [
												"ERROR",
												"WARNING",
												"INFO"
											]
										}
									}
								}
							},
							"message": {
								"type": "string"
							},
							"target": {
								"type": "string"
							},
							"severity": {
								"type": "string",
								"enum": [
									"ERROR",
									"WARNING",
									"INFO"
								]
							}
						}
					}
				}
			}
		}
	},
	"security": [
		{
			"basicAuthentication": []
		}
	],
	"paths": {
		"/sap/c4c/api/v1/collections-integration-service/returns": {
			"get": {
				"operationId": "querycollectionsintegrationservice_returns",
				"tags": [
					"Returns"
				],
				"summary": "Retrieve Collection Returns information for a contract account from the system.",
				"description": "Specify query parameters to return desired Collection Returns records from the system.",
				"parameters": [
					{
						"name": "$filter",
						"in": "query",
						"required": true,
						"schema": {
							"type": "string"
						},
						"examples": {
							"one": {
								"value": "businessPartnerId eq 7000004120",
								"summary": "Retrieve Collection Returns of a contract account"
							},
							"two": {
								"value": "businessPartnerId eq 7000004120 and documentReversedFlag eq X",
								"summary": "Retrieve Collection Returns of a contract account and Include Reversed Returns"
							}
						},
						"description": "Filter Collection Returns by attribute."
					}
				],
				"responses": {
					"200": {
						"description": "Retrieved Collection Returns",
						"content": {
							"application/json": {
								"schema": {
									"allOf": [
										{
											"$ref": "#/components/schemas/CollectionReturnsqueryresponse"
										},
										{
											"$ref": "#/components/schemas/info"
										}
									]
								}
							}
						}
					},
					"401": {
						"description": "Unauthorized.\n\nThis error is caused when the request has not been applied because there are no valid authentication credentials for the target resource."
					},
					"403": {
						"description": "Forbidden.\n\nThis client error code indicates that the server understood the request but refuses to authorize it."
					},
					"500": {
						"description": "Internal Server Error.\n\nFailed to query Collection Returns.",
						"content": {
							"application/json": {
								"schema": {
									"$ref": "#/components/schemas/error"
								}
							}
						}
					}
				}
			}
		}
	},
	"x-sap-shortText": "Manage entities from Collection Returns service.",
	"x-sap-extensible": {
		"supported": "automatic",
		"description": "You can create extension fields in the Collection Returns Service API by following the steps mentioned in https://help.sap.com/docs/CX_NG_SVC/2c87cece32844c91836e535aef8f9642/d3bdfac0c6b141c0bac27408c3ed159f.html?locale=en-US. The newly created extensions will be available in the API request and response body."
	}
}