{"openapi":"3.0.3","info":{"title":"Sales Order Creation Inbound Confirmation","version":"1.0.0","description":"This API confirms the creation of the follow-up sales order in SAP S/4HANA from the quote of SAP Sales Cloud Version 2."},"servers":[{"url":"https://{hostname}","description":"Example of server url is https://my1234567.crm.cloud.sap","variables":{"hostname":{"default":""}}}],"components":{"securitySchemes":{"basicAuthentication":{"type":"http","scheme":"basic"}},"schemas":{"error":{"type":"object","properties":{"error":{"type":"object","properties":{"code":{"type":"string"},"details":{"type":"array","items":{"type":"object","properties":{"message":{"type":"string"},"code":{"type":"string"},"target":{"type":"string"}}}},"message":{"type":"string"},"target":{"type":"string"}}}}},"SalesOrderCreationInboundConfirmationcreaterequest":{"title":"Sales Order Creation Inbound Confirmation create request","type":"object","properties":{"messageHeader":{"type":"object","properties":{"id":{"type":"string","nullable":true,"format":"uuid","title":"ID"},"senderCommunicationSystemDisplayId":{"type":"string","nullable":true,"title":"Sender Communication System Display ID"},"receiverCommunicationSystemDisplayId":{"type":"string","nullable":true,"title":"Receiver Communication System Display ID"},"creationDateTime":{"type":"string","format":"date-time","nullable":true}}},"messageRequests":{"type":"array","items":{"type":"object","properties":{"messageHeader":{"type":"object","properties":{"id":{"type":"string","nullable":true,"format":"uuid","title":"ID"},"messageEntityName":{"type":"string","nullable":true},"creationDateTime":{"type":"string","format":"date-time","nullable":true},"actionCode":{"type":"string","nullable":true,"enum":["CREATE","DELETE","SAVE","QUERY"],"title":"Action Code"},"referenceMessageRequestId":{"type":"string","nullable":true,"title":"Reference Message Request ID"}}},"body":{"type":"object","properties":{"receiverId":{"type":"string","nullable":true,"format":"uuid","title":"Technical ID"},"receiverDisplayId":{"type":"string","nullable":true,"title":"Receiver Sales Quote Display ID"},"salesOrderDisplayId":{"type":"string","nullable":true,"title":"Sales Order Display ID"},"logs":{"type":"array","items":{"type":"object","properties":{"severity":{"type":"string","nullable":true,"title":"Severity"},"note":{"type":"string","nullable":true,"title":"Note"}}}}}}}}}}}}},"security":[{"basicAuthentication":[]}],"paths":{"/sap/c4c/api/v1/inbound-data-connector-service/messages/sap.crm.salesquoteservice.entity.salesQuoteExternalSalesOrderConfirmationMessageIn":{"post":{"operationId":"createsalesquoteservice_salesQuoteExternalSalesOrderConfirmationIn","tags":["Sales Quote Ext Sales Order Confirmation"],"summary":"Create related object for ext sales order","description":"Create related object for ext sales order","parameters":[],"requestBody":{"content":{"application/json":{"schema":{"$ref":"#/components/schemas/SalesOrderCreationInboundConfirmationcreaterequest"}}}},"responses":{"202":{"description":"202 ACCEPTED"},"400":{"description":"400 Bad Request","content":{"application/json":{"schema":{"$ref":"#/components/schemas/error"}}}},"401":{"description":"401 Unauthorized"},"403":{"description":"403 Forbidden"},"500":{"description":"500 internal Server Error","content":{"application/json":{"schema":{"$ref":"#/components/schemas/error"}}}}}}}},"x-sap-shortText":"Manage entities from Sales Order Creation Inbound Confirmation service."}