<edmx:Edmx xmlns:edmx="http://schemas.microsoft.com/ado/2007/06/edmx" Version="1.0">
    <edmx:DataServices xmlns:m="http://schemas.microsoft.com/ado/2007/08/dataservices/metadata" m:DataServiceVersion="2.0">
        <Schema xmlns="http://schemas.microsoft.com/ado/2008/09/edm" xmlns:s="http://schemas.sap.com/commerce" Namespace="HybrisCommerceOData" s:schema-version="1">
            <EntityType Name="Category">
                <Key>
                    <PropertyRef Name="integrationKey"/>
                </Key>
                <Property Name="code" Nullable="false" Type="Edm.String" s:IsUnique="true"/>
                <Property Name="integrationKey" Nullable="false" Type="Edm.String" s:Alias="CatalogVersion_version|Catalog_id|Category_code"/>
                <NavigationProperty FromRole="Category" Name="catalogVersion" Nullable="false" Relationship="HybrisCommerceOData.FK_Category_catalogVersion" ToRole="CatalogVersion" s:IsUnique="true"/>
            </EntityType>
            <EntityType Name="CatalogVersion">
                <Key>
                    <PropertyRef Name="integrationKey"/>
                </Key>
                <Property Name="version" Nullable="false" Type="Edm.String" s:IsUnique="true"/>
                <Property Name="integrationKey" Nullable="false" Type="Edm.String" s:Alias="CatalogVersion_version|Catalog_id"/>
                <NavigationProperty FromRole="CatalogVersion" Name="catalog" Nullable="false" Relationship="HybrisCommerceOData.FK_CatalogVersion_catalog" ToRole="Catalog" s:IsUnique="true"/>
            </EntityType>
            <EntityType Name="Catalog">
                <Key>
                    <PropertyRef Name="integrationKey"/>
                </Key>
                <Property Name="id" Nullable="false" Type="Edm.String" s:IsUnique="true"/>
                <Property Name="integrationKey" Nullable="false" Type="Edm.String" s:Alias="Catalog_id"/>
            </EntityType>
            <Association Name="FK_Category_catalogVersion">
                <End Multiplicity="0..1" Role="Category" Type="HybrisCommerceOData.Category"/>
                <End Multiplicity="0..1" Role="CatalogVersion" Type="HybrisCommerceOData.CatalogVersion"/>
            </Association>
            <Association Name="FK_CatalogVersion_catalog">
                <End Multiplicity="0..1" Role="CatalogVersion" Type="HybrisCommerceOData.CatalogVersion"/>
                <End Multiplicity="0..1" Role="Catalog" Type="HybrisCommerceOData.Catalog"/>
            </Association>
            <EntityContainer Name="Container" m:IsDefaultEntityContainer="true">
                <EntitySet EntityType="HybrisCommerceOData.Category" Name="Categories"/>
                <EntitySet EntityType="HybrisCommerceOData.CatalogVersion" Name="CatalogVersions"/>
                <EntitySet EntityType="HybrisCommerceOData.Catalog" Name="Catalogs"/>
                <AssociationSet Association="HybrisCommerceOData.FK_Category_catalogVersion" Name="Category_CatalogVersions">
                    <End EntitySet="Categories" Role="Category"/>
                    <End EntitySet="CatalogVersions" Role="CatalogVersion"/>
                </AssociationSet>
                <AssociationSet Association="HybrisCommerceOData.FK_CatalogVersion_catalog" Name="CatalogVersion_Catalogs">
                    <End EntitySet="CatalogVersions" Role="CatalogVersion"/>
                    <End EntitySet="Catalogs" Role="Catalog"/>
                </AssociationSet>
            </EntityContainer>
        </Schema>
    </edmx:DataServices>
</edmx:Edmx>