{
	"openapi": "3.0.3",
	"info": {
		"title": "Financials Overview Service",
		"version": "1.0.0",
		"description": "Financials Overview \n\nUse this API to view the Timeline and Financials Overview."
	},
	"servers": [
		{
			"url": "https://{hostname}",
			"description": "Example of server url is https://my1234567.crm.cloud.sap",
			"variables": {
				"hostname": {
					"default": ""
				}
			}
		}
	],
	"components": {
		"securitySchemes": {
			"basicAuthentication": {
				"type": "http",
				"scheme": "basic"
			}
		},
		"schemas": {
			"error": {
				"type": "object",
				"properties": {
					"error": {
						"type": "object",
						"properties": {
							"code": {
								"type": "string"
							},
							"details": {
								"type": "array",
								"items": {
									"type": "object",
									"properties": {
										"message": {
											"type": "string"
										},
										"code": {
											"type": "string"
										},
										"target": {
											"type": "string"
										}
									}
								}
							},
							"message": {
								"type": "string"
							},
							"target": {
								"type": "string"
							}
						}
					}
				}
			},
			"FinancialsOverviewqueryresponse": {
				"title": "Financials Overview query response",
				"type": "object",
				"properties": {
					"count": {
						"type": "integer",
						"format": "int32"
					},
					"value": {
						"type": "array",
						"items": {
							"type": "object",
							"properties": {
								"contractAccountId": {
									"type": "string",
									"nullable": true,
									"maxLength": 12,
									"title": "Contract Account ID"
								},
								"creationDateFrom": {
									"type": "string",
									"format": "date",
									"nullable": true
								},
								"creationDateTo": {
									"type": "string",
									"format": "date",
									"nullable": true
								},
								"dueDateFrom": {
									"type": "string",
									"format": "date",
									"nullable": true
								},
								"dueDateTo": {
									"type": "string",
									"format": "date",
									"nullable": true
								},
								"postingDateFrom": {
									"type": "string",
									"format": "date",
									"nullable": true
								},
								"postingDateTo": {
									"type": "string",
									"format": "date",
									"nullable": true
								},
								"maxRows": {
									"type": "integer",
									"nullable": true,
									"format": "int32"
								},
								"language": {
									"type": "string",
									"nullable": true,
									"maxLength": 2,
									"title": "lbl_lang"
								},
								"documentNumber": {
									"type": "string",
									"nullable": true,
									"maxLength": 12,
									"title": "Document Number"
								},
								"invoiceDocument": {
									"type": "string",
									"nullable": true,
									"maxLength": 12,
									"title": "lbl_invoice_document"
								},
								"createdOn": {
									"type": "string",
									"format": "date",
									"nullable": true
								},
								"createdAt": {
									"type": "string",
									"format": "time",
									"nullable": true
								},
								"postingDate": {
									"type": "string",
									"format": "date",
									"nullable": true
								},
								"dueDate": {
									"type": "string",
									"format": "date",
									"nullable": true
								},
								"originKey": {
									"type": "string",
									"nullable": true,
									"maxLength": 2,
									"title": "lbl_origin_key"
								},
								"originKeyDescription": {
									"type": "string",
									"nullable": true,
									"maxLength": 40,
									"title": "Document Origin"
								},
								"documentType": {
									"type": "string",
									"nullable": true,
									"maxLength": 2,
									"title": "lbl_document_type"
								},
								"documentTypeDescription": {
									"type": "string",
									"nullable": true,
									"maxLength": 20,
									"title": "lbl_document_type_text"
								},
								"amount": {
									"type": "object",
									"properties": {
										"content": {
											"type": "number",
											"nullable": true,
											"format": "double"
										},
										"currencyCode": {
											"type": "string",
											"nullable": true,
											"title": "Currency"
										}
									}
								},
								"debitAmount": {
									"type": "object",
									"properties": {
										"content": {
											"type": "number",
											"nullable": true,
											"format": "double"
										},
										"currencyCode": {
											"type": "string",
											"nullable": true,
											"title": "Currency"
										}
									}
								},
								"creditAmount": {
									"type": "object",
									"properties": {
										"content": {
											"type": "number",
											"nullable": true,
											"format": "double"
										},
										"currencyCode": {
											"type": "string",
											"nullable": true,
											"title": "Currency"
										}
									}
								},
								"clearedAmount": {
									"type": "object",
									"properties": {
										"content": {
											"type": "number",
											"nullable": true,
											"format": "double"
										},
										"currencyCode": {
											"type": "string",
											"nullable": true,
											"title": "Currency"
										}
									}
								},
								"openAmount": {
									"type": "object",
									"properties": {
										"content": {
											"type": "number",
											"nullable": true,
											"format": "double"
										},
										"currencyCode": {
											"type": "string",
											"nullable": true,
											"title": "Currency"
										}
									}
								},
								"currentTotal": {
									"type": "object",
									"properties": {
										"content": {
											"type": "number",
											"nullable": true,
											"format": "double"
										},
										"currencyCode": {
											"type": "string",
											"nullable": true,
											"title": "Currency"
										}
									}
								},
								"lockProcessCode": {
									"type": "string",
									"nullable": true,
									"maxLength": 2,
									"title": "Lock Process Code"
								},
								"lockProcessDescription": {
									"type": "string",
									"nullable": true,
									"maxLength": 40,
									"title": "Lock process code text"
								}
							}
						}
					}
				}
			},
			"info": {
				"type": "object",
				"properties": {
					"info": {
						"type": "object",
						"properties": {
							"code": {
								"type": "string"
							},
							"details": {
								"type": "array",
								"items": {
									"type": "object",
									"properties": {
										"message": {
											"type": "string"
										},
										"target": {
											"type": "string"
										},
										"code": {
											"type": "string"
										},
										"severity": {
											"type": "string",
											"enum": [
												"ERROR",
												"WARNING",
												"INFO"
											]
										}
									}
								}
							},
							"message": {
								"type": "string"
							},
							"target": {
								"type": "string"
							},
							"severity": {
								"type": "string",
								"enum": [
									"ERROR",
									"WARNING",
									"INFO"
								]
							}
						}
					}
				}
			}
		}
	},
	"security": [
		{
			"basicAuthentication": []
		}
	],
	"paths": {
		"/sap/c4c/api/v1/financials-integration-service/financialsOverview": {
			"get": {
				"operationId": "queryfinancialsservice_financialsOverview",
				"tags": [
					"FinancialsOverview"
				],
				"summary": "Retrieve financials overview information from the system.",
				"description": "Specify query parameters to return desired financials overview records from the system.",
				"parameters": [
					{
						"name": "$filter",
						"in": "query",
						"required": true,
						"schema": {
							"type": "string"
						},
						"examples": {
							"one": {
								"value": "contractAccountId eq 1846301 and creationDateFrom eq 2023-01-01 and creationDateTo eq 2023-12-31 and maxRows eq 1000",
								"summary": "Get Timeline Overview"
							},
							"two": {
								"value": "contractAccountId eq 1846301 and postingDateFrom eq 2023-01-01 and postingDateTo eq 2023-12-31 and maxRows eq 1000",
								"summary": "Get Financials Overview"
							}
						},
						"description": "Filter financials overview by attribute."
					}
				],
				"responses": {
					"200": {
						"description": "Retrieved financials overviews.",
						"content": {
							"application/json": {
								"schema": {
									"allOf": [
										{
											"$ref": "#/components/schemas/FinancialsOverviewqueryresponse"
										},
										{
											"$ref": "#/components/schemas/info"
										}
									]
								}
							}
						}
					},
					"401": {
						"description": "Unauthorized.\n\nThis error is caused when the request has not been applied because there are no valid authentication credentials for the target resource."
					},
					"403": {
						"description": "Forbidden.\n\nThis client error code indicates that the server understood the request but refuses to authorize it."
					},
					"500": {
						"description": "Internal Server Error.\n\nFailed to query financials overview.",
						"content": {
							"application/json": {
								"schema": {
									"$ref": "#/components/schemas/error"
								}
							}
						}
					}
				}
			}
		}
	},
	"x-sap-shortText": "Manage entities from Financials Overview service.",
	"x-sap-extensible": {
		"supported": "automatic",
		"description": "You can create extension fields in the Financials Overview Service API by following the steps mentioned in https://help.sap.com/docs/CX_NG_SVC/2c87cece32844c91836e535aef8f9642/d3bdfac0c6b141c0bac27408c3ed159f.html?locale=en-US. The newly created extensions will be available in the API request and response body."
	}
}