<edmx:Edmx xmlns:edmx="http://schemas.microsoft.com/ado/2007/06/edmx" Version="1.0">
    <edmx:DataServices xmlns:m="http://schemas.microsoft.com/ado/2007/08/dataservices/metadata" m:DataServiceVersion="2.0">
        <Schema xmlns="http://schemas.microsoft.com/ado/2008/09/edm" xmlns:s="http://schemas.sap.com/commerce" Namespace="HybrisCommerceOData" s:schema-version="1">
            <EntityType Name="SAPCpiOutboundServiceOrder">
                <Key>
                    <PropertyRef Name="integrationKey"/>
                </Key>
                <Property Name="orderId" Nullable="true" Type="Edm.String" s:IsUnique="true"/>
                <Property Name="commerceOrderId" Nullable="true" Type="Edm.String"/>
                <Property Name="serviceOrderId" Nullable="true" Type="Edm.String"/>
                <Property Name="integrationKey" Nullable="false" Type="Edm.String" s:Alias="SAPCpiOutboundServiceOrder_orderId"/>
                <NavigationProperty FromRole="SAPCpiOutboundServiceOrder" Name="sapCpiConfig" Nullable="true" Relationship="HybrisCommerceOData.FK_SAPCpiOutboundServiceOrder_sapCpiConfig" ToRole="SAPCpiOutboundConfig"/>
                <NavigationProperty FromRole="SAPCpiOutboundServiceOrder" Name="sapCpiOutboundServiceOrderItems" Nullable="true" Relationship="HybrisCommerceOData.FK_SAPCpiOutboundServiceOrder_sapCpiOutboundServiceOrderItems" ToRole="SAPCpiOutboundServiceOrderItem" s:IsAutoCreate="true" s:IsPartOf="true"/>
            </EntityType>
            <EntityType Name="SAPCpiOutboundServiceOrderItem">
                <Key>
                    <PropertyRef Name="integrationKey"/>
                </Key>
                <Property Name="requestedServiceStartDateTime" Nullable="true" Type="Edm.String"/>
                <Property Name="entryNumber" Nullable="true" Type="Edm.String" s:IsUnique="true"/>
                <Property Name="integrationKey" Nullable="false" Type="Edm.String" s:Alias="SAPCpiOutboundServiceOrderItem_entryNumber"/>
            </EntityType>
            <EntityType Name="SAPCpiOutboundConfig">
                <Key>
                    <PropertyRef Name="integrationKey"/>
                </Key>
                <Property Name="url" Nullable="true" Type="Edm.String" s:IsUnique="true"/>
                <Property Name="username" Nullable="true" Type="Edm.String"/>
                <Property Name="integrationKey" Nullable="false" Type="Edm.String" s:Alias="SAPCpiOutboundConfig_url"/>
            </EntityType>
            <Association Name="FK_SAPCpiOutboundServiceOrder_sapCpiConfig">
                <End Multiplicity="0..1" Role="SAPCpiOutboundServiceOrder" Type="HybrisCommerceOData.SAPCpiOutboundServiceOrder"/>
                <End Multiplicity="0..1" Role="SAPCpiOutboundConfig" Type="HybrisCommerceOData.SAPCpiOutboundConfig"/>
            </Association>
            <Association Name="FK_SAPCpiOutboundServiceOrder_sapCpiOutboundServiceOrderItems">
                <End Multiplicity="0..1" Role="SAPCpiOutboundServiceOrder" Type="HybrisCommerceOData.SAPCpiOutboundServiceOrder"/>
                <End Multiplicity="*" Role="SAPCpiOutboundServiceOrderItem" Type="HybrisCommerceOData.SAPCpiOutboundServiceOrderItem"/>
            </Association>
            <EntityContainer Name="Container" m:IsDefaultEntityContainer="true">
                <EntitySet EntityType="HybrisCommerceOData.SAPCpiOutboundServiceOrder" Name="SAPCpiOutboundServiceOrders"/>
                <EntitySet EntityType="HybrisCommerceOData.SAPCpiOutboundServiceOrderItem" Name="SAPCpiOutboundServiceOrderItems"/>
                <EntitySet EntityType="HybrisCommerceOData.SAPCpiOutboundConfig" Name="SAPCpiOutboundConfigs"/>
                <AssociationSet Association="HybrisCommerceOData.FK_SAPCpiOutboundServiceOrder_sapCpiConfig" Name="SAPCpiOutboundServiceOrder_SAPCpiOutboundConfigs">
                    <End EntitySet="SAPCpiOutboundServiceOrders" Role="SAPCpiOutboundServiceOrder"/>
                    <End EntitySet="SAPCpiOutboundConfigs" Role="SAPCpiOutboundConfig"/>
                </AssociationSet>
                <AssociationSet Association="HybrisCommerceOData.FK_SAPCpiOutboundServiceOrder_sapCpiOutboundServiceOrderItems" Name="SAPCpiOutboundServiceOrder_SAPCpiOutboundServiceOrderItems">
                    <End EntitySet="SAPCpiOutboundServiceOrders" Role="SAPCpiOutboundServiceOrder"/>
                    <End EntitySet="SAPCpiOutboundServiceOrderItems" Role="SAPCpiOutboundServiceOrderItem"/>
                </AssociationSet>
            </EntityContainer>
        </Schema>
    </edmx:DataServices>
</edmx:Edmx>
