{
  "swagger": "2.0",
  "info": {
    "title": "S/4 Accounting Documents",
    "version": "1.0.0"
  },
  "host": "accountingdocs.sap.com",
  "basePath": "/accountingDocuments",
  "tags": [
    {
      "name": "accountingDocuments"
    }
  ],
  "schemes": [
    "https"
  ],
  "paths": {
    "/accountingDocuments": {
      "get": {
        "tags": [
          "accountingDocuments"
        ],
        "produces": [
          "application/json"
        ],
        "parameters": [
          {
            "in": "body",
            "name": "accountingDocumentsRequest",
            "schema": {
              "$ref": "#/definitions/AccountingDocumentsRequestMessage"
            }
          }
        ],
        "responses": {
          "200": {
            "description": "Successful",
            "schema": {
              "$ref": "#/definitions/AccountingDocumentsResponseMessage"
            }
          },
          "400": {
            "description": "Invalid Parameters"
          }
        },
        "security": [
          {
            "api_key": []
          }
        ]
      }
    }
  },
  "securityDefinitions": {
    "api_key": {
      "type": "apiKey",
      "name": "api_key",
      "in": "header"
    }
  },
  "definitions": {
    "AccountingDocumentsRequestMessage": {
      "type": "object",
      "properties": {
        "messageHeader": {
          "type": "object",
          "properties": {
            "id": {
              "type": "string"
            }
          }
        },
        "messageRequests": {
          "type": "array",
          "items": {
            "type": "object",
            "properties": {
              "messageHeader": {
                "type": "object",
                "properties": {
                  "id": {
                    "type": "string"
                  }
                }
              },
              "body": {
                "type": "object",
                "properties": {
                  "accountId": {
                    "type": "string"
                  },
                  "top": {
                    "type": "integer"
                  }
                }
              }
            }
          }
        }
      }
    },
    "AccountingDocumentsResponseMessage": {
      "type": "object",
      "properties": {
        "messageResponses": {
          "type": "array",
          "items": {
		      "type": "object",
            "properties": {
              "body": {
                "type": "object",
                "properties": {
                  "name":{
                    "type" : "string"
                  },
                  "title":{
                    "type" : "string"
                  },
                  "total": {
                    "type": "integer"
                  },
                  "data" : {
                    "type": "array",
                    "items": {
                      "type" : "object",
                      "properties" : {
                        "name" : {
                          "type" : "string"
                        },
                        "z" : {
                          "type" : "number"
                        }
                    } 
                   }
                  },
                  "extData": {  
                    "type": "array",
                    "items": {
                      "type": "object",
                      "properties": {
                        "billingDocumentId": {
                          "type": "string"
                        },
                        "accountId": {
                          "type": "string"
                        },
                        "documentDate": {
                           "type": "string"
                        },
                        "transactionCurrency": {
                          "type": "string"
                        },
                        "amountInTransactionCurrency": {
                          "type": "number"
                        },
                        "netDueDate": {
                          "type": "string"
                        },
						            "invoiceClearingStatus": {
						              "type": "string"
						            },
                        "isCleared": {
                          "type": "boolean"
                        },
                        "isOverdue": {
                          "type": "boolean"
                        }
					            }
				            }
				          }
                }
              }
            }
          }
        }
      }
    }
  }
}