<?xml version='1.0' encoding='UTF-8'?>
<edmx:Edmx xmlns:edmx="http://schemas.microsoft.com/ado/2007/06/edmx" Version="1.0">
    <edmx:DataServices m:DataServiceVersion="1.0" xmlns:m="http://schemas.microsoft.com/ado/2007/08/dataservices/metadata">
        <Schema Namespace="HybrisCommerceOData" xmlns="http://schemas.microsoft.com/ado/2008/09/edm">
            <EntityType Name="Address">
                <Key>
                    <PropertyRef Name="integrationKey"/>
                </Key>
                <Property Name="publicKey" Type="Edm.String" IsUnique="true" Nullable="false"/>
                <Property Name="firstname" Type="Edm.String" Nullable="true"/>
                <Property Name="lastname" Type="Edm.String" Nullable="true"/>
                <Property Name="contactAddress" Type="Edm.Boolean" Nullable="true"/>
                <Property Name="duplicate" Type="Edm.Boolean" Nullable="true"/>
                <Property Name="phone1" Type="Edm.String" Nullable="true"/>
                <Property Name="fax" Type="Edm.String" Nullable="true"/>
                <Property Name="cellphone" Type="Edm.String" Nullable="true"/>
                <Property Name="department" Type="Edm.String" Nullable="true"/>
                <Property Name="dateOfBirth" Type="Edm.DateTime" Nullable="true"/>
                <Property Name="integrationKey" Type="Edm.String" Alias="Address_publicKey|B2BCustomer_email" Nullable="false"/>
                <NavigationProperty Name="owner" Relationship="HybrisCommerceOData.FK_Address_B2BCustomer" FromRole="Address" ToRole="B2BCustomer" Nullable="false"/>
                <NavigationProperty Name="title" Relationship="HybrisCommerceOData.FK_Address_Title" FromRole="Address" ToRole="Title" Nullable="true"/>
                <NavigationProperty Name="gender" Relationship="HybrisCommerceOData.FK_Address_Gender" FromRole="Address" ToRole="Gender" Nullable="true"/>
            </EntityType>
            <EntityType Name="Gender">
                <Key>
                    <PropertyRef Name="integrationKey"/>
                </Key>
                <Property Name="code" Type="Edm.String" IsUnique="true" Nullable="false"/>
                <Property Name="integrationKey" Type="Edm.String" Alias="Gender_code" Nullable="false"/>
            </EntityType>
            <EntityType Name="B2BCustomer">
                <Key>
                    <PropertyRef Name="integrationKey"/>
                </Key>
                <Property Name="customerID" Type="Edm.String" IsUnique="true" Nullable="false"/>
                <Property Name="name" Type="Edm.String" Nullable="true"/>
                <Property Name="uid" Type="Edm.String" IsUnique="true" Nullable="false"/>
                <Property Name="email" Type="Edm.String" Nullable="false"/>
                <Property Name="sapIsReplicated" Type="Edm.Boolean" Nullable="true"/>
                <Property Name="loginDisabled" Type="Edm.Boolean" Nullable="true"/>
                <Property Name="integrationKey" Type="Edm.String" Alias="B2BCustomer_email" Nullable="false"/>
                <NavigationProperty Name="addresses" Relationship="HybrisCommerceOData.FK_B2BCustomer_Address" FromRole="B2BCustomer" ToRole="Address" Nullable="true" IsPartOf="true"/>
                <NavigationProperty Name="groups" Relationship="HybrisCommerceOData.FK_B2BCustomer_UserGroup" FromRole="B2BCustomer" ToRole="UserGroup" Nullable="true"/>
                <NavigationProperty Name="defaultB2BUnit" Relationship="HybrisCommerceOData.FK_B2BCustomer_B2BUnit" FromRole="B2BCustomer" ToRole="B2BUnit" Nullable="true"/>
                <NavigationProperty Name="title" Relationship="HybrisCommerceOData.FK_B2BCustomer_Title" FromRole="B2BCustomer" ToRole="Title" Nullable="true"/>
                <NavigationProperty Name="sessionLanguage" Relationship="HybrisCommerceOData.FK_B2BCustomer_Language" FromRole="B2BCustomer" ToRole="Language" Nullable="true"/>
            </EntityType>
            <EntityType Name="Title">
                <Key>
                    <PropertyRef Name="integrationKey"/>
                </Key>
                <Property Name="code" Type="Edm.String" IsUnique="true" Nullable="false"/>
                <Property Name="integrationKey" Type="Edm.String" Alias="Title_code" Nullable="false"/>
            </EntityType>
            <EntityType Name="Language">
                <Key>
                    <PropertyRef Name="integrationKey"/>
                </Key>
                <Property Name="isocode" Type="Edm.String" IsUnique="true" Nullable="false"/>
                <Property Name="integrationKey" Type="Edm.String" Alias="Language_isocode" Nullable="false"/>
            </EntityType>
            <EntityType Name="UserGroup">
                <Key>
                    <PropertyRef Name="integrationKey"/>
                </Key>
                <Property Name="uid" Type="Edm.String" IsUnique="true" Nullable="false"/>
                <Property Name="integrationKey" Type="Edm.String" Alias="UserGroup_uid" Nullable="false"/>
            </EntityType>
            <EntityType Name="B2BUnit">
                <Key>
                    <PropertyRef Name="integrationKey"/>
                </Key>
                <Property Name="uid" Type="Edm.String" IsUnique="true" Nullable="false"/>
                <Property Name="integrationKey" Type="Edm.String" Alias="B2BUnit_uid" Nullable="false"/>
            </EntityType>
            <Association Name="FK_Address_B2BCustomer">
                <End Type="HybrisCommerceOData.Address" Multiplicity="0..1" Role="Address"/>
                <End Type="HybrisCommerceOData.B2BCustomer" Multiplicity="0..1" Role="B2BCustomer"/>
            </Association>
            <Association Name="FK_Address_Title">
                <End Type="HybrisCommerceOData.Address" Multiplicity="0..1" Role="Address"/>
                <End Type="HybrisCommerceOData.Title" Multiplicity="0..1" Role="Title"/>
            </Association>
            <Association Name="FK_Address_Gender">
                <End Type="HybrisCommerceOData.Address" Multiplicity="0..1" Role="Address"/>
                <End Type="HybrisCommerceOData.Gender" Multiplicity="0..1" Role="Gender"/>
            </Association>
            <Association Name="FK_B2BCustomer_Address">
                <End Type="HybrisCommerceOData.B2BCustomer" Multiplicity="0..1" Role="B2BCustomer"/>
                <End Type="HybrisCommerceOData.Address" Multiplicity="*" Role="Address"/>
            </Association>
            <Association Name="FK_B2BCustomer_UserGroup">
                <End Type="HybrisCommerceOData.B2BCustomer" Multiplicity="*" Role="B2BCustomer"/>
                <End Type="HybrisCommerceOData.UserGroup" Multiplicity="*" Role="UserGroup"/>
            </Association>
            <Association Name="FK_B2BCustomer_B2BUnit">
                <End Type="HybrisCommerceOData.B2BCustomer" Multiplicity="0..1" Role="B2BCustomer"/>
                <End Type="HybrisCommerceOData.B2BUnit" Multiplicity="0..1" Role="B2BUnit"/>
            </Association>
            <Association Name="FK_B2BCustomer_Title">
                <End Type="HybrisCommerceOData.B2BCustomer" Multiplicity="0..1" Role="B2BCustomer"/>
                <End Type="HybrisCommerceOData.Title" Multiplicity="0..1" Role="Title"/>
            </Association>
            <Association Name="FK_B2BCustomer_Language">
                <End Type="HybrisCommerceOData.B2BCustomer" Multiplicity="0..1" Role="B2BCustomer"/>
                <End Type="HybrisCommerceOData.Language" Multiplicity="0..1" Role="Language"/>
            </Association>
            <EntityContainer Name="Container" m:IsDefaultEntityContainer="true">
                <EntitySet Name="Addresses" EntityType="HybrisCommerceOData.Address"/>
                <EntitySet Name="Genders" EntityType="HybrisCommerceOData.Gender"/>
                <EntitySet Name="B2BCustomers" EntityType="HybrisCommerceOData.B2BCustomer"/>
                <EntitySet Name="Titles" EntityType="HybrisCommerceOData.Title"/>
                <EntitySet Name="Languages" EntityType="HybrisCommerceOData.Language"/>
                <EntitySet Name="UserGroups" EntityType="HybrisCommerceOData.UserGroup"/>
                <EntitySet Name="B2BUnits" EntityType="HybrisCommerceOData.B2BUnit"/>
                <AssociationSet Name="Address_B2BCustomers" Association="HybrisCommerceOData.FK_Address_B2BCustomer">
                    <End EntitySet="Addresses" Role="Address"/>
                    <End EntitySet="B2BCustomers" Role="B2BCustomer"/>
                </AssociationSet>
                <AssociationSet Name="Address_Titles" Association="HybrisCommerceOData.FK_Address_Title">
                    <End EntitySet="Addresses" Role="Address"/>
                    <End EntitySet="Titles" Role="Title"/>
                </AssociationSet>
                <AssociationSet Name="Address_Genders" Association="HybrisCommerceOData.FK_Address_Gender">
                    <End EntitySet="Addresses" Role="Address"/>
                    <End EntitySet="Genders" Role="Gender"/>
                </AssociationSet>
                <AssociationSet Name="B2BCustomer_Addresses" Association="HybrisCommerceOData.FK_B2BCustomer_Address">
                    <End EntitySet="B2BCustomers" Role="B2BCustomer"/>
                    <End EntitySet="Addresses" Role="Address"/>
                </AssociationSet>
                <AssociationSet Name="B2BCustomer_UserGroups" Association="HybrisCommerceOData.FK_B2BCustomer_UserGroup">
                    <End EntitySet="B2BCustomers" Role="B2BCustomer"/>
                    <End EntitySet="UserGroups" Role="UserGroup"/>
                </AssociationSet>
                <AssociationSet Name="B2BCustomer_B2BUnits" Association="HybrisCommerceOData.FK_B2BCustomer_B2BUnit">
                    <End EntitySet="B2BCustomers" Role="B2BCustomer"/>
                    <End EntitySet="B2BUnits" Role="B2BUnit"/>
                </AssociationSet>
                <AssociationSet Name="B2BCustomer_Titles" Association="HybrisCommerceOData.FK_B2BCustomer_Title">
                    <End EntitySet="B2BCustomers" Role="B2BCustomer"/>
                    <End EntitySet="Titles" Role="Title"/>
                </AssociationSet>
                <AssociationSet Name="B2BCustomer_Languages" Association="HybrisCommerceOData.FK_B2BCustomer_Language">
                    <End EntitySet="B2BCustomers" Role="B2BCustomer"/>
                    <End EntitySet="Languages" Role="Language"/>
                </AssociationSet>
            </EntityContainer>
        </Schema>
    </edmx:DataServices>
</edmx:Edmx>