{
  "swagger": "2.0",
  "info": {
    "title": "Sample API",
    "description": "API description in Markdown.",
    "version": "1.0.0"
  },
  "host": "api.example.com",
  "basePath": "/v1",
  "schemes": ["https"],
  "paths": {
    "/paymentAdviceCreate": {
      "post": {
        "summary": "Creates a payment advice.",
        "description": "Optional extended description in Markdown.",
        "produces": ["application/json"],
        "responses": {
          "201": {
            "description": "OK",
            "schema": {
              "type": "object",
              "properties": {
                "messageResponses": {
                  "type": "array",
                  "items": {
                    "type": "object",
                    "properties": {
                      "body": {
                        "type": "object",
                        "properties": {
                          "companyCode": {
                            "type": "string"
                          },
                          "paymentAdviceAccountType": {
                            "type": "string"
                          },
                          "paymentAdviceAccount": {
                            "type": "string"
                          },
                          "paymentAdvice": {
                            "type": "string"
                          },
                          "paymentDocument": {
                            "type": "string"
                          },
                          "accountByShipper": {
                            "type": "string"
                          },
                          "paymentCurrency": {
                            "type": "string"
                          },
                          "paymentDate": {
                            "type": "string"
                          },
                          "paidAmountInPaytCurrency": {
                            "type": "string"
                          },
                          "cashDiscountAmountInPaytCrcy": {
                            "type": "string"
                          },
                          "partnerBankCountry": {
                            "type": "string"
                          },
                          "partnerBankSWIFTCode": {
                            "type": "string"
                          },
                          "createdByUser": {
                            "type": "string"
                          },
                          "creationDate": {
                            "type": "string"
                          },
                          "creationTime": {
                            "type": "string"
                          },
                          "lastChangeDate": {
                            "type": "string"
                          },
                          "lastChangedByUser": {
                            "type": "string"
                          },
                          "paymentAdviceHeaderText": {
                            "type": "string"
                          },
                          "paymentAdviceType": {
                            "type": "string"
                          },
                          "paymentAdviceStatus": {
                            "type": "string"
                          },
                          "paytAdvcDiffDeterminationRule": {
                            "type": "string"
                          },
                          "paymentAdviceSelectionRule": {
                            "type": "string"
                          },
                          "originalReferenceDocument": {
                            "type": "string"
                          },
                          "referenceDocumentType": {
                            "type": "string"
                          },
                          "feeAmountInTransactionCrcy": {
                            "type": "string"
                          },
                          "paymentTransaction": {
                            "type": "string"
                          },
                          "exchangeRate": {
                            "type": "string"
                          },
                          "billOfExchangeFailureDate": {
                            "type": "string"
                          },
                          "bankReference": {
                            "type": "string"
                          },
                          "businessPartnerName": {
                            "type": "string"
                          }
                        }
                      }
                    }
                  }
                }
              }
            }
          }
        }
      }
    }
  }
}
