﻿{
  "swagger": "2.0",
  "info": {
    "title": "Sample API",
    "description": "API description in Markdown.",
    "version": "1.0.0"
  },
  "host": "api.example.com",
  "basePath": "/v1",
  "schemes": ["https"],
  "paths": {
    "/paymentAdvice": {
      "get": {
        "summary": "Returns a payment advice.",
        "description": "Optional extended description in Markdown.",
        "produces": ["application/json"],
        "responses": {
          "200": {
            "description": "OK",
            "schema": {
              "type": "object",
              "properties": {
                "messageResponses": {
                  "type": "array",
                  "items": {
                    "type": "object",
                    "properties": {
                      "body": {
                        "type": "object",
                        "properties": {
                          "companyCode": {
                            "type": "string"
                          },
                          "paymentAdviceAccountType": {
                            "type": "string"
                          },
                          "createdByUser": {
                            "type": "string"
                          },
                          "paymentAdvice": {
                            "type": "string"
                          },
                          "paymentAdviceAccount": {
                            "type": "string"
                          },
                          "paymentAdviceStatus": {
                            "type": "string"
                          },
                          "creationDate": {
                            "type": "string"
                          },
                          "paymentDate": {
                            "type": "string"
                          },
                          "paymentCurrency": {
                            "type": "string"
                          },
                          "paidAmountInPaytCurrency": {
                            "type": "string"
                          }
                        }
                      }
                    }
                  }
                }
              }
            }
          }
        }
      }
    }
  }
}
