{
	"openapi": "3.0.3",
	"info": {
		"title": "Security Deposit Service",
		"version": "1.0.0",
		"description": "Security Deposit \n\nUse this API to view and manage your security Deposit"
	},
	"servers": [
		{
			"url": "https://{hostname}",
			"description": "Example of server url is https://my1234567.crm.cloud.sap",
			"variables": {
				"hostname": {
					"default": ""
				}
			}
		}
	],
	"components": {
		"securitySchemes": {
			"basicAuthentication": {
				"type": "http",
				"scheme": "basic"
			}
		},
		"schemas": {
			"error": {
				"type": "object",
				"properties": {
					"error": {
						"type": "object",
						"properties": {
							"code": {
								"type": "string"
							},
							"details": {
								"type": "array",
								"items": {
									"type": "object",
									"properties": {
										"message": {
											"type": "string"
										},
										"code": {
											"type": "string"
										},
										"target": {
											"type": "string"
										}
									}
								}
							},
							"message": {
								"type": "string"
							},
							"target": {
								"type": "string"
							}
						}
					}
				}
			},
			"SecurityDepositqueryresponse": {
				"title": "Security Deposit query response",
				"type": "object",
				"properties": {
					"count": {
						"type": "integer",
						"format": "int32"
					},
					"value": {
						"type": "array",
						"items": {
							"type": "object",
							"properties": {
								"businessPartnerId": {
									"type": "string",
									"nullable": true,
									"maxLength": 10,
									"title": "lbl_business_partner"
								},
								"amountToRelease": {
									"type": "number",
									"nullable": true,
									"format": "double"
								},
								"includeReversedDeposit": {
									"type": "boolean",
									"nullable": true
								},
								"contractAccountId": {
									"type": "string",
									"nullable": true,
									"maxLength": 12,
									"title": "lbl_contract_account"
								},
								"releasedAmount": {
									"type": "object",
									"properties": {
										"content": {
											"type": "number",
											"nullable": true,
											"format": "double"
										},
										"currencyCode": {
											"type": "string",
											"nullable": true,
											"title": "lbl_currency"
										}
									}
								},
								"paymentMethod": {
									"type": "string",
									"nullable": true,
									"maxLength": 1,
									"title": "lbl_payment_method"
								},
								"audit": {
									"type": "array",
									"items": {
										"type": "object",
										"properties": {
											"userId": {
												"type": "string",
												"nullable": true
											},
											"businessSystemId": {
												"type": "string",
												"nullable": true
											}
										}
									}
								},
								"id": {
									"type": "string",
									"nullable": true,
									"maxLength": 12,
									"title": "lbl_security_deposit_id"
								},
								"nonCashIndicator": {
									"type": "string",
									"nullable": true,
									"maxLength": 1,
									"title": "lbl_non_cash_indicator"
								},
								"reason": {
									"type": "string",
									"nullable": true,
									"maxLength": 4,
									"title": "lbl_reason"
								},
								"reasonText": {
									"type": "string",
									"nullable": true,
									"maxLength": 40,
									"title": "lbl_reason_text"
								},
								"reversalReason": {
									"type": "string",
									"nullable": true,
									"enum": [],
									"title": "lbl_reversal_reason"
								},
								"returnDate": {
									"type": "string",
									"format": "date",
									"nullable": true
								},
								"requestedAmount": {
									"type": "object",
									"properties": {
										"content": {
											"type": "number",
											"nullable": true,
											"format": "double"
										},
										"currencyCode": {
											"type": "string",
											"nullable": true,
											"title": "lbl_currency"
										}
									}
								},
								"paidAmount": {
									"type": "object",
									"properties": {
										"content": {
											"type": "number",
											"nullable": true,
											"format": "double"
										},
										"currencyCode": {
											"type": "string",
											"nullable": true,
											"title": "lbl_currency"
										}
									}
								},
								"status": {
									"type": "string",
									"nullable": true,
									"maxLength": 2,
									"title": "Status"
								},
								"statusText": {
									"type": "string",
									"nullable": true,
									"maxLength": 40,
									"title": "lbl_status_text"
								}
							}
						}
					}
				}
			},
			"info": {
				"type": "object",
				"properties": {
					"info": {
						"type": "object",
						"properties": {
							"code": {
								"type": "string"
							},
							"details": {
								"type": "array",
								"items": {
									"type": "object",
									"properties": {
										"message": {
											"type": "string"
										},
										"target": {
											"type": "string"
										},
										"code": {
											"type": "string"
										},
										"severity": {
											"type": "string",
											"enum": [
												"ERROR",
												"WARNING",
												"INFO"
											]
										}
									}
								}
							},
							"message": {
								"type": "string"
							},
							"target": {
								"type": "string"
							},
							"severity": {
								"type": "string",
								"enum": [
									"ERROR",
									"WARNING",
									"INFO"
								]
							}
						}
					}
				}
			},
			"SecurityDepositcreaterequest": {
				"title": "Security Deposit create request",
				"type": "object",
				"properties": {
					"businessPartnerId": {
						"type": "string",
						"nullable": true,
						"maxLength": 10,
						"title": "lbl_business_partner"
					},
					"amountToRelease": {
						"type": "number",
						"nullable": true,
						"format": "double"
					},
					"includeReversedDeposit": {
						"type": "boolean",
						"nullable": true
					},
					"contractAccountId": {
						"type": "string",
						"nullable": true,
						"maxLength": 12,
						"title": "lbl_contract_account"
					},
					"releasedAmount": {
						"type": "object",
						"properties": {
							"content": {
								"type": "number",
								"nullable": true,
								"format": "double"
							},
							"currencyCode": {
								"type": "string",
								"nullable": true,
								"title": "lbl_currency"
							}
						}
					},
					"paymentMethod": {
						"type": "string",
						"nullable": true,
						"maxLength": 1,
						"title": "lbl_payment_method"
					},
					"audit": {
						"type": "array",
						"items": {
							"type": "object",
							"properties": {
								"userId": {
									"type": "string",
									"nullable": true
								},
								"businessSystemId": {
									"type": "string",
									"nullable": true
								}
							}
						}
					},
					"id": {
						"type": "string",
						"nullable": true,
						"maxLength": 12,
						"title": "lbl_security_deposit_id"
					},
					"nonCashIndicator": {
						"type": "string",
						"nullable": true,
						"maxLength": 1,
						"title": "lbl_non_cash_indicator"
					},
					"reason": {
						"type": "string",
						"nullable": true,
						"maxLength": 4,
						"title": "lbl_reason"
					},
					"reasonText": {
						"type": "string",
						"nullable": true,
						"maxLength": 40,
						"title": "lbl_reason_text"
					},
					"reversalReason": {
						"type": "string",
						"nullable": true,
						"enum": [],
						"title": "lbl_reversal_reason"
					},
					"returnDate": {
						"type": "string",
						"format": "date",
						"nullable": true
					},
					"requestedAmount": {
						"type": "object",
						"properties": {
							"content": {
								"type": "number",
								"nullable": true,
								"format": "double"
							},
							"currencyCode": {
								"type": "string",
								"nullable": true,
								"title": "lbl_currency"
							}
						}
					},
					"paidAmount": {
						"type": "object",
						"properties": {
							"content": {
								"type": "number",
								"nullable": true,
								"format": "double"
							},
							"currencyCode": {
								"type": "string",
								"nullable": true,
								"title": "lbl_currency"
							}
						}
					},
					"status": {
						"type": "string",
						"nullable": true,
						"maxLength": 2,
						"title": "Status"
					},
					"statusText": {
						"type": "string",
						"nullable": true,
						"maxLength": 40,
						"title": "lbl_status_text"
					}
				}
			},
			"SecurityDepositfile": {
				"title": "Security Deposit file",
				"type": "object",
				"properties": {
					"value": {
						"type": "object",
						"properties": {
							"businessPartnerId": {
								"type": "string",
								"nullable": true,
								"maxLength": 10,
								"title": "lbl_business_partner"
							},
							"amountToRelease": {
								"type": "number",
								"nullable": true,
								"format": "double"
							},
							"includeReversedDeposit": {
								"type": "boolean",
								"nullable": true
							},
							"contractAccountId": {
								"type": "string",
								"nullable": true,
								"maxLength": 12,
								"title": "lbl_contract_account"
							},
							"releasedAmount": {
								"type": "object",
								"properties": {
									"content": {
										"type": "number",
										"nullable": true,
										"format": "double"
									},
									"currencyCode": {
										"type": "string",
										"nullable": true,
										"title": "lbl_currency"
									}
								}
							},
							"paymentMethod": {
								"type": "string",
								"nullable": true,
								"maxLength": 1,
								"title": "lbl_payment_method"
							},
							"audit": {
								"type": "array",
								"items": {
									"type": "object",
									"properties": {
										"userId": {
											"type": "string",
											"nullable": true
										},
										"businessSystemId": {
											"type": "string",
											"nullable": true
										}
									}
								}
							},
							"id": {
								"type": "string",
								"nullable": true,
								"maxLength": 12,
								"title": "lbl_security_deposit_id"
							},
							"nonCashIndicator": {
								"type": "string",
								"nullable": true,
								"maxLength": 1,
								"title": "lbl_non_cash_indicator"
							},
							"reason": {
								"type": "string",
								"nullable": true,
								"maxLength": 4,
								"title": "lbl_reason"
							},
							"reasonText": {
								"type": "string",
								"nullable": true,
								"maxLength": 40,
								"title": "lbl_reason_text"
							},
							"reversalReason": {
								"type": "string",
								"nullable": true,
								"enum": [],
								"title": "lbl_reversal_reason"
							},
							"returnDate": {
								"type": "string",
								"format": "date",
								"nullable": true
							},
							"requestedAmount": {
								"type": "object",
								"properties": {
									"content": {
										"type": "number",
										"nullable": true,
										"format": "double"
									},
									"currencyCode": {
										"type": "string",
										"nullable": true,
										"title": "lbl_currency"
									}
								}
							},
							"paidAmount": {
								"type": "object",
								"properties": {
									"content": {
										"type": "number",
										"nullable": true,
										"format": "double"
									},
									"currencyCode": {
										"type": "string",
										"nullable": true,
										"title": "lbl_currency"
									}
								}
							},
							"status": {
								"type": "string",
								"nullable": true,
								"maxLength": 2,
								"title": "Status"
							},
							"statusText": {
								"type": "string",
								"nullable": true,
								"maxLength": 40,
								"title": "lbl_status_text"
							}
						}
					}
				}
			}
		}
	},
	"security": [
		{
			"basicAuthentication": []
		}
	],
	"paths": {
		"/sap/c4c/api/v1/utilities-collections-integration-service/securityDeposit": {
			"get": {
				"operationId": "querycollectionsintegrationservice_securityDeposit",
				"tags": [
					"SecurityDeposit"
				],
				"summary": "Retrieve security Deposit information for a contract account from the system.",
				"description": "Specify query parameters to return desired security deposit records from the system.",
				"parameters": [
					{
						"name": "$filter",
						"in": "query",
						"required": true,
						"schema": {
							"type": "string"
						},
						"examples": {
							"one": {
								"value": "businessPartnerId eq 7000004172 and contractAccountId eq 2025601 and includeReversedDeposit eq X",
								"summary": "Security Deposit and reversed Security Deposit"
							}
						},
						"description": "Filter security deposit by attribute."
					}
				],
				"responses": {
					"200": {
						"description": "Retrieved Security Deposit",
						"content": {
							"application/json": {
								"schema": {
									"allOf": [
										{
											"$ref": "#/components/schemas/SecurityDepositqueryresponse"
										},
										{
											"$ref": "#/components/schemas/info"
										}
									]
								}
							}
						}
					},
					"401": {
						"description": "Unauthorized.\n\nThis error is caused when the request has not been applied because there are no valid authentication credentials for the target resource."
					},
					"403": {
						"description": "Forbidden.\n\nThis client error code indicates that the server understood the request but refuses to authorize it."
					},
					"500": {
						"description": "Internal Server Error.\n\nFailed to query Security Deposit.",
						"content": {
							"application/json": {
								"schema": {
									"$ref": "#/components/schemas/error"
								}
							}
						}
					}
				}
			},
			"post": {
				"operationId": "createcollectionsintegrationservice_securityDeposit",
				"tags": [
					"SecurityDeposit"
				],
				"summary": "Update status of Security Deposit",
				"description": "Update status of Security Deposit",
				"parameters": [],
				"requestBody": {
					"content": {
						"application/json": {
							"schema": {
								"$ref": "#/components/schemas/SecurityDepositcreaterequest"
							},
							"examples": {
								"one": {
									"value": {
										"id": "10001560",
										"contractAccountId": "2025601",
										"status": "88",
										"amountToRelease": "2",
										"paymentMethod": "D"
									},
									"summary": "Partial Release of Security Deposit"
								},
								"two": {
									"value": {
										"id": "10001962",
										"contractAccountId": "2025601",
										"status": "99",
										"reversalReason": "0001"
									},
									"summary": "Reverse of Security Deposit"
								},
								"three": {
									"value": {
										"id": "10001962",
										"contractAccountId": "2025601",
										"status": "97"
									},
									"summary": "Release of Security Deposit"
								}
							}
						}
					}
				},
				"responses": {
					"201": {
						"description": "Security Deposit Status changed",
						"content": {
							"application/json": {
								"schema": {
									"allOf": [
										{
											"$ref": "#/components/schemas/SecurityDepositfile"
										},
										{
											"$ref": "#/components/schemas/info"
										}
									]
								}
							}
						}
					},
					"400": {
						"description": "Bad Request.\n\nThe server cannot process the request due to a client error. For example, an invalid request.",
						"content": {
							"application/json": {
								"schema": {
									"$ref": "#/components/schemas/error"
								}
							}
						}
					},
					"401": {
						"description": "Unauthorized.\n\nThis error is caused when the request has not been applied because there are no valid authentication credentials for the target resource."
					},
					"403": {
						"description": "Forbidden.\n\nThis client error code indicates that the server understood the request but refuses to authorize it."
					},
					"500": {
						"description": "Internal Server Error.\n\nFailed to update security depsoit status.",
						"content": {
							"application/json": {
								"schema": {
									"$ref": "#/components/schemas/error"
								}
							}
						}
					}
				}
			}
		}
	},
	"x-sap-shortText": "Manage entities from Security Deposit service.",
	"x-sap-extensible": {
		"supported": "automatic",
		"description": "You can create extension fields in the Security Deposit Service API by following the steps mentioned in https://help.sap.com/docs/CX_NG_SVC/2c87cece32844c91836e535aef8f9642/d3bdfac0c6b141c0bac27408c3ed159f.html?locale=en-US. The newly created extensions will be available in the API request and response body."
	}
}