<?xml version="1.0" encoding="UTF-8"?>
<edmx:Edmx Version="1.0" xmlns:edmx="http://schemas.microsoft.com/ado/2007/06/edmx" xmlns:m="http://schemas.microsoft.com/ado/2007/08/dataservices/metadata" xmlns:sap="http://www.sap.com/Protocols/SAPData">
   <edmx:DataServices m:DataServiceVersion="2.0">
      <Schema Namespace="/SHCM/EMPLOYEE_SRV" xml:lang="en" sap:schema-version="1" xmlns="http://schemas.microsoft.com/ado/2008/09/edm">
         <EntityType Name="EmployeePhoto" sap:content-version="1">
            <Key>
               <PropertyRef Name="ExtEmployeeID"/>
               <PropertyRef Name="Sourcesystem"/>
            </Key>
            <Property Name="ExtEmployeeID" Type="Edm.String" Nullable="false" MaxLength="38" sap:label="EmployeeID" sap:sortable="false" sap:filterable="false"/>
            <Property Name="Sourcesystem" Type="Edm.String" Nullable="false" MaxLength="80" sap:label="Source System" sap:sortable="false" sap:filterable="false"/>
            <Property Name="Photo" Type="Edm.Binary" sap:label="Photo" sap:sortable="false" sap:filterable="false"/>
            <Property Name="ContentType" Type="Edm.String" MaxLength="128" sap:label="ContentType" sap:sortable="false" sap:filterable="false"/>
         </EntityType>
         <EntityType Name="Employee" sap:content-version="1">
            <Key>
               <PropertyRef Name="EmployeeID"/>
            </Key>
            <Property Name="EmployeeID" Type="Edm.String" Nullable="false" MaxLength="38" sap:label="EmployeeID" sap:sortable="false"/>
            <Property Name="MainEmploymentIndicator" Type="Edm.String" MaxLength="1" sap:label="MainEmploymentIndicator" sap:sortable="false" sap:filterable="false"/>
            <Property Name="ImageUrl" Type="Edm.String" MaxLength="1000" sap:label="ImageUrl" sap:sortable="false" sap:filterable="false"/>
            <Property Name="ExternalEmployeeID" Type="Edm.String" MaxLength="60" sap:label="ExternalEmployeeID" sap:sortable="false" sap:filterable="false"/>
            <Property Name="EmploymentDetailsJobCode" Type="Edm.String" MaxLength="128" sap:label="EmploymentDetailsJobCode" sap:sortable="false" sap:filterable="false"/>
            <Property Name="Pernr" Type="Edm.String" MaxLength="8" sap:label="Pernr" sap:creatable="false" sap:updatable="false" sap:sortable="false" sap:filterable="false"/>
            <Property Name="EmployeeStartDate" Type="Edm.DateTime" Precision="0" sap:label="EmployeeStartDate" sap:sortable="false" sap:filterable="false"/>
            <Property Name="EmploymentDetailsJobTitle" Type="Edm.String" MaxLength="256" sap:label="EmploymentDetailsJobTitle" sap:sortable="false" sap:filterable="false"/>
            <Property Name="EmployeeEndDate" Type="Edm.DateTime" Precision="0" sap:label="EmployeeEndDate" sap:sortable="false" sap:filterable="false"/>
            <Property Name="EmploymentDetailsDepartmentId" Type="Edm.String" MaxLength="32" sap:label="EmploymentDetailsDepartmentId" sap:sortable="false" sap:filterable="false"/>
            <Property Name="EmploymentDetailsDepartment" Type="Edm.String" MaxLength="32" sap:label="EmploymentDetailsDepartment" sap:sortable="false" sap:filterable="false"/>
            <Property Name="UserName" Type="Edm.String" MaxLength="40" sap:label="UserName" sap:sortable="false" sap:filterable="false"/>
            <Property Name="EmployeeRole" Type="Edm.String" MaxLength="20" sap:label="EmployeeRole" sap:sortable="false" sap:filterable="false"/>
            <Property Name="SupplierID" Type="Edm.String" MaxLength="10" sap:label="SupplierID" sap:sortable="false" sap:filterable="false"/>
            <Property Name="EmploymentDetailsDivisionId" Type="Edm.String" MaxLength="32" sap:label="EmploymentDetailsDivisionId" sap:sortable="false" sap:filterable="false"/>
            <Property Name="ReferenceEmployeeID" Type="Edm.String" MaxLength="38" sap:label="ReferenceEmployeeID" sap:sortable="false" sap:filterable="false"/>
            <Property Name="EmploymentDetailsDivision" Type="Edm.String" MaxLength="32" sap:label="EmploymentDetailsDivision" sap:sortable="false" sap:filterable="false"/>
            <Property Name="ReferenceSystem" Type="Edm.String" MaxLength="80" sap:label="ReferenceSystem" sap:sortable="false" sap:filterable="false"/>
            <Property Name="EmploymentDetailsBusinessUnitId" Type="Edm.String" MaxLength="32" sap:label="EmploymentDetailsBusinessUnitId" sap:sortable="false" sap:filterable="false"/>
            <Property Name="RefSystemEmploymentID" Type="Edm.String" MaxLength="100" sap:label="RefSystemEmploymentID" sap:sortable="false" sap:filterable="false"/>
            <Property Name="EmploymentDetailsBusinessUnit" Type="Edm.String" MaxLength="32" sap:label="EmploymentDetailsBusinessUnit" sap:sortable="false" sap:filterable="false"/>
            <Property Name="RefSystemReferenceEmploymentID" Type="Edm.String" MaxLength="100" sap:label="RefSystemReferenceEmploymentID" sap:sortable="false" sap:filterable="false"/>
            <Property Name="OriginalSystem" Type="Edm.String" Nullable="false" MaxLength="80" sap:label="OriginalSystem" sap:sortable="false" sap:filterable="false"/>
            <Property Name="OriginalSystemStartDate" Type="Edm.DateTime" Nullable="false" Precision="0" sap:label="OriginalSystemStartDate" sap:sortable="false" sap:filterable="false"/>
            <Property Name="OriginalSystemEndDate" Type="Edm.DateTime" Nullable="false" Precision="0" sap:label="OriginalSystemEndDate" sap:sortable="false" sap:filterable="false"/>
            <Property Name="FormOfAddressCode" Type="Edm.String" MaxLength="4" sap:label="FormOfAddressCode" sap:sortable="false" sap:filterable="false"/>
            <Property Name="GivenName" Type="Edm.String" Nullable="false" MaxLength="40" sap:label="GivenName" sap:sortable="false" sap:filterable="false"/>
            <Property Name="MiddleName" Type="Edm.String" MaxLength="40" sap:label="MiddleName" sap:sortable="false" sap:filterable="false"/>
            <Property Name="FamilyName" Type="Edm.String" Nullable="false" MaxLength="40" sap:label="FamilyName" sap:sortable="false" sap:filterable="false"/>
            <Property Name="AdditionalFamilyName" Type="Edm.String" MaxLength="40" sap:label="AdditionalFamilyName" sap:sortable="false" sap:filterable="false"/>
            <Property Name="Initials" Type="Edm.String" MaxLength="10" sap:label="Initials" sap:sortable="false" sap:filterable="false"/>
            <Property Name="FormattedName" Type="Edm.String" MaxLength="100" sap:label="FormattedName" sap:sortable="false" sap:filterable="false"/>
            <Property Name="FamilyNamePrefix" Type="Edm.String" MaxLength="20" sap:label="FamilyNamePrefix" sap:sortable="false" sap:filterable="false"/>
            <Property Name="AcademicTitleCode" Type="Edm.String" MaxLength="4" sap:label="AcademicTitleCode" sap:sortable="false" sap:filterable="false"/>
            <Property Name="PreferredCommunicationLanguageCode" Type="Edm.String" MaxLength="2" sap:label="PreferredCommunicationLanguageCode" sap:sortable="false" sap:filterable="false"/>
            <Property Name="GenderCode" Type="Edm.String" MaxLength="1" sap:label="GenderCode" sap:sortable="false" sap:filterable="false"/>
            <Property Name="EmailType" Type="Edm.String" MaxLength="1" sap:label="EmailType" sap:sortable="false" sap:filterable="false"/>
            <Property Name="EmailAddress" Type="Edm.String" MaxLength="241" sap:label="EmailAddress" sap:sortable="false" sap:filterable="false"/>
            <Property Name="PhoneType" Type="Edm.String" MaxLength="10" sap:label="PhoneType" sap:sortable="false" sap:filterable="false"/>
            <Property Name="PhoneNumberCountryDialingCode" Type="Edm.String" MaxLength="10" sap:label="PhoneNumberCountryDialingCode" sap:sortable="false" sap:filterable="false"/>
            <Property Name="PhoneNumberAreaCode" Type="Edm.String" MaxLength="10" sap:label="PhoneNumberAreaCode" sap:sortable="false" sap:filterable="false"/>
            <Property Name="PhoneNumberSubscriberNumber" Type="Edm.String" MaxLength="30" sap:label="PhoneNumberSubscriberNumber" sap:sortable="false" sap:filterable="false"/>
            <Property Name="PhoneNumberExtension" Type="Edm.String" MaxLength="10" sap:label="PhoneNumberExtension" sap:sortable="false" sap:filterable="false"/>
            <Property Name="HomeAddrStartDate" Type="Edm.DateTime" Precision="0" sap:label="HomeAddrStartDate" sap:sortable="false" sap:filterable="false"/>
            <Property Name="HomeAddrEndDate" Type="Edm.DateTime" Precision="0" sap:label="HomeAddrEndDate" sap:sortable="false" sap:filterable="false"/>
            <Property Name="HomeAddrCountryCode" Type="Edm.String" MaxLength="2" sap:label="HomeAddrCountryCode" sap:sortable="false" sap:filterable="false"/>
            <Property Name="HomeAddrRegionCode" Type="Edm.String" MaxLength="3" sap:label="HomeAddrRegionCode" sap:sortable="false" sap:filterable="false"/>
            <Property Name="HomeAddrCityName" Type="Edm.String" MaxLength="40" sap:label="HomeAddrCityName" sap:sortable="false" sap:filterable="false"/>
            <Property Name="HomeAddrAdditionalCityName" Type="Edm.String" MaxLength="40" sap:label="HomeAddrAdditionalCityName" sap:sortable="false" sap:filterable="false"/>
            <Property Name="HomeAddrDistrictName" Type="Edm.String" MaxLength="40" sap:label="HomeAddrDistrictName" sap:sortable="false" sap:filterable="false"/>
            <Property Name="HomeAddrStreetPostalCode" Type="Edm.String" MaxLength="10" sap:label="HomeAddrStreetPostalCode" sap:sortable="false" sap:filterable="false"/>
            <Property Name="HomeAddrStreetName" Type="Edm.String" MaxLength="60" sap:label="HomeAddrStreetName" sap:sortable="false" sap:filterable="false"/>
            <Property Name="HomeAddrStreetPrefixName" Type="Edm.String" MaxLength="40" sap:label="HomeAddrStreetPrefixName" sap:sortable="false" sap:filterable="false"/>
            <Property Name="HomeAddrAdditionalStreetPrefixName" Type="Edm.String" MaxLength="40" sap:label="HomeAddrAdditionalStreetPrefixName" sap:sortable="false" sap:filterable="false"/>
            <Property Name="HomeAddrStreetSuffixName" Type="Edm.String" MaxLength="40" sap:label="HomeAddrStreetSuffixName" sap:sortable="false" sap:filterable="false"/>
            <Property Name="HomeAddrAdditionalStreetSuffixName" Type="Edm.String" MaxLength="40" sap:label="HomeAddrAdditionalStreetSuffixName" sap:sortable="false" sap:filterable="false"/>
            <Property Name="HomeAddrHouseID" Type="Edm.String" MaxLength="10" sap:label="HomeAddrHouseID" sap:sortable="false" sap:filterable="false"/>
            <Property Name="HomeAddrAdditionalHouseID" Type="Edm.String" MaxLength="10" sap:label="HomeAddrAdditionalHouseID" sap:sortable="false" sap:filterable="false"/>
            <Property Name="HomeAddrCareOfName" Type="Edm.String" MaxLength="40" sap:label="HomeAddrCareOfName" sap:sortable="false" sap:filterable="false"/>
            <Property Name="BusinessAddrStartDate" Type="Edm.DateTime" Precision="0" sap:label="BusinessAddrStartDate" sap:sortable="false" sap:filterable="false"/>
            <Property Name="BusinessAddrEndDate" Type="Edm.DateTime" Precision="0" sap:label="BusinessAddrEndDate" sap:sortable="false" sap:filterable="false"/>
            <Property Name="BusinessAddrCountryCode" Type="Edm.String" MaxLength="2" sap:label="BusinessAddrCountryCode" sap:sortable="false" sap:filterable="false"/>
            <Property Name="BusinessAddrRegionCode" Type="Edm.String" MaxLength="3" sap:label="BusinessAddrRegionCode" sap:sortable="false" sap:filterable="false"/>
            <Property Name="BusinessAddrCityName" Type="Edm.String" MaxLength="40" sap:label="BusinessAddrCityName" sap:sortable="false" sap:filterable="false"/>
            <Property Name="BusinessAddrAdditionalCityName" Type="Edm.String" MaxLength="40" sap:label="BusinessAddrAdditionalCityName" sap:sortable="false" sap:filterable="false"/>
            <Property Name="BusinessAddrDistrictName" Type="Edm.String" MaxLength="40" sap:label="BusinessAddrDistrictName" sap:sortable="false" sap:filterable="false"/>
            <Property Name="BusinessAddrStreetPostalCode" Type="Edm.String" MaxLength="10" sap:label="BusinessAddrStreetPostalCode" sap:sortable="false" sap:filterable="false"/>
            <Property Name="BusinessAddrStreetName" Type="Edm.String" MaxLength="60" sap:label="BusinessAddrStreetName" sap:sortable="false" sap:filterable="false"/>
            <Property Name="BusinessAddrStreetPrefixName" Type="Edm.String" MaxLength="40" sap:label="BusinessAddrStreetPrefixName" sap:sortable="false" sap:filterable="false"/>
            <Property Name="BusinessAddrAdditionalStreetPrefixName" Type="Edm.String" MaxLength="40" sap:label="BusinessAddrAdditionalStreetPrefixName" sap:sortable="false" sap:filterable="false"/>
            <Property Name="BusinessAddrStreetSuffixName" Type="Edm.String" MaxLength="40" sap:label="BusinessAddrStreetSuffixName" sap:sortable="false" sap:filterable="false"/>
            <Property Name="BusinessAddrAdditionalStreetSuffixName" Type="Edm.String" MaxLength="40" sap:label="BusinessAddrAdditionalStreetSuffixName" sap:sortable="false" sap:filterable="false"/>
            <Property Name="BusinessAddrHouseID" Type="Edm.String" MaxLength="10" sap:label="BusinessAddrHouseID" sap:sortable="false" sap:filterable="false"/>
            <Property Name="BusinessAddrAdditionalHouseID" Type="Edm.String" MaxLength="10" sap:label="BusinessAddrAdditionalHouseID" sap:sortable="false" sap:filterable="false"/>
            <Property Name="BusinessAddrBuildingID" Type="Edm.String" MaxLength="20" sap:label="BusinessAddrBuildingID" sap:sortable="false" sap:filterable="false"/>
            <Property Name="BusinessAddrFloorID" Type="Edm.String" MaxLength="10" sap:label="BusinessAddrFloorID" sap:sortable="false" sap:filterable="false"/>
            <Property Name="BusinessAddrRoomID" Type="Edm.String" MaxLength="10" sap:label="BusinessAddrRoomID" sap:sortable="false" sap:filterable="false"/>
            <Property Name="EmploymentID" Type="Edm.String" MaxLength="100" sap:label="EmploymentID" sap:sortable="false" sap:filterable="false"/>
            <Property Name="EmploymentStartDate" Type="Edm.DateTime" Precision="0" sap:label="EmploymentStartDate" sap:sortable="false" sap:filterable="false"/>
            <Property Name="EmploymentEndDate" Type="Edm.DateTime" Precision="0" sap:label="EmploymentEndDate" sap:sortable="false" sap:filterable="false"/>
            <Property Name="EmploymentDetailsStartDate" Type="Edm.DateTime" Precision="0" sap:label="EmploymentDetailsStartDate" sap:sortable="false" sap:filterable="false"/>
            <Property Name="EmploymentDetailsEndDate" Type="Edm.DateTime" Precision="0" sap:label="EmploymentDetailsEndDate" sap:sortable="false" sap:filterable="false"/>
            <Property Name="EmploymentDetailsEmploymentStatusCode" Type="Edm.String" MaxLength="1" sap:label="EmploymentDetailsEmploymentStatusCode" sap:sortable="false" sap:filterable="false"/>
            <Property Name="EmploymentDetailsEmploymentPercent" Type="Edm.Decimal" Precision="5" Scale="2" sap:label="EmploymentDetailsEmploymentPercent" sap:sortable="false" sap:filterable="false"/>
            <Property Name="EmploymentDetailsCompanyID" Type="Edm.String" MaxLength="4" sap:label="EmploymentDetailsCompanyID" sap:sortable="false" sap:filterable="false"/>
            <Property Name="EmploymentDetailsCostCenterID" Type="Edm.String" MaxLength="10" sap:label="EmploymentDetailsCostCenterID" sap:sortable="false" sap:filterable="false"/>
            <Property Name="EmploymentDetailsHoursPerWeek" Type="Edm.Decimal" Precision="5" Scale="2" sap:label="EmploymentDetailsHoursPerWeek" sap:sortable="false" sap:filterable="false"/>
            <Property Name="EmploymentManagerStartDate" Type="Edm.DateTime" Precision="0" sap:label="EmploymentManagerStartDate" sap:sortable="false" sap:filterable="false"/>
            <Property Name="EmploymentManagerEndDate" Type="Edm.DateTime" Precision="0" sap:label="EmploymentManagerEndDate" sap:sortable="false" sap:filterable="false"/>
            <Property Name="EmploymentManagerEmployeeID" Type="Edm.String" MaxLength="38" sap:label="EmploymentManagerEmployeeID" sap:sortable="false" sap:filterable="false"/>
            <Property Name="PaymentInfoStartDate" Type="Edm.DateTime" Precision="0" sap:label="PaymentInfoStartDate" sap:sortable="false" sap:filterable="false"/>
            <Property Name="PaymentInfoEndDate" Type="Edm.DateTime" Precision="0" sap:label="PaymentInfoEndDate" sap:sortable="false" sap:filterable="false"/>
            <Property Name="PaymentInfoPaymentMethod" Type="Edm.String" MaxLength="1" sap:label="PaymentInfoPaymentMethod" sap:sortable="false" sap:filterable="false"/>
            <Property Name="PaymentInfoBankCountryCode" Type="Edm.String" MaxLength="3" sap:label="PaymentInfoBankCountryCode" sap:sortable="false" sap:filterable="false"/>
            <Property Name="PaymentInfoAccountHolderName" Type="Edm.String" MaxLength="60" sap:label="PaymentInfoAccountHolderName" sap:sortable="false" sap:filterable="false"/>
            <Property Name="PaymentInfoIBAN" Type="Edm.String" MaxLength="34" sap:label="PaymentInfoIBAN" sap:sortable="false" sap:filterable="false"/>
            <Property Name="PaymentInfoBankIdentifierCode" Type="Edm.String" MaxLength="15" sap:label="PaymentInfoBankIdentifierCode" sap:sortable="false" sap:filterable="false"/>
            <Property Name="PaymentInfoBankAccountNumber" Type="Edm.String" MaxLength="18" sap:label="PaymentInfoBankAccountNumber" sap:sortable="false" sap:filterable="false"/>
            <Property Name="PaymentInfoPaymentType" Type="Edm.String" MaxLength="40" sap:label="PaymentInfoPaymentType" sap:sortable="false" sap:filterable="false"/>
            <Property Name="PaymentInfoBankACRoutingNumber" Type="Edm.String" MaxLength="15" sap:label="PaymentInfoBankACRoutingNumber" sap:sortable="false" sap:filterable="false"/>
         </EntityType>
         <EntityType Name="EmployeePhotoStream" m:HasStream="true" sap:content-version="1">
            <Key>
               <PropertyRef Name="ExtEmployeeID"/>
               <PropertyRef Name="Sourcesystem"/>
            </Key>
            <Property Name="ExtEmployeeID" Type="Edm.String" Nullable="false" MaxLength="38" sap:label="Extenal Employee ID" sap:creatable="false" sap:updatable="false" sap:sortable="false" sap:filterable="false"/>
            <Property Name="Photo" Type="Edm.Binary" Nullable="false" sap:label="Employee Photo" sap:creatable="false" sap:updatable="false" sap:sortable="false" sap:filterable="false"/>
            <Property Name="ContentType" Type="Edm.String" Nullable="false" MaxLength="128" sap:label="MIME Type" sap:creatable="false" sap:updatable="false" sap:sortable="false" sap:filterable="false"/>
            <Property Name="Sourcesystem" Type="Edm.String" Nullable="false" MaxLength="80" sap:label="Source System" sap:creatable="false" sap:updatable="false" sap:sortable="false" sap:filterable="false"/>
         </EntityType>
         <EntityContainer Name="/SHCM/EMPLOYEE_SRV_Entities" m:IsDefaultEntityContainer="true" sap:supported-formats="atom json xlsx">
            <EntitySet Name="EmployeePhotoSet" EntityType="/SHCM/EMPLOYEE_SRV.EmployeePhoto" sap:content-version="1"/>
            <EntitySet Name="EmployeeCollection" EntityType="/SHCM/EMPLOYEE_SRV.Employee" sap:deletable="false" sap:content-version="1"/>
            <EntitySet Name="EmployeePhotoStreamSet" EntityType="/SHCM/EMPLOYEE_SRV.EmployeePhotoStream" sap:creatable="false" sap:updatable="false" sap:deletable="false" sap:pageable="false" sap:content-version="1"/>
         </EntityContainer>
         <atom:link rel="self" href="https://ldai3cc2.wdf.sap.corp:44300/sap/opu/odata/SHCM/EMPLOYEE_SRV/$metadata" xmlns:atom="http://www.w3.org/2005/Atom"/>
         <atom:link rel="latest-version" href="https://ldai3cc2.wdf.sap.corp:44300/sap/opu/odata/SHCM/EMPLOYEE_SRV/$metadata" xmlns:atom="http://www.w3.org/2005/Atom"/>
      </Schema>
   </edmx:DataServices>
</edmx:Edmx>