{
  "openapi": "3.0.1",
  "info": {
    "title": "SAP Predictive Replenishment Outbound Purchase Order Request",
    "description": "SAP Predictive Replenishment Outbound Purchase Order Request",
    "version": "0.1"
  },
  "paths": {
    "/transferPurchaseOrder": {
      "post": {
        "description": "Transfers the Order Proposals generated in PRP to create Purchase Orders",
        "requestBody": {
          "content": {
            "application/json": {
              "schema": {
                "$ref": "#/components/schemas/orderproposal_transferPurchaseOrder_PurchaseOrder"
              }
            }
          }
        },
        "responses": {
          "201": {
            "description": "Entity created",
            "content": {
              "application/json": {
                "schema": {
                  "$ref": "#/components/schemas/orderproposal_transferPurchaseOrder_Response"
                }
              }
            }
          },
          "4XX": {
            "description": "Entity creation failed",
            "content": {
              "application/json": {
                "schema": {
                  "$ref": "#/components/schemas/orderproposal_transferPurchaseOrder_Response"
                }
              }
            }
          }
        }
      }
    }
  },
  "components": {
    "schemas": {
      "transferPurchaseOrder_ScheduleLines": {
        "type": "object",
        "properties": {
          "ScheduleLineDeliveryDate": {
            "type": "string",
            "example": "20240824"
          },
          "ScheduleLineDeliveryTime": {
            "type": "string",
            "example": "063000"
          }
        },
        "example": null
      },
      "transferPurchaseOrder_PurchaseOrderItems": {
        "type": "object",
        "properties": {
          "Plant": {
            "type": "string",
            "maxLength": 4
          },
          "Material": {
            "type": "string",
            "maxLength": 40
          },
          "OrderQuantity": {
            "type": "string",
            "format": "decimal"
          },
          "PurchaseOrderQuantityUnit": {
            "type": "string",
            "maxLength": 3
          },
          "NoRounding": {
            "type": "string",
            "maxLength": 1
          },
          "OrderProposalItemID": {
            "type": "string",
            "maxLength": 10
          },
          "ScheduleLines": {
            "type": "array",
            "items": {
              "$ref": "#/components/schemas/transferPurchaseOrder_ScheduleLines"
            }
          }
        },
        "example": null
      },
      "orderproposal_transferPurchaseOrder_PurchaseOrder": {
        "type": "object",
        "properties": {
          "PurchaseOrderType": {
            "type": "string",
            "maxLength": 4
          },
          "CompanyCode": {
            "type": "string",
            "maxLength": 4
          },
          "Supplier": {
            "type": "string",
            "maxLength": 10
          },
          "PurchasingOrganization": {
            "type": "string",
            "maxLength": 4
          },
          "PurchasingGroup": {
            "type": "string",
            "maxLength": 3
          },
          "PurchaseOrderDate": {
            "type": "string",
            "example": "20240824"
          },
          "OrderProposalID": {
            "type": "string",
            "maxLength": 20
          },
          "OrderProposalSplitID": {
            "type": "string",
            "maxLength": 20
          },
          "Language": {
            "type": "string",
            "maxLength": 2
          },
          "PurchaseOrderItems": {
            "type": "array",
            "items": {
              "$ref": "#/components/schemas/transferPurchaseOrder_PurchaseOrderItems"
            }
          }
        }
      },
      "orderproposal_transferPurchaseOrder_Response": {
        "type": "object",
        "properties": {
          "Status": {
            "type": "string"
          },
          "OrderProposalID": {
            "type": "string"
          },
          "OrderProposalSplitID": {
            "type": "string"
          },
          "PurchaseOrderNumber": {
            "type": "string"
          },
          "Message": {
            "type": "string"
          }
        }
      }
    }
  }
}