{
  "openapi": "3.0.3",
  "info": {
    "title": "Get External Quote Out",
    "version": "1.0.0",
    "description": "Read sales quote details from SAP S/4HANA"
  },
  "servers": [
    {
      "url": "https://{hostname}",
      "description": "Example of server url is https://my1234567.crm.cloud.sap",
      "variables": {
        "hostname": {
          "default": ""
        }
      }
    }
  ],
  "components": {
    "securitySchemes": {
      "basicAuthentication": {
        "type": "http",
        "scheme": "basic"
      }
    },
    "schemas": {
      "error": {
        "type": "object",
        "properties": {
          "error": {
            "type": "object",
            "properties": {
              "code": {
                "type": "string"
              },
              "details": {
                "type": "array",
                "items": {
                  "type": "object",
                  "properties": {
                    "message": {
                      "type": "string"
                    },
                    "code": {
                      "type": "string"
                    },
                    "target": {
                      "type": "string"
                    }
                  }
                }
              },
              "message": {
                "type": "string"
              },
              "target": {
                "type": "string"
              }
            }
          }
        }
      },
      "GetExternalQuoteOutcreaterequest": {
        "title": "Get External Quote Out create request",
        "type": "object",
        "properties": {
          "messageHeader": {
            "type": "object",
            "properties": {
              "id": {
                "type": "string",
                "format": "uuid"
              },
              "senderCommunicationSystemDisplayId": {
                "type": "string"
              },
              "receiverCommunicationSystemDisplayId": {
                "type": "string"
              },
              "creationDateTime": {
                "type": "string",
                "format": "date-time"
              }
            }
          },
          "messageResponses": {
            "type": "array",
            "items": {
              "type": "object",
              "properties": {
                "messageHeader": {
                  "type": "object",
                  "properties": {
                    "id": {
                      "type": "string",
                      "format": "uuid"
                    },
                    "creationDateTime": {
                      "type": "string",
                      "format": "date-time"
                    },
                    "actionCode": {
                      "type": "string",
                      "enum": [
                        "CREATE",
                        "DELETE",
                        "SAVE",
                        "QUERY"
                      ]
                    },
                    "referenceMessageRequestId": {
                      "type": "string"
                    }
                  }
                },
                "body": {
                  "type": "object",
                  "properties": {
                    "externalQuoteDetails": {
                      "type": "array",
                      "items": {
                        "type": "object",
                        "properties": {
                          "displayId": {
                            "type": "string"
                          },
                          "date": {
                            "type": "string",
                            "format": "date-time"
                          },
                          "soldToPartyDisplayId": {
                            "type": "string"
                          },
                          "documentReason": {
                            "type": "string"
                          },
                          "netAmount": {
                            "type": "object",
                            "properties": {
                              "content": {
                                "type": "number",
                                "format": "double"
                              },
                              "currencyCode": {
                                "type": "string"
                              }
                            }
                          },
                          "processingStatus": {
                            "type": "string"
                          },
                          "rejectionStatus": {
                            "type": "string"
                          },
                          "approvalStatus": {
                            "type": "string"
                          },
                          "creditCheckStatus": {
                            "type": "string"
                          }
                        }
                      }
                    }
                  }
                }
              }
            }
          }
        }
      },
      "GetExternalQuoteOutfile": {
        "title": "Get External Quote Out file",
        "type": "object",
        "properties": {
          "value": {
            "type": "object",
            "properties": {
              "messageHeader": {
                "type": "object",
                "properties": {
                  "id": {
                    "type": "string",
                    "format": "uuid"
                  },
                  "senderCommunicationSystemDisplayId": {
                    "type": "string"
                  },
                  "receiverCommunicationSystemDisplayId": {
                    "type": "string"
                  },
                  "creationDateTime": {
                    "type": "string",
                    "format": "date-time"
                  }
                }
              },
              "messageRequests": {
                "type": "array",
                "items": {
                  "type": "object",
                  "properties": {
                    "messageHeader": {
                      "type": "object",
                      "properties": {
                        "id": {
                          "type": "string",
                          "format": "uuid"
                        },
                        "creationDateTime": {
                          "type": "string",
                          "format": "date-time"
                        },
                        "actionCode": {
                          "type": "string",
                          "enum": [
                            "CREATE",
                            "DELETE",
                            "SAVE",
                            "QUERY"
                          ]
                        },
                        "referenceMessageRequestId": {
                          "type": "string"
                        }
                      }
                    },
                    "body": {
                      "type": "object",
                      "properties": {
                        "externalQuoteDetails": {
                          "type": "array",
                          "items": {
                            "type": "object",
                            "properties": {
                              "displayId": {
                                "type": "string"
                              },
                              "date": {
                                "type": "string",
                                "format": "date-time"
                              },
                              "soldToPartyDisplayId": {
                                "type": "string"
                              },
                              "documentReason": {
                                "type": "string"
                              },
                              "netAmount": {
                                "type": "object",
                                "properties": {
                                  "content": {
                                    "type": "number",
                                    "format": "double"
                                  },
                                  "currencyCode": {
                                    "type": "string"
                                  }
                                }
                              },
                              "processingStatus": {
                                "type": "string"
                              },
                              "rejectionStatus": {
                                "type": "string"
                              },
                              "approvalStatus": {
                                "type": "string"
                              },
                              "creditCheckStatus": {
                                "type": "string"
                              }
                            }
                          }
                        }
                      }
                    }
                  }
                }
              }
            }
          }
        }
      }
    }
  },
  "security": [
    {
      "basicAuthentication": []
    }
  ],
  "paths": {
    "/sap/c4c/api/v1/http/c4c/s4/getExternalQuoteDetailsOut": {
      "parameters": [
        {
          "name": "x-sap-crm-token",
          "in": "header",
          "required": true,
          "schema": {
            "type": "string"
          }
        }
      ],
      "post": {
        "operationId": "createopportunityservice_getExternalQuoteDetailsOut",
        "tags": [
          "GetExternalQuoteDetailsOut"
        ],
        "summary": "Create data",
        "parameters": [],
        "requestBody": {
          "content": {
            "application/json": {
              "schema": {
                "$ref": "#/components/schemas/GetExternalQuoteOutcreaterequest"
              }
            }
          }
        },
        "responses": {
          "201": {
            "description": "201 CREATED",
            "content": {
              "application/json": {
                "schema": {
                  "$ref": "#/components/schemas/GetExternalQuoteOutfile"
                }
              }
            }
          },
          "400": {
            "description": "400 BAD_REQUEST",
            "content": {
              "application/json": {
                "schema": {
                  "$ref": "#/components/schemas/error"
                }
              }
            }
          },
          "401": {
            "description": "401 UNAUTHORIZED"
          },
          "403": {
            "description": "403 FORBIDDEN"
          },
          "404": {
            "description": "404 NOT_FOUND"
          },
          "500": {
            "description": "500 INTERNAL_SERVER_ERROR",
            "content": {
              "application/json": {
                "schema": {
                  "$ref": "#/components/schemas/error"
                }
              }
            }
          }
        }
      }
    }
  },
  "x-sap-shortText": "Manage entities from Get External Quote Out service."
}
