{
    "openapi": "3.0.3",
    "info": {
        "title": "Unit of Measure Inbound Replication",
        "version": "1.0.0",
        "description": "This API replicates Unit of Measures from SAP S/4HANA to SAP Sales and Service Cloud Version 2."
    },
    "servers": [
        {
            "url": "https://{hostname}",
            "description": "Example of server url is https://my1234567.crm.cloud.sap",
            "variables": {
                "hostname": {
                    "default": ""
                }
            }
        }
    ],
    "components": {
        "securitySchemes": {
            "basicAuthentication": {
                "type": "http",
                "scheme": "basic"
            }
        },
        "schemas": {
            "error": {
                "type": "object",
                "properties": {
                    "error": {
                        "type": "object",
                        "properties": {
                            "code": {
                                "type": "string"
                            },
                            "details": {
                                "type": "array",
                                "items": {
                                    "type": "object",
                                    "properties": {
                                        "message": {
                                            "type": "string"
                                        },
                                        "code": {
                                            "type": "string"
                                        },
                                        "target": {
                                            "type": "string"
                                        }
                                    }
                                }
                            },
                            "message": {
                                "type": "string"
                            },
                            "target": {
                                "type": "string"
                            }
                        }
                    }
                }
            },
            "UnitofMeasureInboundReplicationcreaterequest": {
                "title": "Unit of Measure Inbound Replication create request",
                "type": "object",
                "properties": {
                    "messageHeader": {
                        "type": "object",
                        "properties": {
                            "id": {
                                "type": "string",
                                "nullable": true,
                                "format": "uuid",
                                "title": "ID"
                            },
                            "senderCommunicationSystemDisplayId": {
                                "type": "string",
                                "nullable": true,
                                "title": "Sender Communication System Display ID"
                            },
                            "receiverCommunicationSystemDisplayId": {
                                "type": "string",
                                "nullable": true,
                                "title": "Receiver Communication System Display ID"
                            },
                            "creationDateTime": {
                                "type": "string",
                                "format": "date-time",
                                "nullable": true
                            }
                        }
                    },
                    "messageRequests": {
                        "type": "array",
                        "items": {
                            "type": "object",
                            "properties": {
                                "messageHeader": {
                                    "type": "object",
                                    "properties": {
                                        "id": {
                                            "type": "string",
                                            "nullable": true,
                                            "format": "uuid",
                                            "title": "ID"
                                        },
                                        "messageEntityName": {
                                            "type": "string",
                                            "nullable": true
                                        },
                                        "creationDateTime": {
                                            "type": "string",
                                            "format": "date-time",
                                            "nullable": true
                                        },
                                        "actionCode": {
                                            "type": "string",
                                            "nullable": true,
                                            "enum": [
                                                "CREATE",
                                                "DELETE",
                                                "SAVE",
                                                "QUERY"
                                            ],
                                            "title": "Action Code"
                                        },
                                        "referenceMessageRequestId": {
                                            "type": "string",
                                            "nullable": true,
                                            "title": "Reference Message Request ID"
                                        }
                                    }
                                },
                                "body": {
                                    "type": "object",
                                    "properties": {
                                        "code": {
                                            "type": "string",
                                            "nullable": true
                                        },
                                        "numberOfDecimals": {
                                            "type": "integer",
                                            "nullable": true
                                        },
                                        "unitOfMeasureType": {
                                            "type": "string",
                                            "nullable": true
                                        },
                                        "unitOfMeasureDimension": {
                                            "type": "string",
                                            "nullable": true
                                        },
                                        "isInternationalSystemUnit": {
                                            "type": "boolean",
                                            "nullable": true
                                        },
                                        "numerator": {
                                            "type": "number",
                                            "nullable": true
                                        },
                                        "numeratorExponent10": {
                                            "type": "integer",
                                            "nullable": true
                                        },
                                        "denominator": {
                                            "type": "number",
                                            "nullable": true
                                        },
                                        "offset": {
                                            "type": "number",
                                            "nullable": true
                                        },
                                        "descriptions": {
                                            "type": "array",
                                            "items": {
                                                "type": "object",
                                                "properties": {
                                                    "content": {
                                                        "type": "string",
                                                        "nullable": true
                                                    },
                                                    "languageCode": {
                                                        "type": "string",
                                                        "nullable": true
                                                    }
                                                }
                                            }
                                        },
                                        "commercialNames": {
                                            "type": "array",
                                            "items": {
                                                "type": "object",
                                                "properties": {
                                                    "content": {
                                                        "type": "string",
                                                        "nullable": true
                                                    },
                                                    "languageCode": {
                                                        "type": "string",
                                                        "nullable": true
                                                    }
                                                }
                                            }
                                        }
                                    }
                                }
                            }
                        }
                    }
                }
            },
            "UnitofMeasureInboundReplicationfile": {
                "title": "Unit of Measure Inbound Replication file",
                "type": "object",
                "properties": {
                    "value": {
                        "type": "object",
                        "properties": {
                            "messageHeader": {
                                "type": "object",
                                "properties": {
                                    "id": {
                                        "type": "string",
                                        "nullable": true,
                                        "format": "uuid",
                                        "title": "ID"
                                    },
                                    "senderCommunicationSystemDisplayId": {
                                        "type": "string",
                                        "nullable": true,
                                        "title": "Sender Communication System Display ID"
                                    },
                                    "receiverCommunicationSystemDisplayId": {
                                        "type": "string",
                                        "nullable": true,
                                        "title": "Receiver Communication System Display ID"
                                    },
                                    "creationDateTime": {
                                        "type": "string",
                                        "format": "date-time",
                                        "nullable": true
                                    }
                                }
                            },
                            "messageRequests": {
                                "type": "array",
                                "items": {
                                    "type": "object",
                                    "properties": {
                                        "messageHeader": {
                                            "type": "object",
                                            "properties": {
                                                "id": {
                                                    "type": "string",
                                                    "nullable": true,
                                                    "format": "uuid",
                                                    "title": "ID"
                                                },
                                                "messageEntityName": {
                                                    "type": "string",
                                                    "nullable": true
                                                },
                                                "creationDateTime": {
                                                    "type": "string",
                                                    "format": "date-time",
                                                    "nullable": true
                                                },
                                                "actionCode": {
                                                    "type": "string",
                                                    "nullable": true,
                                                    "enum": [
                                                        "CREATE",
                                                        "DELETE",
                                                        "SAVE",
                                                        "QUERY"
                                                    ],
                                                    "title": "Action Code"
                                                },
                                                "referenceMessageRequestId": {
                                                    "type": "string",
                                                    "nullable": true,
                                                    "title": "Reference Message Request ID"
                                                }
                                            }
                                        },
                                        "body": {
                                            "type": "object",
                                            "properties": {
                                                "code": {
                                                    "type": "string",
                                                    "nullable": true
                                                },
                                                "numberOfDecimals": {
                                                    "type": "integer",
                                                    "nullable": true
                                                },
                                                "unitOfMeasureType": {
                                                    "type": "string",
                                                    "nullable": true
                                                },
                                                "unitOfMeasureDimension": {
                                                    "type": "string",
                                                    "nullable": true
                                                },
                                                "isInternationalSystemUnit": {
                                                    "type": "boolean",
                                                    "nullable": true
                                                },
                                                "numerator": {
                                                    "type": "number",
                                                    "nullable": true
                                                },
                                                "numeratorExponent10": {
                                                    "type": "integer",
                                                    "nullable": true
                                                },
                                                "denominator": {
                                                    "type": "number",
                                                    "nullable": true
                                                },
                                                "offset": {
                                                    "type": "number",
                                                    "nullable": true
                                                },
                                                "descriptions": {
                                                    "type": "array",
                                                    "items": {
                                                        "type": "object",
                                                        "properties": {
                                                            "content": {
                                                                "type": "string",
                                                                "nullable": true
                                                            },
                                                            "languageCode": {
                                                                "type": "string",
                                                                "nullable": true
                                                            }
                                                        }
                                                    }
                                                },
                                                "commercialNames": {
                                                    "type": "array",
                                                    "items": {
                                                        "type": "object",
                                                        "properties": {
                                                            "content": {
                                                                "type": "string",
                                                                "nullable": true
                                                            },
                                                            "languageCode": {
                                                                "type": "string",
                                                                "nullable": true
                                                            }
                                                        }
                                                    }
                                                }
                                            }
                                        }
                                    }
                                }
                            }
                        }
                    }
                }
            }
        }
    },
    "security": [
        {
            "basicAuthentication": []
        }
    ],
    "paths": {
        "/sap/c4c/api/v1/inbound-data-connector-service/messages/sap.crm.md.integrationmetadataservice.entity.unitOfMeasureReplicationMessageIn": {
            "post": {
                "operationId": "createmd.integrationmetadataservice_unitOfMeasureReplicationIn",
                "tags": [
                    "UnitOfMeasureReplicationIn"
                ],
                "summary": "Create data",
                "parameters": [],
                "requestBody": {
                    "content": {
                        "application/json": {
                            "schema": {
                                "$ref": "#/components/schemas/UnitofMeasureInboundReplicationcreaterequest"
                            }
                        }
                    }
                },
                "responses": {
                    "201": {
                        "description": "201 CREATED",
                        "content": {
                            "application/json": {
                                "schema": {
                                    "$ref": "#/components/schemas/UnitofMeasureInboundReplicationfile"
                                }
                            }
                        }
                    },
                    "400": {
                        "description": "400 BAD_REQUEST",
                        "content": {
                            "application/json": {
                                "schema": {
                                    "$ref": "#/components/schemas/error"
                                }
                            }
                        }
                    },
                    "401": {
                        "description": "401 UNAUTHORIZED"
                    },
                    "403": {
                        "description": "403 FORBIDDEN"
                    },
                    "404": {
                        "description": "404 NOT_FOUND"
                    },
                    "500": {
                        "description": "500 INTERNAL_SERVER_ERROR",
                        "content": {
                            "application/json": {
                                "schema": {
                                    "$ref": "#/components/schemas/error"
                                }
                            }
                        }
                    }
                }
            }
        }
    },
    "x-sap-shortText": "Manage entities from Unit of Measure Inbound Replication service."
}