{
  "openapi": "3.0.3",
  "info": {
    "title": "Query Transfer security deposits data for transfer process",
    "version": "1.0.0",
    "description": "Transfer \n\n Transfer Security Deposit contains api to retrieve the security deposit data for transfer process"
  },
  "servers": [
    {
      "url": "https://{hostname}",
      "description": "Example of server url is https://my1234567.crm.cloud.sap",
      "variables": {
        "hostname": {
          "default": ""
        }
      }
    }
  ],
  "components": {
    "securitySchemes": {
      "basicAuthentication": {
        "type": "http",
        "scheme": "basic"
      }
    },
    "schemas": {
      "error": {
        "type": "object",
        "properties": {
          "error": {
            "type": "object",
            "properties": {
              "code": {
                "type": "string"
              },
              "details": {
                "type": "array",
                "items": {
                  "type": "object",
                  "properties": {
                    "message": {
                      "type": "string"
                    },
                    "code": {
                      "type": "string"
                    },
                    "target": {
                      "type": "string"
                    }
                  }
                }
              },
              "message": {
                "type": "string"
              },
              "target": {
                "type": "string"
              }
            }
          }
        }
      },
      "QueryTransfersecuritydepositsdatafortransferprocessqueryresponse": {
        "title": "Query Transfer security deposits data for transfer process query response",
        "type": "object",
        "properties": {
          "count": {
            "type": "integer",
            "format": "int32"
          },
          "value": {
            "type": "array",
            "items": {
              "type": "object",
              "properties": {
                "requestReason": {
                  "type": "string",
                  "nullable": true,
                  "maxLength": 4
                },
                "requestReasonDesc": {
                  "type": "string",
                  "nullable": true,
                  "maxLength": 4
                },
                "requestAmount": {
                  "type": "object",
                  "properties": {
                    "content": {
                      "type": "number",
                      "nullable": true,
                      "format": "double"
                    },
                    "currencyCode": {
                      "type": "string",
                      "nullable": true,
                      "title": "Currency"
                    }
                  }
                },
                "transferContract": {
                  "type": "string",
                  "nullable": true,
                  "maxLength": 10
                },
                "installation": {
                  "type": "string",
                  "nullable": true,
                  "maxLength": 10
                },
                "transferSecurityDeposit": {
                  "type": "boolean",
                  "nullable": true
                },
                "releasedAmount": {
                  "type": "object",
                  "properties": {
                    "content": {
                      "type": "number",
                      "nullable": true,
                      "format": "double"
                    },
                    "currencyCode": {
                      "type": "string",
                      "nullable": true,
                      "title": "Currency"
                    }
                  }
                },
                "paidAmount": {
                  "type": "object",
                  "properties": {
                    "content": {
                      "type": "number",
                      "nullable": true,
                      "format": "double"
                    },
                    "currencyCode": {
                      "type": "string",
                      "nullable": true,
                      "title": "Currency"
                    }
                  }
                },
                "securityDepositId": {
                  "type": "string",
                  "nullable": true,
                  "maxLength": 12
                },
                "isNonCashIndicator": {
                  "type": "boolean",
                  "nullable": true
                }
              }
            }
          }
        }
      },
      "info": {
        "type": "object",
        "properties": {
          "info": {
            "type": "object",
            "properties": {
              "code": {
                "type": "string"
              },
              "details": {
                "type": "array",
                "items": {
                  "type": "object",
                  "properties": {
                    "message": {
                      "type": "string"
                    },
                    "target": {
                      "type": "string"
                    },
                    "code": {
                      "type": "string"
                    },
                    "severity": {
                      "type": "string",
                      "enum": [
                        "ERROR",
                        "WARNING",
                        "INFO"
                      ]
                    }
                  }
                }
              },
              "message": {
                "type": "string"
              },
              "target": {
                "type": "string"
              },
              "severity": {
                "type": "string",
                "enum": [
                  "ERROR",
                  "WARNING",
                  "INFO"
                ]
              }
            }
          }
        }
      }
    }
  },
  "security": [
    {
      "basicAuthentication": []
    }
  ],
  "paths": {
    "/sap/c4c/api/v1/move-integration-service/transferSecurityDeposit": {
      "get": {
        "operationId": "querymoveintegrationservice_transferSecurityDeposit",
        "tags": [
          "TransferSecurityDeposit"
        ],
        "summary": "Get Transfer Security Deposit data",
        "description": "Get Transfer Security Deposit data for transfer process",
        "parameters": [
          {
            "name": "$filter",
            "in": "query",
            "required": true,
            "schema": {
              "type": "string"
            },
            "examples": {
              "one": {
                "value": "contractAccountId eq 193330",
                "summary": "get transfer security deposit details filtered by contractAccountId"
              }
            },
            "description": "Retrieve Transfer Security Deposit data"
          }
        ],
        "responses": {
          "200": {
            "description": "Get Transfer Security Deposit data.",
            "content": {
              "application/json": {
                "schema": {
                  "allOf": [
                    {
                      "$ref": "#/components/schemas/QueryTransfersecuritydepositsdatafortransferprocessqueryresponse"
                    },
                    {
                      "$ref": "#/components/schemas/info"
                    }
                  ]
                }
              }
            }
          },
          "400": {
            "description": "Bad Request.\n\nThe server cannot process the request due to a client error. For example, an invalid request.",
            "content": {
              "application/json": {
                "schema": {
                  "$ref": "#/components/schemas/error"
                }
              }
            }
          },
          "401": {
            "description": "Unauthorized.\n\nThis error is caused when the request has not been applied because there are no valid authentication credentials for the target resource."
          },
          "403": {
            "description": "Forbidden.\n\nThis client error code indicates that the server understood the request but refuses to authorize it."
          },
          "500": {
            "description": "Internal Server Error.\n\nGet Transfer Security Deposit data.",
            "content": {
              "application/json": {
                "schema": {
                  "$ref": "#/components/schemas/error"
                }
              }
            }
          }
        }
      }
    }
  },
  "x-sap-shortText": "Manage entities from Query Transfer security deposits data for transfer process service.",
  "x-sap-extensible": {
    "supported": "automatic",
    "description": "You can create extension fields in the Query Transfer security deposits data for transfer process API by following the steps mentioned in https://help.sap.com/docs/CX_NG_SVC/2c87cece32844c91836e535aef8f9642/d3bdfac0c6b141c0bac27408c3ed159f.html?locale=en-US. The newly created extensions will be available in the API request and response body."
  }
}