{
  "openapi": "3.0.3",
  "info": {
    "title": "Open Api Specification for SAP CRM",
    "version": "0.1"
  },
  "paths": {
    "/sap/c4c/api/v1/inbound-data-connector-service/messages/sap.crm.md.integrationmetadataservice.entity.productS4ReplicationMessageIn": {
      "parameters": [
        {
          "name": "x-sap-crm-token",
          "in": "header",
          "required": true,
          "schema": {
            "type": "string"
          }
        }
      ],
      "post": {
        "operationId": "createmd.integrationmetadataservice_productS4ReplicationIn",
        "tags": [
          "/sap/c4c/api/v1/inbound-data-connector-service/messages/sap.crm.md.integrationmetadataservice.entity.productS4ReplicationMessageIn"
        ],
        "parameters": [],
        "requestBody": {
          "content": {
            "application/json": {
              "schema": {
                "title": "productS4ReplicationMessageIn_createrequest",
                "type": "object",
                "properties": {
                  "messageHeader": {},
                  "messageRequests": {
                    "type": "object",
                    "properties": {
                      "messageHeader": {},
                      "body": {
                        "type": "object",
                        "properties": {
                          "Messages": {
                            "type": "null"
                          },
                          "Data": {
                            "type": "object",
                            "properties": {
                              "ICMProductName": {
                                "type": "string"
                              },
                              "ICMProductType": {
                                "type": "string"
                              },
                              "ICMListPrice": {
                                "type": "object",
                                "properties": {
                                  "Value": {
                                    "type": "integer"
                                  },
                                  "Currency": {
                                    "type": "string"
                                  }
                                },
                                "required": [
                                  "Value",
                                  "Currency"
                                ]
                              },
                              "ICMProductCategoryName": {
                                "type": "object",
                                "properties": {
                                  "UniqueValues": {
                                    "type": "array",
                                    "items": {}
                                  },
                                  "DisplayValue": {
                                    "type": "string"
                                  }
                                },
                                "required": [
                                  "UniqueValues",
                                  "DisplayValue"
                                ]
                              },
                              "ICMProductCode": {
                                "type": "string"
                              },
                              "ICMAppSrcUnitofMeasure": {
                                "type": "string"
                              },
                              "ICMAgreementCode": {
                                "type": "string"
                              },
                              "Name": {
                                "type": "string"
                              },
                              "ICMParentContractType": {
                                "type": "string"
                              },
                              "TypeOfContract": {
                                "type": "string"
                              },
                              "ContractTypeName": {
                                "type": "string"
                              },
                              "OrgPath": {
                                "type": "string"
                              }
                            },
                            "required": [
                              "ICMProductName",
                              "ICMProductType",
                              "ICMListPrice",
                              "ICMProductCategoryName",
                              "ICMProductCode",
                              "ICMAppSrcUnitofMeasure",
                              "ICMAgreementCode",
                              "Name",
                              "ICMParentContractType",
                              "TypeOfContract",
                              "ContractTypeName",
                              "OrgPath"
                            ]
                          },
                          "HasMoreData": {
                            "type": "boolean"
                          },
                          "PagingData": {
                            "type": "null"
                          }
                        },
                        "required": [
                          "Messages",
                          "Data",
                          "HasMoreData",
                          "PagingData"
                        ]
                      }
                    }
                  }
                }
              }
            }
          }
        },
        "responses": {
          "201": {
            "description": "201 CREATED",
            "content": {
              "application/json": {
                "schema": {
                  "title": "productS4ReplicationMessageIn_postresponse",
                  "type": "object",
                  "properties": {
                    "value": {
                      "type": "object",
                      "properties": {
                        "messageHeader": {},
                        "messageRequests": {
                          "type": "object",
                          "properties": {
                            "messageHeader": {},
                            "body": {
                              "type": "object",
                              "properties": {
                                "Messages": {
                                  "type": "null"
                                },
                                "Data": {
                                  "type": "object",
                                  "properties": {
                                    "Id": {
                                      "type": "string"
                                    },
                                    "RequestCompleted": {
                                      "type": "boolean"
                                    }
                                  }
                                },
                                "HasMoreData": {
                                  "type": "boolean"
                                },
                                "PagingData": {
                                  "type": "null"
                                }
                              }
                            }
                          }
                        }
                      }
                    },
                    "info": {}
                  }
                }
              }
            }
          },
          "400": {
            "description": "400 BAD_REQUEST",
            "content": {
              "application/json": {
                "schema": {
                  "type": "object",
                  "properties": {
                    "Messages": {
                      "type": "array",
                      "items": {
                        "type": "object",
                        "properties": {
                          "MessageCode": {
                            "type": "integer"
                          },
                          "Message": {
                            "type": "string"
                          },
                          "Field": {
                            "type": "string"
                          }
                        }
                      }
                    },
                    "Data": {
                      "type": "object"
                    },
                    "HasMoreData": {
                      "type": "boolean"
                    },
                    "PagingData": {
                      "type": "object",
                      "properties": {
                        "RowsPerPage": {
                          "type": "integer"
                        },
                        "TotalNumberOfPages": {
                          "type": "integer"
                        },
                        "PageNumber": {
                          "type": "integer"
                        },
                        "TotalRowCount": {
                          "type": "integer"
                        }
                      }
                    }
                  }
                }
              }
            }
          },
          "401": {
            "description": "401 UNAUTHORIZED"
          },
          "403": {
            "description": "403 FORBIDDEN"
          },
          "404": {
            "description": "404 NOT_FOUND"
          },
          "500": {
            "description": "500 INTERNAL_SERVER_ERROR",
            "content": {
              "application/json": {
                "schema": {
                  "type": "object",
                  "properties": {
                    "Messages": {
                      "type": "array",
                      "items": {
                        "type": "object",
                        "properties": {
                          "MessageCode": {
                            "type": "integer"
                          },
                          "Message": {
                            "type": "string"
                          },
                          "Field": {
                            "type": "string"
                          }
                        }
                      }
                    },
                    "Data": {
                      "type": "object"
                    },
                    "HasMoreData": {
                      "type": "boolean"
                    },
                    "PagingData": {
                      "type": "object",
                      "properties": {
                        "RowsPerPage": {
                          "type": "integer"
                        },
                        "TotalNumberOfPages": {
                          "type": "integer"
                        },
                        "PageNumber": {
                          "type": "integer"
                        },
                        "TotalRowCount": {
                          "type": "integer"
                        }
                      }
                    }
                  }
                }
              }
            }
          }
        }
      }
    }
  }
}