{
  "swagger": "2.0",
  "info": {
    "title": "S/4 Sales Contracts",
    "version": "1.0.0"
  },
  "host": "salescontracts.sap.com",
  "basePath": "/salesContracts",
  "tags": [
    {
      "name": "salesContracts"
    }
  ],
  "schemes": [
    "https"
  ],
  "paths": {
    "/salesContracts": {
      "get": {
        "tags": [
          "salesContracts"
        ],
        "produces": [
          "application/json"
        ],
        "parameters": [
          {
            "in": "body",
            "name": "salesContractsRequest",
            "schema": {
              "$ref": "#/definitions/SalesContractsRequestMessage"
            }
          }
        ],
        "responses": {
          "200": {
            "description": "Successful",
            "schema": {
              "$ref": "#/definitions/SalesContractsResponseMessage"
            }
          },
          "400": {
            "description": "Invalid Parameters"
          }
        },
        "security": [
          {
            "api_key": []
          }
        ]
      }
    }
  },
  "securityDefinitions": {
    "api_key": {
      "type": "apiKey",
      "name": "api_key",
      "in": "header"
    }
  },
  "definitions": {
    "SalesContractsRequestMessage": {
      "type": "object",
      "properties": {
        "messageHeader": {
          "type": "object",
          "properties": {
            "id": {
              "type": "string"
            }
          }
        },
        "messageRequests": {
          "type": "array",
          "items": {
            "type": "object",
            "properties": {
              "messageHeader": {
                "type": "object",
                "properties": {
                  "id": {
                    "type": "string"
                  }
                }
              },
              "body": {
                "type": "object",
                "properties": {
                  "accountId": {
                    "type": "string"
                  },
                  "top": {
                    "type": "integer"
                  }
                }
              }
            }
          }
        }
      }
    },
    "SalesContractsResponseMessage": {
      "type": "object",
      "properties": {
        "messageResponses": {
          "type": "array",
          "items": {
		    "type": "object",
            "properties": {
              "body": {
                "type": "object",
                "properties": {
                  "count": {
                    "type": "integer"
                  },
                  "value": {
                    "type": "array",
                    "items": {
                      "type": "object",
                      "properties": {
                        "salesContractId": {
                          "type": "string"
                        },
                        "totalNetAmount": {
                          "type": "number"
                        },
                        "transactionCurrency": {
                          "type": "string"
                        },
                        "validityStartDate": {
                          "type": "string"
                        },
                        "validityEndDate": {
                          "type": "string"
                        }
                      }
                    }
                  }
                }
              }
            }
          }
        }
      }
	}
  }
}