{
    "openapi": "3.0.3",
    "info": {
        "title": "Get External Sales Order Out",
        "version": "1.0.0",
        "description": "Read sales order details from SAP S/4HANA"
    },
    "servers": [
        {
            "url": "https://{hostname}",
            "description": "Example of server url is https://my1234567.crm.cloud.sap",
            "variables": {
                "hostname": {
                    "default": ""
                }
            }
        }
    ],
    "components": {
        "securitySchemes": {
            "basicAuthentication": {
                "type": "http",
                "scheme": "basic"
            }
        },
        "schemas": {
            "error": {
                "type": "object",
                "properties": {
                    "error": {
                        "type": "object",
                        "properties": {
                            "code": {
                                "type": "string"
                            },
                            "details": {
                                "type": "array",
                                "items": {
                                    "type": "object",
                                    "properties": {
                                        "message": {
                                            "type": "string"
                                        },
                                        "code": {
                                            "type": "string"
                                        },
                                        "target": {
                                            "type": "string"
                                        }
                                    }
                                }
                            },
                            "message": {
                                "type": "string"
                            },
                            "target": {
                                "type": "string"
                            }
                        }
                    }
                }
            },
            "GetExternalSalesOrderOutcreaterequest": {
                "title": "Get External Sales Order Out create request",
                "type": "object",
                "properties": {
                    "externalSalesOrderDetails": {
                        "type": "array",
                        "items": {
                            "type": "object",
                            "properties": {
                                "displayId": {
                                    "type": "string",
                                    "nullable": true,
                                    "title": "lbl_displayId"
                                },
                                "type": {
                                    "type": "string",
                                    "nullable": true,
                                    "title": "lbl_type"
                                },
                                 "date": {
                                    "type": "string",
                                    "format": "date-time",
                                    "nullable": true
                                },
                                "soldToPartyDisplayId": {
                                    "type": "string",
                                    "nullable": true,
                                    "title": "lbl_soldToPartyDisplayId"
                                },
                                   "receiverSoldToPartyDisplayId": {
                                    "type": "string",
                                    "nullable": true,
                                    "title": "receiverSoldToPartyDisplayId"
                                },
                                "documentReason": {
                                    "type": "string",
                                    "nullable": true,
                                    "title": "lbl_documentReason"
                                },
                                "netAmount": {
                                    "type": "object",
                                    "properties": {
                                        "content": {
                                            "type": "number",
                                            "nullable": true,
                                            "format": "double"
                                        },
                                        "currencyCode": {
                                            "type": "string",
                                            "nullable": true
                                        }
                                    }
                                },
                                "processingStatus": {
                                    "type": "string",
                                    "nullable": true,
                                    "title": "lbl_processingStatus"
                                },
                                "rejectionStatus": {
                                    "type": "string",
                                    "nullable": true,
                                    "title": "lbl_rejectionStatus"
                                },
                                "approvalStatus": {
                                    "type": "string",
                                    "nullable": true,
                                    "title": "lbl_approvalStatus"
                                },
                                "creditCheckStatus": {
                                    "type": "string",
                                    "nullable": true,
                                    "title": "lbl_creditCheckStatus"
                                },
                                    "deliveryStatus": {
                                    "type": "string",
                                    "nullable": true,
                                    "title": "lbl_deliveryStatus"
                                }
                            }
                        }
                    }
                }
            },
            "GetExternalSalesOrderOutfile": {
                "title": "Get External Sales Order Out file",
                "type": "object",
                "properties": {
                    "value": {
                        "type": "object",
                        "properties": {
                            "externalSalesOrderDetails": {
                                "type": "array",
                                "items": {
                                    "type": "object",
                                    "properties": {
                                        "displayId": {
                                            "type": "string",
                                            "nullable": true,
                                            "title": "lbl_displayId"
                                        },
                                         "type": {
                                    "type": "string",
                                    "nullable": true,
                                    "title": "lbl_type"
                                },
                                        "date": {
                                            "type": "string",
                                            "format": "date-time",
                                            "nullable": true
                                        },
                                    "customerReferenceId": {
                                    "type": "string",
                                    "nullable": true,
                                    "title": "lbl_customerReferenceId"
                                    },    
                                    "soldToPartyDisplayId": {
                                            "type": "string",
                                            "nullable": true,
                                            "title": "lbl_soldToPartyDisplayId"
                                        },
                                    "receiverSoldToPartyDisplayId": {
                                    "type": "string",
                                    "nullable": true,
                                    "title": "lbl_receiverSoldToPartyDisplayId"
                                    },
                                    "shipToPartyDisplayId": {
                                    "type": "string",
                                    "nullable": true,
                                    "title": "lbl_shipToPartyDisplayId"
                                    },
                                    "receiverShipToPartyDisplayId": {
                                    "type": "string",
                                    "nullable": true,
                                    "title": "lbl_receiverShipToPartyDisplayId"
                                    },
                                        "documentReason": {
                                            "type": "string",
                                            "nullable": true,
                                            "title": "lbl_documentReason"
                                        },
                                        "netAmount": {
                                            "type": "object",
                                            "properties": {
                                                "content": {
                                                    "type": "number",
                                                    "nullable": true,
                                                    "format": "double"
                                                },
                                                "currencyCode": {
                                                    "type": "string",
                                                    "nullable": true
                                                }
                                            }
                                        },
                                        "processingStatus": {
                                            "type": "string",
                                            "nullable": true,
                                            "title": "lbl_processingStatus"
                                        },
                                        "rejectionStatus": {
                                            "type": "string",
                                            "nullable": true,
                                            "title": "lbl_rejectionStatus"
                                        },
                                        "approvalStatus": {
                                            "type": "string",
                                            "nullable": true,
                                            "title": "lbl_approvalStatus"
                                        },
                                        "creditCheckStatus": {
                                            "type": "string",
                                            "nullable": true,
                                            "title": "lbl_creditCheckStatus"
                                        },
                                    "deliveryStatus": {
                                    "type": "string",
                                    "nullable": true,
                                    "title": "lbl_deliveryStatus"
                                }
                                    }
                                }
                            }
                        }
                    }
                }
            }
        }
    },
    "security": [
        {
            "basicAuthentication": []
        }
    ],
    "paths": {
        "/sap/c4c/api/v1/http/c4c/s4/getExternalSalesOrderDetailsOut": {
            "post": {
                "operationId": "createsalesquoteservice_getExternalSalesOrderDetailsOut",
                "tags": [
                    "GetExternalSalesOrderDetailsOut"
                ],
                "summary": "Create data",
                "parameters": [],
                "requestBody": {
                    "content": {
                        "application/json": {
                            "schema": {
                                "$ref": "#/components/schemas/GetExternalSalesOrderOutcreaterequest"
                            }
                        }
                    }
                },
                "responses": {
                    "201": {
                        "description": "201 CREATED",
                        "content": {
                            "application/json": {
                                "schema": {
                                    "$ref": "#/components/schemas/GetExternalSalesOrderOutfile"
                                }
                            }
                        }
                    },
                    "400": {
                        "description": "400 BAD_REQUEST",
                        "content": {
                            "application/json": {
                                "schema": {
                                    "$ref": "#/components/schemas/error"
                                }
                            }
                        }
                    },
                    "401": {
                        "description": "401 UNAUTHORIZED"
                    },
                    "403": {
                        "description": "403 FORBIDDEN"
                    },
                    "404": {
                        "description": "404 NOT_FOUND"
                    },
                    "500": {
                        "description": "500 INTERNAL_SERVER_ERROR",
                        "content": {
                            "application/json": {
                                "schema": {
                                    "$ref": "#/components/schemas/error"
                                }
                            }
                        }
                    }
                }
            }
        }
    },
    "x-sap-shortText": "Manage entities from Get External Sales Order Out service."
}