{
	"openapi": "3.0.3",
	"info": {
		"title": "Payments Service",
		"version": "1.0.0",
		"description": "Payments \n\nUse this API to view and manage your payments"
	},
	"servers": [
		{
			"url": "https://{hostname}",
			"description": "Example of server url is https://my1234567.crm.cloud.sap",
			"variables": {
				"hostname": {
					"default": ""
				}
			}
		}
	],
	"components": {
		"securitySchemes": {
			"basicAuthentication": {
				"type": "http",
				"scheme": "basic"
			}
		},
		"schemas": {
			"error": {
				"type": "object",
				"properties": {
					"error": {
						"type": "object",
						"properties": {
							"code": {
								"type": "string"
							},
							"details": {
								"type": "array",
								"items": {
									"type": "object",
									"properties": {
										"message": {
											"type": "string"
										},
										"code": {
											"type": "string"
										},
										"target": {
											"type": "string"
										}
									}
								}
							},
							"message": {
								"type": "string"
							},
							"target": {
								"type": "string"
							}
						}
					}
				}
			},
			"Paymentsqueryresponse": {
				"title": "Payments query response",
				"type": "object",
				"properties": {
					"count": {
						"type": "integer",
						"format": "int32"
					},
					"value": {
						"type": "array",
						"items": {
							"type": "object",
							"properties": {
								"contractAccountId": {
									"type": "string",
									"nullable": true,
									"maxLength": 12,
									"title": "Contract Account ID"
								},
								"maximumCount": {
									"type": "integer",
									"nullable": true,
									"format": "int32"
								},
								"dateFrom": {
									"type": "string",
									"format": "date",
									"nullable": true
								},
								"dateTo": {
									"type": "string",
									"format": "date",
									"nullable": true
								},
								"postingDateFrom": {
									"type": "string",
									"format": "date",
									"nullable": true
								},
								"postingDateTo": {
									"type": "string",
									"format": "date",
									"nullable": true
								},
								"language": {
									"type": "string",
									"nullable": true,
									"maxLength": 2,
									"title": "lbl_lang"
								},
								"documentNumber": {
									"type": "string",
									"nullable": true,
									"maxLength": 12,
									"title": "Document Number"
								},
								"amountPaid": {
									"type": "object",
									"properties": {
										"content": {
											"type": "number",
											"nullable": true,
											"format": "double"
										},
										"currencyCode": {
											"type": "string",
											"nullable": true,
											"title": "Currency"
										}
									}
								},
								"postingDate": {
									"type": "string",
									"format": "date",
									"nullable": true
								},
								"clearedAmount": {
									"type": "object",
									"properties": {
										"content": {
											"type": "number",
											"nullable": true,
											"format": "double"
										},
										"currencyCode": {
											"type": "string",
											"nullable": true,
											"title": "Currency"
										}
									}
								},
								"origin": {
									"type": "string",
									"nullable": true,
									"maxLength": 2,
									"title": "lbl_origin"
								},
								"originDescription": {
									"type": "string",
									"nullable": true,
									"maxLength": 40,
									"title": "lbl_origin_description"
								},
								"openDocumentId": {
									"type": "string",
									"nullable": true,
									"maxLength": 12,
									"title": "Open Document ID"
								},
								"description": {
									"type": "string",
									"nullable": true,
									"maxLength": 40,
									"title": "Description"
								},
								"status": {
									"type": "string",
									"nullable": true,
									"maxLength": 2,
									"title": "Status"
								},
								"statusDescription": {
									"type": "string",
									"nullable": true,
									"maxLength": 40,
									"title": "lbl_status_description"
								},
								"category": {
									"type": "string",
									"nullable": true,
									"maxLength": 1,
									"title": "Category"
								},
								"categoryDescription": {
									"type": "string",
									"nullable": true,
									"maxLength": 100,
									"title": "Category Description"
								},
								"transactionalStatus": {
									"type": "string",
									"nullable": true,
									"maxLength": 40,
									"title": "Transactional Status"
								}
							}
						}
					}
				}
			},
			"info": {
				"type": "object",
				"properties": {
					"info": {
						"type": "object",
						"properties": {
							"code": {
								"type": "string"
							},
							"details": {
								"type": "array",
								"items": {
									"type": "object",
									"properties": {
										"message": {
											"type": "string"
										},
										"target": {
											"type": "string"
										},
										"code": {
											"type": "string"
										},
										"severity": {
											"type": "string",
											"enum": [
												"ERROR",
												"WARNING",
												"INFO"
											]
										}
									}
								}
							},
							"message": {
								"type": "string"
							},
							"target": {
								"type": "string"
							},
							"severity": {
								"type": "string",
								"enum": [
									"ERROR",
									"WARNING",
									"INFO"
								]
							}
						}
					}
				}
			}
		}
	},
	"security": [
		{
			"basicAuthentication": []
		}
	],
	"paths": {
		"/sap/c4c/api/v1/financials-integration-service/payments": {
			"get": {
				"operationId": "queryfinancialsservice_payments",
				"tags": [
					"Payments"
				],
				"summary": "Retrieve payment information for a contract account from the system.",
				"description": "Specify query parameters to return desired payment records from the system.",
				"parameters": [
					{
						"name": "$filter",
						"in": "query",
						"required": true,
						"schema": {
							"type": "string"
						},
						"examples": {
							"one": {
								"value": "contractAccountId eq 2023000",
								"summary": "Payment data"
							}
						},
						"description": "Filter payment by attribute."
					}
				],
				"responses": {
					"200": {
						"description": "Retrieved Payments",
						"content": {
							"application/json": {
								"schema": {
									"allOf": [
										{
											"$ref": "#/components/schemas/Paymentsqueryresponse"
										},
										{
											"$ref": "#/components/schemas/info"
										}
									]
								}
							}
						}
					},
					"401": {
						"description": "Unauthorized.\n\nThis error is caused when the request has not been applied because there are no valid authentication credentials for the target resource."
					},
					"403": {
						"description": "Forbidden.\n\nThis client error code indicates that the server understood the request but refuses to authorize it."
					},
					"500": {
						"description": "Internal Server Error.\n\nFailed to query Payments.",
						"content": {
							"application/json": {
								"schema": {
									"$ref": "#/components/schemas/error"
								}
							}
						}
					}
				}
			}
		}
	},
	"x-sap-shortText": "Manage entities from Payments service.",
	"x-sap-extensible": {
		"supported": "automatic",
		"description": "You can create extension fields in the Payments Service API by following the steps mentioned in https://help.sap.com/docs/CX_NG_SVC/2c87cece32844c91836e535aef8f9642/d3bdfac0c6b141c0bac27408c3ed159f.html?locale=en-US. The newly created extensions will be available in the API request and response body."
	}
}