{
	"openapi": "3.0.2",
	"info": {
		"title": "Product 4.0.0 Change Events",
		"version": "v1",
		"description": "Master Data Integration provides change events to inform systems about changes in the master data visible to the system. Which systems sees which change events is governed by the distribution model configured by the customer. To keep a consistent view on master data, systems should regularly poll for change events of relevant master data entity types in a background thread."
	},
	"servers": [
		{
			"url": "https://one-mds.cfapps.ap10.hana.ondemand.com"
		},
		{
			"url": "https://one-mds.cfapps.ap11.hana.ondemand.com"
		},
		{
			"url": "https://one-mds.cfapps.cn40.hana.ondemand.com"
		},
		{
			"url": "https://one-mds.cfapps.eu10.hana.ondemand.com"
		},
		{
			"url": "https://one-mds.cfapps.eu11.hana.ondemand.com"
		},
		{
			"url": "https://one-mds.cfapps.us10.hana.ondemand.com"
		}
	],
	"security": [
		{
			"OAuth2": []
		}
	],
	"externalDocs": {
		"description": "Official GitHub project for Master Data Integration service",
		"url": "https://github.wdf.sap.corp/re-wunder/ONEmasterdata"
	},
	"paths": {
		"/v1/odm/5.0.0/sap.odm.product.Product/events": {
			"get": {
				"tags": [
					"Change Events"
				],
				"summary": "Retrieve changes of all master data entity instances of the same entity type.",
				"description": "The log contains change events which encode changes to specific master data instances.\n\nSystem which sends change requests to the requests endpoint also find rejections here in case the service did not accept a specific change request.\n",
				"parameters": [
					{
						"name": "$deltatoken",
						"in": "query",
						"schema": {
							"type": "string"
						},
						"description": "The information that Master Data Integration has already sent to the client is encoded in a delta token. The `$deltatoken` can be used to fetch the next set of events.\nThe delta token is part of the `@odata.nextLink`/`@odata.deltaLink` field in the response.\nClients should use the provided next link or delta link for subsequent requests. Client must not attempt to append system query options to the next link or delta link.\nDelta tokens can become outdated. Requesting change events with an outdated delta token will lead to an \"outdated delta token error\" (409 Conflict).\n"
					},
					{
						"name": "pauseAtPhaseTransition",
						"in": "query",
						"schema": {
							"type": "boolean"
						},
						"description": "This flag is used to control whether Master Data Integration immediately starts the delta load after the initial load.\nIf this flag is not given or false, Master Data Integration may immediately continue with events from the next phase after a phase transition. For example, if an entity instance changes after the initial load started, the corresponding change event might show up in the same response as the last change event of the initial load. That is, the delta load phase would start immediately after the initial load phase.\nIf this flag is true, Master Data Integration will pause at the phase transition from initial load to delta load. That is, change events from initial load and delta load are not included in the same response, but Master Data Integration will finish the initial load with a `@odata.deltaLink` which can be used to start the delta load.\nNote that there is (currently) no guarantee of a pause at other phase transitions (for example, after processing a filter change).\n"
					},
					{
						"name": "includeInactiveLocalIds",
						"in": "query",
						"schema": {
							"type": "boolean"
						},
						"description": "Setting this parameter to true will show local identifiers with inactive status associated with master data entity instance."
					},
					{
						"$ref": "#/components/parameters/Accept"
					},
					{
						"name": "Prefer",
						"in": "header",
						"schema": {
							"type": "string"
						},
						"description": "The Prefer request header field is used to indicate that particular server behaviors are preferred by the client but are not required for successful completion of the request. See the [RFC7240](https://tools.ietf.org/html/rfc7240) for more details. MDI currently supports `odata.maxpagesize` value in Prefer. Specify \"odata.maxpagesize=n\" where `n` is the preferred number of events in the log send as response. This number is not binding and the master data integration service may send more or less events than the preferred amount.\n"
					},
					{
						"name": "IncludeAcceptedEvent",
						"in": "header",
						"schema": {
							"type": "boolean"
						},
						"description": "Setting this parameter to true will show accepted events as confirmations."
					},
					{
						"name": "IncludePrevious",
						"in": "header",
						"schema": {
							"type": "boolean"
						},
						"description": "Setting this parameter to true will include the previous state of an instance for each change event whenever possible."
					},
					{
						"name": "IncludeLatestChangeToken",
						"in": "header",
						"description": "Setting this parameter to true will include the latest change token that lead to the current state in the event log for initial load (Log API request without delta token). As in the continuous read with delta token, the change tokens will only be visible to the system that has authored the corresponding change request.",
						"schema": {
							"type": "boolean"
						}
					},
					{
						"name": "IncludeHeader",
						"in": "header",
						"schema": {
							"type": "boolean"
						},
						"description": "Setting this parameter to true will include additional metadata for each record in a top-level field `header`."
					}
				],
				"responses": {
					"200": {
						"$ref": "#/components/responses/200-rest"
					},
					"400": {
						"$ref": "#/components/responses/400"
					},
					"401": {
						"$ref": "#/components/responses/401"
					},
					"404": {
						"$ref": "#/components/responses/404"
					},
					"405": {
						"$ref": "#/components/responses/405"
					},
					"406": {
						"$ref": "#/components/responses/406"
					},
					"409": {
						"$ref": "#/components/responses/409"
					},
					"429": {
						"$ref": "#/components/responses/429"
					},
					"500": {
						"$ref": "#/components/responses/500"
					},
					"503": {
						"$ref": "#/components/responses/503"
					},
					"5XX": {
						"$ref": "#/components/responses/5XX"
					}
				}
			}
		}
	},
	"components": {
		"headers": {
			"Retry-After": {
				"schema": {
					"type": "integer"
				},
				"description": "If present, indicates how long the client should wait before making a follow-up request.\n\nThe non-negative integer indicates the seconds to delay before the next request.\n"
			}
		},
		"parameters": {
			"odmVersion": {
				"name": "odmVersion",
				"in": "path",
				"required": true,
				"description": "The full version number of the One Domain Model (ODM). Any full or partial instance data sent in the change request has to comply with the model in that version.",
				"schema": {
					"type": "string"
				}
			},
			"entityTypeName": {
				"name": "entityTypeName",
				"in": "path",
				"required": true,
				"description": "The fully qualified entity type name as defined in the One Domain Model (ODM).",
				"schema": {
					"type": "string"
				}
			},
			"Accept": {
				"name": "Accept",
				"in": "header",
				"description": "The Accept request header is used by clients to indicate preferences regarding the response media types.\n\nAdding the `IEEE754Compatible=true` format parameter indicates that the client is able to process numbers with higher precision and the service will serialize `Int64` and `Decimal` numbers as strings.\n\nIf specified as `IEEE754Compatible=false`, the service will serialize all numbers as JSON numbers.\n\nIf not specified, the service will default to the behavior of `IEEE754Compatible=false`.\n\nSee also [RFC9110 - 12.5.1 Accept ](https://www.rfc-editor.org/rfc/rfc9110.html#name-accept), [RFC\n7493](https://www.rfc-editor.org/rfc/rfc7493), and [OData v4.01 - 3.2 Controlling the Representation of Numbers](http://docs.oasis-open.org/odata/odata-json-format/v4.01/odata-json-format-v4.01.html#sec_ControllingtheRepresentationofNumber).\n",
				"schema": {
					"type": "string"
				}
			},
			"Content-Type": {
				"name": "Content-Type",
				"in": "header",
				"description": "The Content-Type request header is used by clients to indicate the media type of the request payload.\n\nAdding the `IEEE754Compatible=true` format parameter indicates that the client is sending Int64 and Decimal numbers serialized as strings to avoid loss of precision.\n\nIf specified as `IEEE754Compatible=false`, the client will serialize all numbers as JSON numbers in the payload.\n\nThe service will reject requests with a mismatch between specified Content-Type media type and request payload.\n\nIf not specified, the client may use either serialization, JSON numbers or strings, and even mix encodings in the payload.\n**Note**, that this is a deviation from below mentioned specifications.\n\nSee also [RFC9110 - 8.3 Content-Type](https://www.rfc-editor.org/rfc/rfc9110.html#name-content-type), [RFC 7493](https://www.rfc-editor.org/rfc/rfc7493), and [OData v4.01 - 3.2 Controlling the Representation of Numbers](http://docs.oasis-open.org/odata/odata-json-format/v4.01/odata-json-format-v4.01.html#sec_ControllingtheRepresentationofNumber).\n",
				"schema": {
					"type": "string"
				}
			}
		},
		"responses": {
			"202": {
				"description": "The 202 (Accepted) status code indicates that the change request has been accepted for asynchronous processing.\n\nThe change request can still be rejected during asynchronous processing.\nTo learn about the outcome of their change requests, systems should keep track of their change requests that have been accepted for asynchronous processing and use the change token to correlate fetched change events with sent change requests.\n"
			},
			"400": {
				"description": "The 400 (Bad Request) status code indicates that the server cannot or will not process the request due to something perceived as client error (e.g., malformed payload).",
				"content": {
					"application/json": {
						"schema": {
							"$ref": "#/components/schemas/GenericError"
						},
						"example": {
							"code": "InvalidJson",
							"message": "invalid json in request body"
						}
					}
				}
			},
			"401": {
				"description": "The 401 (Unauthorized) status code indicates that the request has not been applied because it lacks valid authentication credentials for the target resource.",
				"content": {
					"application/json": {
						"schema": {
							"$ref": "#/components/schemas/GenericError"
						},
						"example": {
							"code": "InvalidToken",
							"message": "Invalid access token."
						}
					}
				}
			},
			"403": {
				"description": "The 403 (Forbidden) status code indicates that the server understands the request but refuses to authorize it.",
				"content": {
					"application/json": {
						"schema": {
							"$ref": "#/components/schemas/GenericError"
						},
						"example": {
							"code": "InvalidGrantType",
							"message": "Invalid grant type received."
						}
					}
				}
			},
			"404": {
				"description": "The 404 (Not Found) status code indicates that the origin server did not find a current representation for the target resource or is not willing to disclose that one exists.",
				"content": {
					"application/json": {
						"schema": {
							"$ref": "#/components/schemas/GenericError"
						},
						"example": {
							"code": "ResourceNotFound",
							"message": "Requested resource not found"
						}
					}
				}
			},
			"405": {
				"description": "The 405 (Method Not Allowed) status code indicates that the server knows the request method, but the target resource doesn't support this method.\n",
				"content": {
					"application/json": {
						"schema": {
							"$ref": "#/components/schemas/GenericError"
						},
						"example": {
							"code": "MethodNotAllowed",
							"message": "HTTP method not allowed on the resource"
						}
					}
				}
			},
			"406": {
				"description": "The 406 (Not Acceptable) status code indicates that the server cannot produce a response matching the list of acceptable values defined in the request's proactive content negotiation headers, and that the server is unwilling to supply a default representation.\n",
				"content": {
					"application/json": {
						"schema": {
							"$ref": "#/components/schemas/GenericError"
						},
						"example": {
							"code": "ContentTypeNotAcceptable",
							"message": "Requested representation (content type as requested in the Accept header) not available for the resource\n"
						}
					}
				}
			},
			"408": {
				"description": "The 408 (Request Timeout) indicates that the request timed out and that the connection is to be shut down.",
				"content": {
					"application/json": {
						"schema": {
							"$ref": "#/components/schemas/GenericError"
						},
						"example": {
							"code": "RequestTimeout",
							"message": "request timeout"
						}
					}
				}
			},
			"409": {
				"description": "The 409 (Conflict) indicates a request conflict with the current state of the target resource.",
				"content": {
					"application/json": {
						"schema": {
							"$ref": "#/components/schemas/GenericError"
						},
						"example": {
							"code": "OutdatedDeltaToken",
							"message": "Sent delta token was too old, initial load needed to retrieve states"
						}
					}
				}
			},
			"410": {
				"description": "The 410 (Gone) indicates that the requested resource is no longer available.\nFor instance, this can happen if a client has waited too long to follow a delta link or a next link.",
				"content": {
					"application/json": {
						"schema": {
							"$ref": "#/components/schemas/GenericError"
						},
						"example": {
							"code": "OutdatedDeltaToken",
							"message": "Sent delta token was too old, initial load needed to retrieve states"
						}
					}
				}
			},
			"429": {
				"description": "The 429 (Too Many Requests) is sent when the client has sent too many requests in a given amount of time (\"rate limiting\").",
				"headers": {
					"Retry-After": {
						"schema": {
							"type": "integer"
						},
						"description": "If present, indicates how long the client should wait before making a follow-up request.\n\nThe non-negative integer indicates the seconds to delay before the next request.\n"
					}
				},
				"content": {
					"application/json": {
						"schema": {
							"$ref": "#/components/schemas/GenericError"
						},
						"example": {
							"code": "TooManyRequests",
							"message": "Client submitted to many requests"
						}
					}
				}
			},
			"500": {
				"description": "The 500 (Internal Server Error) status code indicates that the server encountered an unexpected condition that prevented it from fulfilling the request.",
				"headers": {
					"Retry-After": {
						"schema": {
							"type": "integer"
						},
						"description": "If present, indicates how long the client should wait before making a follow-up request.\n\nThe non-negative integer indicates the seconds to delay before the next request.\n"
					}
				},
				"content": {
					"application/json": {
						"schema": {
							"$ref": "#/components/schemas/GenericError"
						},
						"example": {
							"code": "PersistenceFailure",
							"message": "Error while reading from persistency"
						}
					}
				}
			},
			"503": {
				"description": "The 503 (Service Unavailable) status code indicates that the server cannot process the request at the moment.",
				"headers": {
					"Retry-After": {
						"schema": {
							"type": "integer"
						},
						"description": "If present, indicates how long the client should wait before making a follow-up request.\n\nThe non-negative integer indicates the seconds to delay before the next request.\n"
					}
				},
				"content": {
					"application/json": {
						"schema": {
							"$ref": "#/components/schemas/GenericError"
						},
						"example": {
							"code": "ServiceUnavailable",
							"message": "Service is temporarily not available"
						}
					}
				}
			},
			"200-rest": {
				"description": "The log contains change events which encode changes to specific master data instances.\n\nSystems which also attempt to change master data will also find rejections here in case the service did not accept a specific change.\n",
				"content": {
					"application/json": {
						"schema": {
							"$ref": "#/components/schemas/EventsResponse"
						}
					}
				}
			},
			"5XX": {
				"description": "Unexpected server error."
			},
			"202-batch": {
				"description": "The response indicates for each change request in the batch whether it is accepted for asynchronous processing.\n\nEntries in the response can be linked to the change requests in the batch via the change token. Entries for change requests that could not be accepted for asynchronous processing include an error message. If there is no error message given, the change request with that change token has been accepted for asynchronous processing.\n\nChange requests can still be rejected during asynchronous processing.\nTo learn about the outcome of their change requests, systems should keep track of their change requests that have been accepted for asynchronous processing and use the change token to correlate fetched change events with sent change requests.\n",
				"content": {
					"application/json": {
						"schema": {
							"$ref": "#/components/schemas/BatchResponse"
						}
					}
				}
			}
		},
		"securitySchemes": {
			"OAuth2": {
				"type": "oauth2",
				"description": "OAuth client credentials (client ID and secret) are required.",
				"flows": {
					"clientCredentials": {
						"tokenUrl": "{xsuaa_url}/oauth/token",
						"scopes": {
							"uaa.user": "Scope granted only to business users.",
							"Reconciliation.Write": "Request reconciliation of records to specific clients."
						}
					}
				}
			}
		},
		"schemas": {
			"ChangeToken": {
				"description": "A unique string chosen by the sending system for each change request.\n\nMaster Data Integration will process messages with the same change token only once (within a limited time frame).\nThis enables clients to resend change requests, if they run into a timeout and hence do not know whether or not the service processed their change request.\n\nClients can correlate fetched events with change request sent with the changeToken. The changeToken will only be visible to the system which also submitted the change request.\nOther systems accessing the events in the tenant will see the same change event without the change token.\n\nChange tokens are visible to the authoring system when requesting the events with a delta token.\n",
				"type": "string",
				"pattern": "^[A-Za-z0-9_-]{36}$"
			},
			"VersionId": {
				"type": "string",
				"minLength": 36,
				"maxLength": 36,
				"description": "A string value assigned by Master Data Integration to this particular state of the master data entity instance.\nAs master data changes over time objects will be in different states. The `versionId` denotes a specific state of the object.\nFor systems which are exclusively consuming the events from Master Data Integration, it is not strictly necessary to persist these values. They can, however, help in troubleshooting processes.\n"
			},
			"CompleteInstancePayload": {
				"type": "object",
				"required": [
					"id"
				],
				"properties": {
					"id": {
						"type": "string",
						"maxLength": 128
					},
					"displayId": {
						"type": "string",
						"maxLength": 40
					},
					"name": {
						"type": "array",
						"items": {
							"type": "object",
							"required": [
								"lang",
								"content"
							],
							"properties": {
								"lang": {
									"type": "string",
									"pattern": "^[a-z]{2}(?:-[A-z]{2})?$"
								},
								"content": {
									"type": "string",
									"maxLength": 255
								}
							}
						}
					},
					"description": {
						"type": "array",
						"items": {
							"type": "object",
							"required": [
								"lang",
								"content"
							],
							"properties": {
								"lang": {
									"type": "string",
									"pattern": "^[a-z]{2}(?:-[A-z]{2})?$"
								},
								"content": {
									"type": "string",
									"maxLength": 5000
								}
							}
						}
					},
					"type": {
						"type": "object",
						"required": [
							"code"
						],
						"properties": {
							"code": {
								"type": "string",
								"maxLength": 128
							}
						}
					},
					"productGroup": {
						"type": "object",
						"required": [
							"id"
						],
						"properties": {
							"id": {
								"type": "string",
								"maxLength": 128
							}
						}
					},
					"baseUnitOfMeasure": {
						"type": "object",
						"required": [
							"code"
						],
						"properties": {
							"code": {
								"type": "string",
								"maxLength": 128
							}
						}
					},
					"category": {
						"type": "object",
						"required": [
							"code"
						],
						"properties": {
							"code": {
								"type": "string",
								"maxLength": 128
							}
						}
					},
					"isBatchManagementRequired": {
						"type": "boolean"
					},
					"unitOfMeasures": {
						"type": "array",
						"items": {
							"type": "object",
							"required": [
								"measurementUnit"
							],
							"properties": {
								"measurementUnit": {
									"type": "object",
									"required": [
										"code"
									],
									"properties": {
										"code": {
											"type": "string",
											"maxLength": 128
										}
									}
								},
								"productDimensions": {
									"type": "array",
									"items": {
										"type": "object",
										"required": [
											"dimensionName"
										],
										"properties": {
											"dimensionName": {
												"type": "object",
												"required": [
													"code"
												],
												"properties": {
													"code": {
														"type": "string",
														"maxLength": 128
													}
												}
											},
											"dimensionValue": {
												"type": "string",
												"pattern": "^-?([1-9][0-9]{0,9}|[0])[.][0-9]{1,3}$"
											},
											"measurementUnit": {
												"type": "object",
												"required": [
													"code"
												],
												"properties": {
													"code": {
														"type": "string",
														"maxLength": 128
													}
												}
											}
										}
									}
								},
								"gtins": {
									"type": "array",
									"items": {
										"type": "object",
										"required": [
											"gtin"
										],
										"properties": {
											"gtin": {
												"type": "string",
												"maxLength": 18
											},
											"isMain": {
												"type": "boolean"
											}
										}
									}
								}
							}
						}
					},
					"unitOfMeasureConversions": {
						"type": "array",
						"items": {
							"type": "object",
							"required": [
								"measurementUnit1",
								"measurementUnit2"
							],
							"properties": {
								"measurementUnit1": {
									"type": "object",
									"required": [
										"code"
									],
									"properties": {
										"code": {
											"type": "string",
											"maxLength": 128
										}
									}
								},
								"measurementUnit2": {
									"type": "object",
									"required": [
										"code"
									],
									"properties": {
										"code": {
											"type": "string",
											"maxLength": 128
										}
									}
								},
								"quantityNumerator": {
									"type": "string",
									"pattern": "^-?([1-9][0-9]{0,16}|[0])[.][0-9]{1,14}$"
								},
								"quantityDenominator": {
									"type": "string",
									"pattern": "^-?([1-9][0-9]{0,16}|[0])[.][0-9]{1,14}$"
								}
							}
						}
					},
					"isMarkedForDeletion": {
						"type": "boolean"
					},
					"plants": {
						"type": "array",
						"items": {
							"type": "object",
							"required": [
								"plant"
							],
							"properties": {
								"plant": {
									"type": "object",
									"required": [
										"id"
									],
									"properties": {
										"id": {
											"type": "string",
											"maxLength": 128
										}
									}
								}
							}
						}
					},
					"salesAspect": {
						"type": "object",
						"properties": {
							"contractAccountingBillingCycle": {
								"type": "object",
								"required": [
									"code"
								],
								"properties": {
									"code": {
										"type": "string",
										"maxLength": 128
									}
								}
							},
							"productBillingCycleDetermination": {
								"type": "object",
								"required": [
									"code"
								],
								"properties": {
									"code": {
										"type": "string",
										"maxLength": 128
									}
								}
							},
							"contractAutoRenewalType": {
								"type": "object",
								"required": [
									"code"
								],
								"properties": {
									"code": {
										"type": "string",
										"maxLength": 128
									}
								}
							},
							"minimumDuration": {
								"type": "number"
							},
							"minimumDurationUnit": {
								"type": "object",
								"required": [
									"code"
								],
								"properties": {
									"code": {
										"type": "string",
										"maxLength": 128
									}
								}
							},
							"isInitialFixedDuration": {
								"type": "boolean"
							},
							"termOfNotice": {
								"type": "number"
							},
							"termOfNoticeUnit": {
								"type": "object",
								"required": [
									"code"
								],
								"properties": {
									"code": {
										"type": "string",
										"maxLength": 128
									}
								}
							},
							"withdrawalDuration": {
								"type": "number"
							},
							"withdrawalDurationUnit": {
								"type": "object",
								"required": [
									"code"
								],
								"properties": {
									"code": {
										"type": "string",
										"maxLength": 128
									}
								}
							},
							"defaultDuration": {
								"type": "number"
							},
							"durationUnit": {
								"type": "object",
								"required": [
									"code"
								],
								"properties": {
									"code": {
										"type": "string",
										"maxLength": 128
									}
								}
							},
							"defaultExtensionDuration": {
								"type": "number"
							},
							"extensionDurationUnit": {
								"type": "object",
								"required": [
									"code"
								],
								"properties": {
									"code": {
										"type": "string",
										"maxLength": 128
									}
								}
							},
							"salesStatus": {
								"type": "object",
								"required": [
									"code"
								],
								"properties": {
									"code": {
										"type": "string",
										"maxLength": 128
									}
								}
							},
							"salesStatusValidityDate": {
								"type": "string",
								"format": "date"
							},
							"itemCategoryGroup": {
								"type": "object",
								"required": [
									"code"
								],
								"properties": {
									"code": {
										"type": "string",
										"maxLength": 128
									}
								}
							},
							"salesTaxes": {
								"type": "array",
								"items": {
									"type": "object",
									"required": [
										"country",
										"taxType"
									],
									"properties": {
										"country": {
											"type": "object",
											"required": [
												"code"
											],
											"properties": {
												"code": {
													"type": "string",
													"maxLength": 128
												}
											}
										},
										"taxType": {
											"type": "object",
											"required": [
												"code"
											],
											"properties": {
												"code": {
													"type": "string",
													"maxLength": 128
												}
											}
										},
										"taxRateType": {
											"type": "object",
											"required": [
												"code"
											],
											"properties": {
												"code": {
													"type": "string",
													"maxLength": 128
												}
											}
										}
									}
								}
							},
							"salesDistributionChains": {
								"type": "array",
								"items": {
									"type": "object",
									"required": [
										"distributionChannel",
										"salesOrganization"
									],
									"properties": {
										"defaultDuration": {
											"type": "number"
										},
										"durationUnit": {
											"type": "object",
											"required": [
												"code"
											],
											"properties": {
												"code": {
													"type": "string",
													"maxLength": 128
												}
											}
										},
										"defaultExtensionDuration": {
											"type": "number"
										},
										"extensionDurationUnit": {
											"type": "object",
											"required": [
												"code"
											],
											"properties": {
												"code": {
													"type": "string",
													"maxLength": 128
												}
											}
										},
										"isMarkedForDeletion": {
											"type": "boolean"
										},
										"distributionChannel": {
											"type": "object",
											"required": [
												"code"
											],
											"properties": {
												"code": {
													"type": "string",
													"maxLength": 128
												}
											}
										},
										"salesOrganization": {
											"type": "object",
											"required": [
												"id"
											],
											"properties": {
												"id": {
													"type": "string",
													"maxLength": 128
												}
											}
										},
										"itemCategoryGroup": {
											"type": "object",
											"required": [
												"code"
											],
											"properties": {
												"code": {
													"type": "string",
													"maxLength": 128
												}
											}
										},
										"salesMeasureUnit": {
											"type": "object",
											"required": [
												"code"
											],
											"properties": {
												"code": {
													"type": "string",
													"maxLength": 128
												}
											}
										},
										"salesStatus": {
											"type": "object",
											"required": [
												"code"
											],
											"properties": {
												"code": {
													"type": "string",
													"maxLength": 128
												}
											}
										},
										"salesStatusValidityDate": {
											"type": "string",
											"format": "date"
										},
										"salesText": {
											"type": "array",
											"items": {
												"type": "object",
												"required": [
													"lang",
													"content"
												],
												"properties": {
													"lang": {
														"type": "string",
														"pattern": "^[a-z]{2}(?:-[A-z]{2})?$"
													},
													"content": {
														"type": "string",
														"maxLength": 5000
													}
												}
											}
										},
										"alternativeDuration1": {
											"type": "number"
										},
										"alternativeDuration2": {
											"type": "number"
										},
										"alternativeExtensionDuration1": {
											"type": "number"
										},
										"alternativeExtensionDuration2": {
											"type": "number"
										},
										"ratePlans": {
											"type": "array",
											"items": {
												"type": "object",
												"required": [
													"division"
												],
												"properties": {
													"division": {
														"type": "object",
														"required": [
															"code"
														],
														"properties": {
															"code": {
																"type": "string",
																"maxLength": 128
															}
														}
													},
													"ratePlan": {
														"type": "object",
														"required": [
															"id"
														],
														"properties": {
															"id": {
																"type": "string",
																"maxLength": 128
															}
														}
													}
												}
											}
										}
									}
								}
							},
							"division": {
								"type": "object",
								"required": [
									"code"
								],
								"properties": {
									"code": {
										"type": "string",
										"maxLength": 128
									}
								}
							}
						}
					},
					"procurementAspect": {
						"type": "object",
						"properties": {
							"orderUnit": {
								"type": "object",
								"required": [
									"code"
								],
								"properties": {
									"code": {
										"type": "string",
										"maxLength": 128
									}
								}
							},
							"procurementPlants": {
								"type": "array",
								"items": {
									"type": "object",
									"required": [
										"plant"
									],
									"properties": {
										"plant": {
											"type": "object",
											"required": [
												"id"
											],
											"properties": {
												"id": {
													"type": "string",
													"maxLength": 128
												}
											}
										},
										"purchasingGroup": {
											"type": "object",
											"required": [
												"id"
											],
											"properties": {
												"id": {
													"type": "string",
													"maxLength": 128
												}
											}
										}
									}
								}
							}
						}
					}
				}
			},
			"LocalIdContext": {
				"type": "object",
				"description": "context for local identifiers corresponding to master data entity instance.\n",
				"required": [
					"application",
					"tenant"
				],
				"properties": {
					"application": {
						"description": "The application identified for the local identifier.",
						"type": "string"
					},
					"tenant": {
						"description": "The tenant identifier for the local identifier in the application.",
						"type": "string"
					},
					"type": {
						"description": "The fully qualified master data entity type name as defined in the One Domain Model (ODM).",
						"type": "string"
					},
					"additionalContext": {
						"description": "Optional additional details to ensure uniqueness of local identifiers Context.",
						"type": "string"
					}
				},
				"example": {
					"application": "s4",
					"tenant": "ET_503",
					"type": "sap.odm.finance.costobject.CostCenter",
					"additionalContext": "4132"
				}
			},
			"LocalId": {
				"type": "object",
				"description": "local identifiers corresponding to master data entity instance.\n",
				"required": [
					"context",
					"localId"
				],
				"properties": {
					"context": {
						"$ref": "#/components/schemas/LocalIdContext"
					},
					"localId": {
						"description": "The local identifier of master data entity instance for given context.",
						"type": "string"
					},
					"status": {
						"description": "The status of local identifier of master data entity instance.",
						"type": "string",
						"enum": [
							"active",
							"inactive"
						]
					}
				}
			},
			"Header": {
				"type": "object",
				"description": "Additional metadata filled by Master Data Integration for a record.\n\nOnly included with `IncludeHeader` request parameter set to true.\n",
				"properties": {
					"lastSignificantWriter": {
						"description": "Information identifying the client considered to be the last significant writer of the record.\n\nRecords may not have a a \"last significant writer\" in which case this field will be omitted.\n",
						"type": "object",
						"properties": {
							"clientId": {
								"description": "The Master Date Integration client id of the last significant writer.",
								"type": "string",
								"maxLength": 36
							},
							"globalTenantId": {
								"description": "A name for the last significant writer (client) following the Globally Unique Tenant ID (GTID) specification.\n\nThe `globalTenantId` field is **not** guaranteed to be eventually consistent.\nThat is, consuming the log at different times can result in different values for the `globalTenantId` field of records.\n\nChange events will contain a `globalTenantId` value which was configured at any time for the sending client.\nWhen clients do two subsequent calls to Events API, the second call may have older values of `globalTenantId` than the first call.\n\nMaster Data Integration will omit the field in case a `globalTenantId` mapping cannot be determined.\nThis can happen in the following cases:\n\n- the instance was created without `globalTenantId` value\n- the `globalTenantId` was removed from the instance\n- the client was offboarded\n\nThe client id mapping for the GTID can be configured per client in the BTP cockpit.\nMaster Data Integration will reflect changes to the configuration earliest on the next change event for the record a client receives.\nIn particular, just changing the configuration will not result in a new change event.\n",
								"type": "string",
								"minLength": 1,
								"maxLength": 40
							},
							"logsys": {
								"description": "The identifier of the logical system of the last significant writer.\n\nThe `logsys` field is **not** guaranteed to be eventually consistent.\nThat is, consuming the log at different times can result in different values for the `logsys` field of records.\n\nChange events will contain a `logsys` value which was configured at any time for the sending client.\nWhen clients do two subsequent calls to Events API, the second call may have older values of `logsys` than the first call.\n\nMaster Data Integration will omit it in case a `logsys` mapping cannot be determined.\nThis can happen in the following cases:\n\n- if the instance was created without `logsys` value\n- if it was removed\n- if the client was offboarded\n\nThe client id mapping for the logical system can be configured per client in the BTP cockpit.\nMaster Data Integration will reflect changes to the configuration earliest on the next change event for the record a client receives.\nIn particular, just changing the configuration will not result in a new change event.\n",
								"type": "string",
								"minLength": 1,
								"maxLength": 10
							}
						},
						"required": [
							"clientId"
						]
					}
				},
				"example": {
					"lastSignificantWriter": {
						"clientId": "d0e4ec15-cc1e-4ea3-8cbb-c357de252b07",
						"globalTenantId": "2c0d9205-8e4e-427c-81cc-cf56004da50b",
						"logsys": "ER1"
					}
				}
			},
			"CreatedEvent": {
				"type": "object",
				"properties": {
					"event": {
						"type": "string",
						"enum": [
							"created"
						],
						"description": "A string value denoting the type of this change event.\n`created` event is sent when a master data object instance is first replicated to a receiving system by Master Data Integration. Note that there is no guaranteed correlation between change requests and change event types.\n"
					},
					"changeToken": {
						"$ref": "#/components/schemas/ChangeToken"
					},
					"versionId": {
						"$ref": "#/components/schemas/VersionId"
					},
					"instance": {
						"$ref": "#/components/schemas/CompleteInstancePayload"
					},
					"localIds": {
						"type": "array",
						"items": {
							"$ref": "#/components/schemas/LocalId"
						}
					},
					"header": {
						"$ref": "#/components/schemas/Header"
					}
				},
				"required": [
					"event",
					"versionId",
					"instance"
				]
			},
			"UpdatedEvent": {
				"type": "object",
				"properties": {
					"event": {
						"type": "string",
						"enum": [
							"updated"
						],
						"description": "A string value denoting the type of this change event.\n`updated` event is sent when a master data object instance changes that was already replicated to the receiving system by Master Data Integration in an earlier “created” event. Note that there is no guaranteed correlation between change requests and change event types.\n"
					},
					"changeToken": {
						"$ref": "#/components/schemas/ChangeToken"
					},
					"versionId": {
						"$ref": "#/components/schemas/VersionId"
					},
					"instance": {
						"$ref": "#/components/schemas/CompleteInstancePayload"
					},
					"previousInstance": {
						"$ref": "#/components/schemas/CompleteInstancePayload"
					},
					"localIds": {
						"type": "array",
						"items": {
							"$ref": "#/components/schemas/LocalId"
						}
					},
					"header": {
						"$ref": "#/components/schemas/Header"
					}
				},
				"required": [
					"event",
					"versionId",
					"instance"
				]
			},
			"InstanceIdentifier": {
				"type": "object",
				"required": [
					"id"
				],
				"properties": {
					"id": {
						"type": "string",
						"maxLength": 128
					}
				}
			},
			"DeletedEvent": {
				"type": "object",
				"properties": {
					"event": {
						"type": "string",
						"enum": [
							"deleted"
						],
						"description": "A string value denoting the type of this change event.\n`deleted` event is sent when a master data object instance that was previously replicated to the receiving system by Master Data Integration has been deleted. Note that there is no guaranteed correlation between change requests and change event types.\n"
					},
					"changeToken": {
						"$ref": "#/components/schemas/ChangeToken"
					},
					"versionId": {
						"$ref": "#/components/schemas/VersionId"
					},
					"instance": {
						"$ref": "#/components/schemas/InstanceIdentifier"
					},
					"header": {
						"$ref": "#/components/schemas/Header"
					}
				},
				"required": [
					"event",
					"versionId",
					"instance"
				]
			},
			"MetadataUpdatedEvent": {
				"type": "object",
				"properties": {
					"event": {
						"type": "string",
						"enum": [
							"metadataUpdated"
						],
						"description": "A string value denoting the type of this change event. `.yaml'metadataUpdated.yaml'` event may be sent when the metadata of an entity instance changes but the instance data does not change. Master Data Integration may reuse the version id in metadataUpdated event.\nNote that there is no guaranteed correlation between change requests and change event types.\n"
					},
					"changeToken": {
						"$ref": "#/components/schemas/ChangeToken"
					},
					"versionId": {
						"$ref": "#/components/schemas/VersionId"
					},
					"instance": {
						"$ref": "#/components/schemas/InstanceIdentifier"
					},
					"localIds": {
						"type": "array",
						"items": {
							"$ref": "#/components/schemas/LocalId"
						}
					},
					"header": {
						"$ref": "#/components/schemas/Header"
					}
				},
				"required": [
					"event",
					"instance",
					"versionId"
				]
			},
			"IncludedEvent": {
				"type": "object",
				"properties": {
					"event": {
						"type": "string",
						"enum": [
							"included"
						],
						"description": "A string value denoting the type of this change event.\n`included` event is sent when a master data object instance that was previously “excluded” will be replicated again. This can happen because the properties of the master data object instance changes or because the filter configuration changes. Note that there is no guaranteed correlation between change requests and change event types.\n"
					},
					"changeToken": {
						"$ref": "#/components/schemas/ChangeToken"
					},
					"versionId": {
						"$ref": "#/components/schemas/VersionId"
					},
					"instance": {
						"$ref": "#/components/schemas/CompleteInstancePayload"
					},
					"localIds": {
						"type": "array",
						"items": {
							"$ref": "#/components/schemas/LocalId"
						}
					},
					"header": {
						"$ref": "#/components/schemas/Header"
					}
				},
				"required": [
					"event",
					"versionId",
					"instance"
				]
			},
			"DistributionReasonDetail": {
				"type": "object",
				"properties": {
					"code": {
						"type": "string",
						"enum": [
							"replaced"
						]
					},
					"message": {
						"type": "string"
					}
				},
				"required": [
					"code"
				]
			},
			"DistributionReason": {
				"type": "object",
				"properties": {
					"code": {
						"type": "string",
						"enum": [
							"replaced"
						]
					},
					"message": {
						"type": "string"
					},
					"details": {
						"type": "array",
						"items": {
							"$ref": "#/components/schemas/DistributionReasonDetail"
						}
					}
				},
				"required": [
					"code"
				]
			},
			"ExcludedEvent": {
				"type": "object",
				"properties": {
					"event": {
						"type": "string",
						"enum": [
							"excluded"
						],
						"description": "A string value denoting the type of this change event.\n`excluded` event is sent when a master data object instance that was previously replicated to the receiving system by Master Data Integration will no longer be replicated due to filters. This can happen because the properties of the master data object instance changes or because the filter configuration changes. Note that there is no guaranteed correlation between change requests and change event types.\n"
					},
					"changeToken": {
						"$ref": "#/components/schemas/ChangeToken"
					},
					"versionId": {
						"$ref": "#/components/schemas/VersionId"
					},
					"instance": {
						"$ref": "#/components/schemas/InstanceIdentifier"
					},
					"previousInstance": {
						"$ref": "#/components/schemas/CompleteInstancePayload"
					},
					"reason": {
						"$ref": "#/components/schemas/DistributionReason"
					}
				},
				"required": [
					"event",
					"versionId",
					"instance"
				]
			},
			"AcceptedEvent": {
				"type": "object",
				"properties": {
					"event": {
						"type": "string",
						"enum": [
							"accepted"
						],
						"description": "A string value denoting the type of this change event.\n`accepted` event is sent when MDI accepted a change request but the corresponding change event cannot be exposed due to the master data object instance not being replicated because of filters. This event is sent only to the sender of the change request to provide confirmation. Note that there is no guaranteed correlation between change requests and change event types.\n"
					},
					"changeToken": {
						"$ref": "#/components/schemas/ChangeToken"
					},
					"versionId": {
						"$ref": "#/components/schemas/VersionId"
					},
					"instance": {
						"$ref": "#/components/schemas/InstanceIdentifier"
					}
				},
				"required": [
					"event",
					"versionId",
					"instance"
				]
			},
			"RejectionReason": {
				"type": "object",
				"properties": {
					"error": {
						"type": "object",
						"properties": {
							"code": {
								"type": "string"
							},
							"message": {
								"type": "string"
							},
							"details": {
								"type": "array",
								"items": {
									"type": "object",
									"properties": {
										"code": {
											"type": "string"
										},
										"message": {
											"type": "string"
										}
									}
								}
							}
						}
					}
				}
			},
			"RejectedEvent": {
				"type": "object",
				"properties": {
					"event": {
						"type": "string",
						"enum": [
							"rejected"
						],
						"description": "A string value denoting the type of this change event.\n`rejected` event is sent when a change request by the receiving system was rejected by Master Data Integration. Note that there is no guaranteed correlation between change requests and change event types.\n"
					},
					"changeToken": {
						"$ref": "#/components/schemas/ChangeToken"
					},
					"reason": {
						"$ref": "#/components/schemas/RejectionReason"
					}
				},
				"required": [
					"event",
					"changeToken",
					"reason"
				]
			},
			"EventsResponse": {
				"type": "object",
				"properties": {
					"@odata.nextLink": {
						"description": "An opaque, service generated link to be used by the client to retrieve subsequent updates to master data records. The link consists of an URL path and URL query parts.\nIt contains the `$deltatoken` query parameter which can be used to fetch next set of events.\nThe next link indicates a partial result and points to the next page of results. The final partial set of change events does not contain a next link, but instead contains a delta link.\n",
						"type": "string"
					},
					"@odata.deltaLink": {
						"description": "An opaque, service generated link to be used by the client to retrieve subsequent updates to master data records. The link consists of an URL path and URL query parts.\nIt contains the `$deltatoken` query parameter which can be used to fetch next set of events.\nIf `pauseAtPhaseTransition` is set to true, the first delta link indicates the end of the initial load.\n",
						"type": "string"
					},
					"value": {
						"type": "array",
						"items": {
							"anyOf": [
								{
									"$ref": "#/components/schemas/CreatedEvent"
								},
								{
									"$ref": "#/components/schemas/UpdatedEvent"
								},
								{
									"$ref": "#/components/schemas/DeletedEvent"
								},
								{
									"$ref": "#/components/schemas/MetadataUpdatedEvent"
								},
								{
									"$ref": "#/components/schemas/IncludedEvent"
								},
								{
									"$ref": "#/components/schemas/ExcludedEvent"
								},
								{
									"$ref": "#/components/schemas/AcceptedEvent"
								},
								{
									"$ref": "#/components/schemas/RejectedEvent"
								}
							]
						}
					}
				},
				"required": [
					"value",
					"@odata.nextLink",
					"@odata.deltaLink"
				]
			},
			"ErrorDetails": {
				"type": "object",
				"required": [
					"code",
					"message"
				],
				"properties": {
					"code": {
						"description": "a technical code for the error situation to be used for support purposes.",
						"type": "string"
					},
					"message": {
						"description": "a message describing the error",
						"type": "string"
					}
				}
			},
			"GenericError": {
				"type": "object",
				"description": "Error responses follow the Common Structure as defined by the [SAP REST API Harmonization Direction](https://github.tools.sap/northstar/integration-kernel-services/blob/master/ap-iks-api-guidance/rest-api-harmonization/1.4.md#error-response-common-structure).\n",
				"properties": {
					"code": {
						"description": "a technical code for the error situation to be used for support purposes.",
						"type": "string"
					},
					"message": {
						"description": "a message describing the error",
						"type": "string"
					},
					"details": {
						"description": "if applicable, contains nested error responses in an array of JSON objects that have `code` and `message`` properties with the same semantics as described above.",
						"type": "array",
						"items": {
							"$ref": "#/components/schemas/ErrorDetails"
						}
					},
					"target": {
						"description": "describes a data element, e.g., a resource path.",
						"type": "string"
					}
				},
				"required": [
					"code",
					"message"
				]
			},
			"ChangeTokenResponse": {
				"type": "object",
				"properties": {
					"changeToken": {
						"description": "A unique string chosen by the sending system for each change request.\n\nMaster Data Integration will process messages with the same change token only once (within a limited time frame).\nThis enables clients to resend change requests, if they run into a timeout and hence do not know whether or not the service accepted their change request.\n\nClients can correlate fetched events with change request sent with the changeToken. The changeToken will only be visible to the system which also submitted the change request.\nOther systems accessing the events in the tenant will see the same change event without the change token.\n\nChange tokens are visible to the authoring system when requesting the events with a delta token.\n",
						"type": "string",
						"example": "change-token-example-1"
					}
				}
			},
			"ValidationError": {
				"type": "object",
				"required": [
					"code",
					"message",
					"severity"
				],
				"properties": {
					"code": {
						"type": "string",
						"example": "ValidationError"
					},
					"message": {
						"type": "string",
						"example": "Element 'sap.odm.businesspartner.BusinessPartner.displayIds' is not valid"
					},
					"severity": {
						"type": "string",
						"example": "error"
					}
				}
			},
			"BatchError": {
				"type": "object",
				"required": [
					"code",
					"message",
					"details",
					"severity"
				],
				"properties": {
					"code": {
						"type": "string",
						"example": "ExampleErrorCode"
					},
					"message": {
						"type": "string",
						"example": "Example Error message."
					},
					"details": {
						"type": "array",
						"items": {
							"anyOf": [
								{
									"$ref": "#/components/schemas/ValidationError"
								}
							]
						}
					}
				}
			},
			"BatchErrorOuter": {
				"type": "object",
				"required": [
					"changeToken",
					"@Core.DataModificationException"
				],
				"properties": {
					"changeToken": {
						"$ref": "#/components/schemas/ChangeToken"
					},
					"@Core.DataModificationException": {
						"type": "object",
						"properties": {
							"failedOperation": {
								"type": "string",
								"example": "insert"
							},
							"responseCode": {
								"type": "string",
								"example": "400"
							},
							"info": {
								"$ref": "#/components/schemas/BatchError"
							},
							"severity": {
								"type": "string",
								"example": "error"
							}
						}
					}
				}
			},
			"BatchResponse": {
				"type": "object",
				"properties": {
					"@odata.context": {
						"description": "This field is added to support the OData compliance. MDI by default will send \"#$delta\" value in this field. Customers can ignore this field.\n",
						"type": "string"
					},
					"value": {
						"type": "array",
						"description": "Whether each change request in the batch is accepted for asynchronous processing.\n",
						"items": {
							"oneOf": [
								{
									"$ref": "#/components/schemas/ChangeTokenResponse"
								},
								{
									"$ref": "#/components/schemas/BatchErrorOuter"
								}
							]
						}
					}
				},
				"required": [
					"@odata.context",
					"value"
				]
			}
		}
	},
	"x-sap-shortText": "Polling this API will allow a client to stay up to date with the remaining part of the landscape. The available event stream is controlled via the configured distribution models.",
	"x-sap-api-type": "REST",
	"x-sap-visibility": "Public",
	"x-sap-releaseStatus": "Active",
	"x-sap-extensible": {
		"supported": "no"
	}
}