{
    "openapi": "3.0.3",
    "info": {
        "title": "Manual Posting Service",
        "version": "1.0.0",
        "description": "Use this API for Manual Posting"
    },
    "servers": [
        {
            "url": "https://{hostname}",
            "description": "Example of server url is https://my1234567.crm.cloud.sap",
            "variables": {
                "hostname": {
                    "default": ""
                }
            }
        }
    ],
    "components": {
        "securitySchemes": {
            "basicAuthentication": {
                "type": "http",
                "scheme": "basic"
            }
        },
        "schemas": {
            "error": {
                "type": "object",
                "properties": {
                    "error": {
                        "type": "object",
                        "properties": {
                            "code": {
                                "type": "string"
                            },
                            "details": {
                                "type": "array",
                                "items": {
                                    "type": "object",
                                    "properties": {
                                        "message": {
                                            "type": "string"
                                        },
                                        "code": {
                                            "type": "string"
                                        },
                                        "target": {
                                            "type": "string"
                                        }
                                    }
                                }
                            },
                            "message": {
                                "type": "string"
                            },
                            "target": {
                                "type": "string"
                            }
                        }
                    }
                }
            },
            "ManualPostingcreaterequest": {
                "title": "Manual Posting create request",
                "type": "object",
                "properties": {
                    "businessPartner": {
                        "type": "string",
                        "nullable": true,
                        "maxLength": 10,
                        "title": "Business Partner"
                    },
                    "contractAccount": {
                        "type": "string",
                        "nullable": true,
                        "maxLength": 12,
                        "title": "Contact Account"
                    },
                    "amount": {
                        "type": "object",
                        "properties": {
                            "content": {
                                "type": "number",
                                "nullable": true,
                                "format": "double"
                            },
                            "currencyCode": {
                                "type": "string",
                                "nullable": true,
                                "title": "Currency"
                            }
                        }
                    },
                    "profile": {
                        "type": "string",
                        "nullable": true,
                        "maxLength": 10,
                        "title": "Profile"
                    },
                    "audit": {
                        "type": "object",
                        "properties": {
                            "userId": {
                                "type": "string",
                                "nullable": true,
                                "title": "User ID"
                            },
                            "businessSystemId": {
                                "type": "string",
                                "nullable": true,
                                "title": "Business System ID"
                            }
                        }
                    },
                    "extensions": {
                        "type": "object",
                        "properties": {
                            "testDate": {
                                "type": "string",
                                "format": "date",
                                "nullable": true
                            },
                            "TestDate": {
                                "type": "string",
                                "format": "date",
                                "nullable": true
                            },
                            "TestObject": {
                                "type": "object",
                                "properties": {
                                    "content": {
                                        "type": "number",
                                        "nullable": true,
                                        "format": "double"
                                    },
                                    "currencyCode": {
                                        "type": "string",
                                        "nullable": true
                                    }
                                }
                            },
                            "TestCodeList": {
                                "type": "string",
                                "nullable": true,
                                "enum": [
                                    "01",
                                    "02"
                                ],
                                "title": "Test Code List"
                            },
                            "RefNo1": {
                                "type": "string",
                                "nullable": true,
                                "maxLength": 10,
                                "title": "Ref No 1"
                            },
                            "refNo2": {
                                "type": "string",
                                "nullable": true,
                                "maxLength": 10,
                                "title": "Ref No 2"
                            },
                            "RefNo2": {
                                "type": "string",
                                "nullable": true,
                                "maxLength": 10,
                                "title": "Ref No 2"
                            }
                        }
                    }
                }
            },
            "ManualPostingfile": {
                "title": "Manual Posting file",
                "type": "object",
                "properties": {
                    "value": {
                        "type": "object",
                        "properties": {
                            "businessPartner": {
                                "type": "string",
                                "nullable": true,
                                "maxLength": 10,
                                "title": "Business Partner"
                            },
                            "contractAccount": {
                                "type": "string",
                                "nullable": true,
                                "maxLength": 12,
                                "title": "Contact Account"
                            },
                            "amount": {
                                "type": "object",
                                "properties": {
                                    "content": {
                                        "type": "number",
                                        "nullable": true,
                                        "format": "double"
                                    },
                                    "currencyCode": {
                                        "type": "string",
                                        "nullable": true,
                                        "title": "Currency"
                                    }
                                }
                            },
                            "profile": {
                                "type": "string",
                                "nullable": true,
                                "maxLength": 10,
                                "title": "Profile"
                            },
                            "audit": {
                                "type": "object",
                                "properties": {
                                    "userId": {
                                        "type": "string",
                                        "nullable": true,
                                        "title": "User ID"
                                    },
                                    "businessSystemId": {
                                        "type": "string",
                                        "nullable": true,
                                        "title": "Business System ID"
                                    }
                                }
                            },
                            "extensions": {
                                "type": "object",
                                "properties": {
                                    "testDate": {
                                        "type": "string",
                                        "format": "date",
                                        "nullable": true
                                    },
                                    "TestDate": {
                                        "type": "string",
                                        "format": "date",
                                        "nullable": true
                                    },
                                    "TestObject": {
                                        "type": "object",
                                        "properties": {
                                            "content": {
                                                "type": "number",
                                                "nullable": true,
                                                "format": "double"
                                            },
                                            "currencyCode": {
                                                "type": "string",
                                                "nullable": true
                                            }
                                        }
                                    },
                                    "TestCodeList": {
                                        "type": "string",
                                        "nullable": true,
                                        "enum": [
                                            "01",
                                            "02"
                                        ],
                                        "title": "Test Code List"
                                    },
                                    "RefNo1": {
                                        "type": "string",
                                        "nullable": true,
                                        "maxLength": 10,
                                        "title": "Ref No 1"
                                    },
                                    "refNo2": {
                                        "type": "string",
                                        "nullable": true,
                                        "maxLength": 10,
                                        "title": "Ref No 2"
                                    },
                                    "RefNo2": {
                                        "type": "string",
                                        "nullable": true,
                                        "maxLength": 10,
                                        "title": "Ref No 2"
                                    }
                                }
                            }
                        }
                    }
                }
            },
            "info": {
                "type": "object",
                "properties": {
                    "info": {
                        "type": "object",
                        "properties": {
                            "code": {
                                "type": "string"
                            },
                            "details": {
                                "type": "array",
                                "items": {
                                    "type": "object",
                                    "properties": {
                                        "message": {
                                            "type": "string"
                                        },
                                        "target": {
                                            "type": "string"
                                        },
                                        "code": {
                                            "type": "string"
                                        },
                                        "severity": {
                                            "type": "string",
                                            "enum": [
                                                "ERROR",
                                                "WARNING",
                                                "INFO"
                                            ]
                                        }
                                    }
                                }
                            },
                            "message": {
                                "type": "string"
                            },
                            "target": {
                                "type": "string"
                            },
                            "severity": {
                                "type": "string",
                                "enum": [
                                    "ERROR",
                                    "WARNING",
                                    "INFO"
                                ]
                            }
                        }
                    }
                }
            }
        }
    },
    "security": [
        {
            "basicAuthentication": []
        }
    ],
    "paths": {
        "/sap/c4c/api/v1/financials-integration-service/manualPosting": {
            "post": {
                "operationId": "createfinancialsservice_manualPosting",
                "tags": [
                    "ManualPosting"
                ],
                "summary": "Manual Posting",
                "description": "Perform Manual Posting",
                "parameters": [],
                "requestBody": {
                    "content": {
                        "application/json": {
                            "schema": {
                                "$ref": "#/components/schemas/ManualPostingcreaterequest"
                            },
                            "examples": {
                                "one": {
                                    "value": {
                                        "businessPartner": "7000003991",
                                        "contractAccount": "2022000",
                                        "amount": {
                                            "content": "1",
                                            "currencyCode": "EUR"
                                        },
                                        "profile": "CREDIT1",
                                        "audit": {
                                            "userId": "JINGERSOLL",
                                            "businessSystemId": "C4C"
                                        }
                                    },
                                    "summary": "Manual Posting"
                                }
                            }
                        }
                    }
                },
                "responses": {
                    "201": {
                        "description": "Manual Posting created",
                        "content": {
                            "application/json": {
                                "schema": {
                                    "allOf": [
                                        {
                                            "$ref": "#/components/schemas/ManualPostingfile"
                                        },
                                        {
                                            "$ref": "#/components/schemas/info"
                                        }
                                    ]
                                }
                            }
                        }
                    },
                    "400": {
                        "description": "Bad Request.\n\nThe server cannot process the request due to a client error. For example, an invalid request.",
                        "content": {
                            "application/json": {
                                "schema": {
                                    "$ref": "#/components/schemas/error"
                                }
                            }
                        }
                    },
                    "401": {
                        "description": "Unauthorized.\n\nThis error is caused when the request has not been applied because there are no valid authentication credentials for the target resource."
                    },
                    "403": {
                        "description": "Forbidden.\n\nThis client error code indicates that the server understood the request but refuses to authorize it."
                    },
                    "500": {
                        "description": "Internal Server Error.\n\nFailed to perform Manual Posting.",
                        "content": {
                            "application/json": {
                                "schema": {
                                    "$ref": "#/components/schemas/error"
                                }
                            }
                        }
                    }
                }
            }
        }
    },
    "x-sap-shortText": "Manage entities from Manual Posting service.",
    "x-sap-extensible": {
        "supported": "automatic",
        "description": "You can create extension fields in the Manual Posting Service API by following the steps mentioned in https://help.sap.com/docs/CX_NG_SVC/2c87cece32844c91836e535aef8f9642/d3bdfac0c6b141c0bac27408c3ed159f.html?locale=en-US. The newly created extensions will be available in the API request and response body."
    }
}