<?xml version="1.0" encoding="UTF-8"?>
<edmx:Edmx Version="1.0" xmlns:edmx="http://schemas.microsoft.com/ado/2007/06/edmx" xmlns:m="http://schemas.microsoft.com/ado/2007/08/dataservices/metadata" xmlns:sap="http://www.sap.com/Protocols/SAPData"><edmx:DataServices m:DataServiceVersion="2.0"><Schema Namespace="SHCM.API_MANAGE_WF_AVAILABILITY" xml:lang="en" sap:schema-version="1" xmlns="http://schemas.microsoft.com/ado/2008/09/edm"><EntityType Name="TimeOverview" sap:content-version="1"><Key><PropertyRef Name="Personworkagreementexternalid"/><PropertyRef Name="Companycode"/><PropertyRef Name="Calendardate"/></Key><Property Name="Personworkagreementexternalid" Type="Edm.String" Nullable="false" MaxLength="20" sap:unicode="false" sap:label="Work Agrmnt Ext ID" sap:updatable="false"/><Property Name="Companycode" Type="Edm.String" Nullable="false" MaxLength="4" sap:unicode="false" sap:label="Company Code" sap:updatable="false"/><Property Name="Personworkagreement" Type="Edm.String" MaxLength="8" sap:unicode="false" sap:label="Object ID" sap:updatable="false"/><Property Name="Calendardate" Type="Edm.DateTime" Nullable="false" Precision="7" sap:unicode="false" sap:label="Valid On" sap:updatable="false"/><Property Name="Plannedworkinghours" Type="Edm.Decimal" Precision="5" Scale="2" sap:unicode="false" sap:label="Working hours" sap:sortable="false" sap:filterable="false"/><Property Name="Plannedstarttime" Type="Edm.Time" Precision="0" sap:unicode="false" sap:label="Work Start" sap:sortable="false" sap:filterable="false"/><Property Name="Plannedendtime" Type="Edm.Time" Precision="0" sap:unicode="false" sap:label="End of Work" sap:sortable="false" sap:filterable="false"/><Property Name="Publicholidayclass" Type="Edm.String" MaxLength="1" sap:unicode="false" sap:label="Holiday class"/><Property Name="Isnonworkingday" Type="Edm.Boolean" sap:unicode="false" sap:label="no work"/><Property Name="Absencehours" Type="Edm.Decimal" Precision="5" Scale="2" sap:unicode="false" sap:label="Absence hours" sap:sortable="false" sap:filterable="false"/><Property Name="Attendancehours" Type="Edm.Decimal" Precision="5" Scale="2" sap:unicode="false" sap:label="Attendance hrs" sap:sortable="false" sap:filterable="false"/><Property Name="Overtimehours" Type="Edm.Decimal" Precision="5" Scale="2" sap:unicode="false" sap:label="Overtime hrs" sap:sortable="false" sap:filterable="false"/></EntityType><EntityContainer Name="SHCM_API_MANAGE_WF_AVAILABILITY_Entities" m:IsDefaultEntityContainer="true" sap:supported-formats="atom json xlsx"><EntitySet Name="TimeOverviewSet" EntityType="SHCM.API_MANAGE_WF_AVAILABILITY.TimeOverview" sap:creatable="false" sap:updatable="false" sap:deletable="false" sap:pageable="false" sap:content-version="1"/></EntityContainer><atom:link rel="self" href="https://cc2-715.wdf.sap.corp:443/sap/opu/odata/SHCM/API_MANAGE_WF_AVAILABILITY/$metadata" xmlns:atom="http://www.w3.org/2005/Atom"/><atom:link rel="latest-version" href="https://cc2-715.wdf.sap.corp:443/sap/opu/odata/SHCM/API_MANAGE_WF_AVAILABILITY/$metadata" xmlns:atom="http://www.w3.org/2005/Atom"/></Schema></edmx:DataServices></edmx:Edmx>