<?xml version="1.0" encoding="utf-8"?><edmx:Edmx Version="1.0" xmlns:edmx="http://schemas.microsoft.com/ado/2007/06/edmx" xmlns:m="http://schemas.microsoft.com/ado/2007/08/dataservices/metadata" xmlns:sap="http://www.sap.com/Protocols/SAPData"><edmx:DataServices m:DataServiceVersion="2.0"><Schema Namespace="/SHCM/EMP_TIME_OVERVIEW_SRV" xml:lang="en" sap:schema-version="1" xmlns="http://schemas.microsoft.com/ado/2008/09/edm"><EntityType Name="TimeOverview" sap:content-version="1"><Key><PropertyRef Name="Companyid"/><PropertyRef Name="ExtEmployeeID"/><PropertyRef Name="ExtEmploymentID"/><PropertyRef Name="Sourcesystem"/><PropertyRef Name="Validitydate"/></Key><Property Name="Companyid" Type="Edm.String" Nullable="false" MaxLength="4" sap:label="Company ID" sap:sortable="false" sap:filterable="false"/><Property Name="ExtEmployeeID" Type="Edm.String" Nullable="false" MaxLength="38" sap:label="External Employee ID" sap:sortable="false" sap:filterable="false"/><Property Name="ExtEmploymentID" Type="Edm.String" Nullable="false" MaxLength="100" sap:label="External Employment ID" sap:sortable="false" sap:filterable="false"/><Property Name="Sourcesystem" Type="Edm.String" Nullable="false" MaxLength="80" sap:label="Source System" sap:sortable="false" sap:filterable="false"/><Property Name="Pernr" Type="Edm.String" MaxLength="8" sap:label="Personnel no." sap:creatable="false" sap:updatable="false" sap:sortable="false" sap:filterable="false"/><Property Name="Validitydate" Type="Edm.DateTime" Nullable="false" Precision="7" sap:display-format="Date" sap:label="Valid On" sap:sortable="false" sap:filterable="false"/><Property Name="Extapplication" Type="Edm.String" Nullable="false" MaxLength="5" sap:label="External appl." sap:sortable="false" sap:filterable="false"/><Property Name="Regularhours" Type="Edm.Decimal" Precision="5" Scale="2" sap:label="Working hours" sap:sortable="false" sap:filterable="false"/><Property Name="Regularbegin" Type="Edm.Time" Precision="0" sap:label="Work Start" sap:sortable="false" sap:filterable="false"/><Property Name="Regularend" Type="Edm.Time" Precision="0" sap:label="End of Work" sap:sortable="false" sap:filterable="false"/><Property Name="Holidayclass" Type="Edm.String" MaxLength="1" sap:label="Holiday class" sap:sortable="false" sap:filterable="false"/><Property Name="Nonworking" Type="Edm.Boolean" sap:label="Non Working" sap:sortable="false" sap:filterable="false"/><Property Name="Absencehours" Type="Edm.Decimal" Precision="5" Scale="2" sap:label="Absence hours" sap:sortable="false" sap:filterable="false"/><Property Name="Attendancehours" Type="Edm.Decimal" Precision="5" Scale="2" sap:label="Attendance hours" sap:sortable="false" sap:filterable="false"/><Property Name="Overtimehours" Type="Edm.Decimal" Precision="5" Scale="2" sap:label="Overtime hours" sap:sortable="false" sap:filterable="false"/></EntityType><EntityContainer Name="/SHCM/EMP_TIME_OVERVIEW_SRV_Entities" m:IsDefaultEntityContainer="true" sap:supported-formats="atom json xlsx"><EntitySet Name="TimeOverviewSet" EntityType="/SHCM/EMP_TIME_OVERVIEW_SRV.TimeOverview" sap:deletable="false" sap:searchable="true" sap:pageable="false" sap:content-version="1"/></EntityContainer><atom:link rel="self" href="https://ldai2ccf.wdf.sap.corp:44300/sap/opu/odata/SHCM/EMP_TIME_OVERVIEW_SRV/$metadata" xmlns:atom="http://www.w3.org/2005/Atom"/><atom:link rel="latest-version" href="https://ldai2ccf.wdf.sap.corp:44300/sap/opu/odata/SHCM/EMP_TIME_OVERVIEW_SRV/$metadata" xmlns:atom="http://www.w3.org/2005/Atom"/></Schema></edmx:DataServices></edmx:Edmx>