<A_Product>
    <A_ProductType>
      <CreationDate>2023-11-27T00:00:00.000</CreationDate>
      <ProductGroup>A001</ProductGroup>
      <LowLevelCode></LowLevelCode>
      <SizeOrDimensionText></SizeOrDimensionText>
      <CreatedByUser>SAP_SYSTEM</CreatedByUser>
      <CountryOfOrigin></CountryOfOrigin>
      <Product>A001</Product>
      <ProductStandardID></ProductStandardID>
      <IsPilferable>false</IsPilferable>
      <to_Plant>
        <A_ProductPlantType>
          <ProductionInvtryManagedLoc></ProductionInvtryManagedLoc>
          <PeriodType>M</PeriodType>
          <IsInternalBatchManaged>false</IsInternalBatchManaged>
          <ProductCFOPCategory></ProductCFOPCategory>
          <HasPostToInspectionStock>false</HasPostToInspectionStock>
          <HasConsignmentCtrl></HasConsignmentCtrl>
          <ConsumptionTaxCtrlCode></ConsumptionTaxCtrlCode>
          <ProfileValidityStartDate/>
          <CountryOfOrigin></CountryOfOrigin>
          <Product>A001</Product>
          <IsMarkedForDeletion>false</IsMarkedForDeletion>
          <AvailabilityCheckType></AvailabilityCheckType>
          <RegionOfOrigin></RegionOfOrigin>
          <IsBatchManagementRequired>false</IsBatchManagementRequired>
          <Plant>3810</Plant>
          <Commodity></Commodity>
          <GoodsReceiptBlockedStockQty>0.000</GoodsReceiptBlockedStockQty>
          <MRPResponsible></MRPResponsible>
          <MRPType></MRPType>
          <StockInTransferQuantity>0.000</StockInTransferQuantity>
          <MinimumLotSizeQuantity>0.000</MinimumLotSizeQuantity>
          <PurchasingGroup></PurchasingGroup>
          <MaximumLotSizeQuantity>0.000</MaximumLotSizeQuantity>
          <to_StorageLocation/>
          <ProfitCenter>YB101</ProfitCenter>
          <ABCIndicator></ABCIndicator>
          <GoodsReceiptDuration>0</GoodsReceiptDuration>
          <FiscalMonthCurrentPeriod>5</FiscalMonthCurrentPeriod>
          <FiscalYearCurrentPeriod>2023</FiscalYearCurrentPeriod>
          <StockInTransitQuantity>0.000</StockInTransitQuantity>
          <ProcurementType></ProcurementType>
          <ProductIsConfigurable></ProductIsConfigurable>
          <ProfileCode></ProfileCode>
          <FixedLotSizeQuantity>0.000</FixedLotSizeQuantity>
          <StockDeterminationGroup></StockDeterminationGroup>
          <IsNegativeStockAllowed>false</IsNegativeStockAllowed>
          <FiscalYearVariant></FiscalYearVariant>
          <SerialNumberProfile></SerialNumberProfile>
          <MaintenanceStatusName>EV</MaintenanceStatusName>
          <IsCoProduct>false</IsCoProduct>
        </A_ProductPlantType>
      </to_Plant>
      <VolumeUnit></VolumeUnit>
      <WarehouseProductGroup></WarehouseProductGroup>
      <WarehouseStorageCondition></WarehouseStorageCondition>
      <MaterialVolume>0.000</MaterialVolume>
      <ManufacturerPartProfile></ManufacturerPartProfile>
      <CrossPlantStatus></CrossPlantStatus>
      <CrossPlantStatusValidityDate/>
      <TimeUnitForQuarantinePeriod></TimeUnitForQuarantinePeriod>
      <GrossWeight>0.000</GrossWeight>
      <InternationalArticleNumberCat></InternationalArticleNumberCat>
      <SourceOfSupply></SourceOfSupply>
      <ProductType>SERV</ProductType>
      <ItemCategoryGroup>PSTE</ItemCategoryGroup>
      <ProcurementRule></ProcurementRule>
      <BaseUnit>AU</BaseUnit>
      <ProductOldID></ProductOldID>
      <VarblPurOrdUnitIsActive></VarblPurOrdUnitIsActive>
      <LastChangedByUser>SAP_SYSTEM</LastChangedByUser>
      <Brand></Brand>
      <MaximumPackagingWidth>0.000</MaximumPackagingWidth>
      <QuarantinePeriod>0</QuarantinePeriod>
      <PurchaseOrderQuantityUnit></PurchaseOrderQuantityUnit>
      <ProductHierarchy></ProductHierarchy>
      <AuthorizationGroup></AuthorizationGroup>
      <StandardHandlingUnitType></StandardHandlingUnitType>
      <MaterialRevisionLevel></MaterialRevisionLevel>
      <ValidityStartDate/>
      <ExternalProductGroup></ExternalProductGroup>
      <to_Description>
	  <A_ProductDescriptionType>
          <Language>FR</Language>
          <Product>A001</Product>
          <ProductDescription>On account to be billed FR</ProductDescription>
        </A_ProductDescriptionType>
        <A_ProductDescriptionType>
          <Language>EN</Language>
          <Product>A001</Product>
          <ProductDescription>On account to be billed EN</ProductDescription>
        </A_ProductDescriptionType>
		 <A_ProductDescriptionType>
          <Language>CZ</Language>
          <Product>A001</Product>
          <ProductDescription>On account to be billed CZ</ProductDescription>
        </A_ProductDescriptionType>
        <A_ProductDescriptionType>
          <Language>BG</Language>
          <Product>A001</Product>
          <ProductDescription>По сметка за изготв.на сметка BG</ProductDescription>
        </A_ProductDescriptionType>
      </to_Description>
      <CrossPlantConfigurableProduct></CrossPlantConfigurableProduct>
      <ProductManufacturerNumber></ProductManufacturerNumber>
      <MaximumPackagingLength>0.000</MaximumPackagingLength>
      <HasVariableTareWeight>false</HasVariableTareWeight>
      <ANPCode>0</ANPCode>
      <WeightUnit>KG</WeightUnit>
      <ProdNoInGenProdInPrepackProd></ProdNoInGenProdInPrepackProd>
      <IsMarkedForDeletion>false</IsMarkedForDeletion>
      <CompetitorID></CompetitorID>
      <QualityInspectionGroup></QualityInspectionGroup>
      <IsBatchManagementRequired>false</IsBatchManagementRequired>
      <IsRelevantForHzdsSubstances>false</IsRelevantForHzdsSubstances>
      <Division></Division>
      <SerialIdentifierAssgmtProfile></SerialIdentifierAssgmtProfile>
      <AdjustmentProfile></AdjustmentProfile>
      <SerialNoExplicitnessLevel></SerialNoExplicitnessLevel>
      <PreferredUnitOfMeasure></PreferredUnitOfMeasure>
      <HandlingIndicator></HandlingIndicator>
      <HandlingUnitType></HandlingUnitType>
      <NetWeight>0.000</NetWeight>
      <ProductIsConfigurable>false</ProductIsConfigurable>
      <IndustryStandardName></IndustryStandardName>
      <SerialNumberProfile></SerialNumberProfile>
      <LastChangeDate>2024-02-03T00:00:00.000</LastChangeDate>
      <ChangeNumber></ChangeNumber>
      <MaximumPackagingHeight>0.000</MaximumPackagingHeight>
    </A_ProductType>
</A_Product>