{
	"openapi": "3.0.3",
	"info": {
		"title": "Contract Account",
		"version": "1.0.0",
		"description": "Contract Account \n\nUse this API to Create or Update the contract account"
	},
	"servers": [
		{
			"url": "https://{hostname}",
			"description": "Example of server url is https://my1234567.crm.cloud.sap",
			"variables": {
				"hostname": {
					"default": ""
				}
			}
		}
	],
	"components": {
		"securitySchemes": {
			"basicAuthentication": {
				"type": "http",
				"scheme": "basic"
			}
		},
		"schemas": {
			"error": {
				"type": "object",
				"properties": {
					"error": {
						"type": "object",
						"properties": {
							"code": {
								"type": "string"
							},
							"details": {
								"type": "array",
								"items": {
									"type": "object",
									"properties": {
										"message": {
											"type": "string"
										},
										"code": {
											"type": "string"
										},
										"target": {
											"type": "string"
										}
									}
								}
							},
							"message": {
								"type": "string"
							},
							"target": {
								"type": "string"
							}
						}
					}
				}
			},
			"ContractAccountcreaterequest": {
				"title": "Contract Account create request",
				"type": "object",
				"properties": {
					"businessPartner": {
						"type": "object",
						"properties": {
							"id": {
								"type": "string",
								"nullable": true,
								"maxLength": 10,
								"title": "Business Partner ID"
							},
							"category": {
								"type": "string",
								"nullable": true,
								"maxLength": 1,
								"title": "lbl_business_partner_category"
							}
						}
					},
					"contractAccount": {
						"type": "object",
						"properties": {
							"id": {
								"type": "string",
								"nullable": true,
								"maxLength": 12,
								"title": "Contract Account"
							},
							"name": {
								"type": "string",
								"nullable": true,
								"maxLength": 35,
								"title": "Contract Account Name"
							},
							"category": {
								"type": "string",
								"nullable": true,
								"maxLength": 2,
								"title": "Category"
							},
							"paymentMethodIn": {
								"type": "string",
								"nullable": true,
								"maxLength": 1,
								"title": "In Payment Method"
							},
							"paymentMethodInDescription": {
								"type": "string",
								"nullable": true,
								"maxLength": 30,
								"title": "Payment Method In Description"
							},
							"paymentMethodOut": {
								"type": "string",
								"nullable": true,
								"maxLength": 5,
								"title": "Out Payment Method"
							},
							"paymentMethodOutDescription": {
								"type": "string",
								"nullable": true,
								"maxLength": 30,
								"title": "Payment Method Out Description"
							},
							"dunningProcedure": {
								"type": "string",
								"nullable": true,
								"maxLength": 2,
								"title": "Dunning Procedure"
							},
							"taxJurisdictionCode": {
								"type": "string",
								"nullable": true,
								"maxLength": 15,
								"title": "Tax Jurisdiction Code"
							},
							"accountDeterminationId": {
								"type": "string",
								"nullable": true,
								"maxLength": 2,
								"title": "Account Determination ID"
							},
							"accountClass": {
								"type": "string",
								"nullable": true,
								"maxLength": 4,
								"title": "Account Class"
							},
							"invoiceDeliveryMethod": {
								"type": "string",
								"nullable": true,
								"maxLength": 4,
								"title": "Invoice Delivery Method"
							},
							"collectionStrategy": {
								"type": "string",
								"nullable": true,
								"maxLength": 2,
								"title": "Collection Strategy"
							},
							"paymentTerms": {
								"type": "string",
								"nullable": true,
								"maxLength": 4,
								"title": "lbl_payment_terms"
							},
							"toleranceGroup": {
								"type": "string",
								"nullable": true,
								"maxLength": 4,
								"title": "Tolerance Group"
							},
							"fixedAddressNo": {
								"type": "string",
								"nullable": true,
								"maxLength": 10,
								"title": "Fixed Address Number"
							},
							"fixedAddress": {
								"type": "string",
								"nullable": true,
								"maxLength": 60,
								"title": "Fixed Address"
							},
							"applicationForm": {
								"type": "string",
								"nullable": true,
								"maxLength": 30,
								"title": "Bill Form"
							}
						}
					},
					"auditLog": {
						"type": "object",
						"properties": {
							"userId": {
								"type": "string",
								"nullable": true,
								"title": "User Name"
							},
							"businessSystemId": {
								"type": "string",
								"nullable": true,
								"title": "Business System"
							}
						}
					}
				}
			},
			"ContractAccountfile": {
				"title": "Contract Account file",
				"type": "object",
				"properties": {
					"value": {
						"type": "object",
						"properties": {
							"businessPartner": {
								"type": "object",
								"properties": {
									"id": {
										"type": "string",
										"nullable": true,
										"maxLength": 10,
										"title": "Business Partner ID"
									},
									"category": {
										"type": "string",
										"nullable": true,
										"maxLength": 1,
										"title": "lbl_business_partner_category"
									}
								}
							},
							"contractAccount": {
								"type": "object",
								"properties": {
									"id": {
										"type": "string",
										"nullable": true,
										"maxLength": 12,
										"title": "Contract Account"
									},
									"name": {
										"type": "string",
										"nullable": true,
										"maxLength": 35,
										"title": "Contract Account Name"
									},
									"category": {
										"type": "string",
										"nullable": true,
										"maxLength": 2,
										"title": "Category"
									},
									"paymentMethodIn": {
										"type": "string",
										"nullable": true,
										"maxLength": 1,
										"title": "In Payment Method"
									},
									"paymentMethodInDescription": {
										"type": "string",
										"nullable": true,
										"maxLength": 30,
										"title": "Payment Method In Description"
									},
									"paymentMethodOut": {
										"type": "string",
										"nullable": true,
										"maxLength": 5,
										"title": "Out Payment Method"
									},
									"paymentMethodOutDescription": {
										"type": "string",
										"nullable": true,
										"maxLength": 30,
										"title": "Payment Method Out Description"
									},
									"dunningProcedure": {
										"type": "string",
										"nullable": true,
										"maxLength": 2,
										"title": "Dunning Procedure"
									},
									"taxJurisdictionCode": {
										"type": "string",
										"nullable": true,
										"maxLength": 15,
										"title": "Tax Jurisdiction Code"
									},
									"accountDeterminationId": {
										"type": "string",
										"nullable": true,
										"maxLength": 2,
										"title": "Account Determination ID"
									},
									"accountClass": {
										"type": "string",
										"nullable": true,
										"maxLength": 4,
										"title": "Account Class"
									},
									"invoiceDeliveryMethod": {
										"type": "string",
										"nullable": true,
										"maxLength": 4,
										"title": "Invoice Delivery Method"
									},
									"collectionStrategy": {
										"type": "string",
										"nullable": true,
										"maxLength": 2,
										"title": "Collection Strategy"
									},
									"paymentTerms": {
										"type": "string",
										"nullable": true,
										"maxLength": 4,
										"title": "lbl_payment_terms"
									},
									"toleranceGroup": {
										"type": "string",
										"nullable": true,
										"maxLength": 4,
										"title": "Tolerance Group"
									},
									"fixedAddressNo": {
										"type": "string",
										"nullable": true,
										"maxLength": 10,
										"title": "Fixed Address Number"
									},
									"fixedAddress": {
										"type": "string",
										"nullable": true,
										"maxLength": 60,
										"title": "Fixed Address"
									},
									"applicationForm": {
										"type": "string",
										"nullable": true,
										"maxLength": 30,
										"title": "Bill Form"
									}
								}
							},
							"auditLog": {
								"type": "object",
								"properties": {
									"userId": {
										"type": "string",
										"nullable": true,
										"title": "User Name"
									},
									"businessSystemId": {
										"type": "string",
										"nullable": true,
										"title": "Business System"
									}
								}
							}
						}
					}
				}
			},
			"info": {
				"type": "object",
				"properties": {
					"info": {
						"type": "object",
						"properties": {
							"code": {
								"type": "string"
							},
							"details": {
								"type": "array",
								"items": {
									"type": "object",
									"properties": {
										"message": {
											"type": "string"
										},
										"target": {
											"type": "string"
										},
										"code": {
											"type": "string"
										},
										"severity": {
											"type": "string",
											"enum": [
												"ERROR",
												"WARNING",
												"INFO"
											]
										}
									}
								}
							},
							"message": {
								"type": "string"
							},
							"target": {
								"type": "string"
							},
							"severity": {
								"type": "string",
								"enum": [
									"ERROR",
									"WARNING",
									"INFO"
								]
							}
						}
					}
				}
			},
			"ContractAccountpatchupdaterequest": {
				"title": "Contract Account patchupdate request",
				"type": "object",
				"properties": {
					"businessPartner": {
						"type": "object",
						"properties": {
							"id": {
								"type": "string",
								"nullable": true,
								"maxLength": 10,
								"title": "Business Partner ID"
							},
							"category": {
								"type": "string",
								"nullable": true,
								"maxLength": 1,
								"title": "lbl_business_partner_category"
							}
						}
					},
					"contractAccount": {
						"type": "object",
						"properties": {
							"id": {
								"type": "string",
								"nullable": true,
								"maxLength": 12,
								"title": "Contract Account"
							},
							"name": {
								"type": "string",
								"nullable": true,
								"maxLength": 35,
								"title": "Contract Account Name"
							},
							"category": {
								"type": "string",
								"nullable": true,
								"maxLength": 2,
								"title": "Category"
							},
							"paymentMethodIn": {
								"type": "string",
								"nullable": true,
								"maxLength": 1,
								"title": "In Payment Method"
							},
							"paymentMethodInDescription": {
								"type": "string",
								"nullable": true,
								"maxLength": 30,
								"title": "Payment Method In Description"
							},
							"paymentMethodOut": {
								"type": "string",
								"nullable": true,
								"maxLength": 5,
								"title": "Out Payment Method"
							},
							"paymentMethodOutDescription": {
								"type": "string",
								"nullable": true,
								"maxLength": 30,
								"title": "Payment Method Out Description"
							},
							"dunningProcedure": {
								"type": "string",
								"nullable": true,
								"maxLength": 2,
								"title": "Dunning Procedure"
							},
							"taxJurisdictionCode": {
								"type": "string",
								"nullable": true,
								"maxLength": 15,
								"title": "Tax Jurisdiction Code"
							},
							"accountDeterminationId": {
								"type": "string",
								"nullable": true,
								"maxLength": 2,
								"title": "Account Determination ID"
							},
							"accountClass": {
								"type": "string",
								"nullable": true,
								"maxLength": 4,
								"title": "Account Class"
							},
							"invoiceDeliveryMethod": {
								"type": "string",
								"nullable": true,
								"maxLength": 4,
								"title": "Invoice Delivery Method"
							},
							"collectionStrategy": {
								"type": "string",
								"nullable": true,
								"maxLength": 2,
								"title": "Collection Strategy"
							},
							"paymentTerms": {
								"type": "string",
								"nullable": true,
								"maxLength": 4,
								"title": "lbl_payment_terms"
							},
							"toleranceGroup": {
								"type": "string",
								"nullable": true,
								"maxLength": 4,
								"title": "Tolerance Group"
							},
							"fixedAddressNo": {
								"type": "string",
								"nullable": true,
								"maxLength": 10,
								"title": "Fixed Address Number"
							},
							"fixedAddress": {
								"type": "string",
								"nullable": true,
								"maxLength": 60,
								"title": "Fixed Address"
							},
							"applicationForm": {
								"type": "string",
								"nullable": true,
								"maxLength": 30,
								"title": "Bill Form"
							}
						}
					},
					"auditLog": {
						"type": "object",
						"properties": {
							"userId": {
								"type": "string",
								"nullable": true,
								"title": "User Name"
							},
							"businessSystemId": {
								"type": "string",
								"nullable": true,
								"title": "Business System"
							}
						}
					}
				}
			}
		}
	},
	"security": [
		{
			"basicAuthentication": []
		}
	],
	"paths": {
		"/sap/c4c/api/v1/utilities-common-integration-service/contractAccount": {
			"post": {
				"operationId": "createcommonintegrationservice_contractAccount",
				"tags": [
					"ContractAccount"
				],
				"summary": "Create contract account in S4.",
				"description": "Create contract account in the S4 system.",
				"parameters": [],
				"requestBody": {
					"content": {
						"application/json": {
							"schema": {
								"$ref": "#/components/schemas/ContractAccountcreaterequest"
							},
							"examples": {
								"one": {
									"value": {
										"businessPartner": {
											"id": "1843001"
										},
										"contractAccount": {
											"name": "Test Contract Account",
											"category": "01",
											"dunningProcedure": "01",
											"accountDeterminationId": "01",
											"accountClass": "0001",
											"collectionStrategy": "01",
											"paymentTerms": "0001",
											"toleranceGroup": "0001",
											"applicationForm": "ISU_CA_FORM"
										},
										"auditLog": {
											"userId": "test",
											"businessSystemId": "CNS"
										}
									},
									"summary": "Contract account created successfully."
								}
							}
						}
					}
				},
				"responses": {
					"201": {
						"description": "contract account created.",
						"content": {
							"application/json": {
								"schema": {
									"allOf": [
										{
											"$ref": "#/components/schemas/ContractAccountfile"
										},
										{
											"$ref": "#/components/schemas/info"
										}
									]
								}
							}
						}
					},
					"400": {
						"description": "Bad Request.\n\nThe server cannot process the request due to a client error. For example, an invalid request.",
						"content": {
							"application/json": {
								"schema": {
									"$ref": "#/components/schemas/error"
								}
							}
						}
					},
					"401": {
						"description": "Unauthorized.\n\nThis error is caused when the request has not been applied because there are no valid authentication credentials for the target resource."
					},
					"403": {
						"description": "Forbidden.\n\nThis client error code indicates that the server understood the request but refuses to authorize it."
					},
					"500": {
						"description": "Internal Server Error.\n\nFailed to create contract account.",
						"content": {
							"application/json": {
								"schema": {
									"$ref": "#/components/schemas/error"
								}
							}
						}
					}
				}
			}
		},
		"/sap/c4c/api/v1/utilities-common-integration-service/contractAccount/{id}": {
			"patch": {
				"operationId": "modifycommonintegrationservice_contractAccount",
				"tags": [
					"ContractAccount"
				],
				"summary": "Update or Modify data",
				"parameters": [
					{
						"name": "If-Match",
						"in": "header",
						"required": true,
						"description": "Used for conflict management when a consumer tries to update a resource. This parameter checks if the state of the resource known to the client (etag) matches the state on the server and if true, allows the update to continue.",
						"schema": {
							"type": "string",
							"format": "date-time"
						}
					},
					{
						"name": "id",
						"in": "path",
						"required": true,
						"schema": {
							"type": "string",
							"format": "uuid"
						}
					}
				],
				"requestBody": {
					"content": {
						"application/merge-patch+json": {
							"schema": {
								"$ref": "#/components/schemas/ContractAccountpatchupdaterequest"
							}
						}
					}
				},
				"responses": {
					"200": {
						"description": "200 OK",
						"content": {
							"application/json": {
								"schema": {
									"$ref": "#/components/schemas/ContractAccountfile"
								}
							}
						}
					},
					"204": {
						"description": "204 NO_CONTENT"
					},
					"400": {
						"description": "400 BAD_REQUEST",
						"content": {
							"application/json": {
								"schema": {
									"$ref": "#/components/schemas/error"
								}
							}
						}
					},
					"401": {
						"description": "401 UNAUTHORIZED"
					},
					"403": {
						"description": "403 FORBIDDEN"
					},
					"404": {
						"description": "404 NOT_FOUND"
					},
					"412": {
						"description": "412 PRECONDITION_FAILED"
					},
					"428": {
						"description": "428 PRECONDITION_REQUIRED"
					},
					"500": {
						"description": "500 INTERNAL_SERVER_ERROR",
						"content": {
							"application/json": {
								"schema": {
									"$ref": "#/components/schemas/error"
								}
							}
						}
					}
				}
			}
		},
		"/sap/c4c/api/v1/utilities-common-integration-service/contractAccountundefined": {
			"patch": {
				"operationId": "patchcommonintegrationservice_contractAccount",
				"tags": [
					"ContractAccount"
				],
				"summary": "Update contract account in S4.",
				"description": "Update contract account information in the S4 system.",
				"parameters": [
					{
						"name": "If-Match",
						"in": "header",
						"required": true,
						"description": "Used for conflict management when a consumer tries to update a resource. This parameter checks if the state of the resource known to the client (etag) matches the state on the server and if true, allows the update to continue.",
						"schema": {
							"type": "string",
							"format": "date-time"
						}
					},
					{
						"name": "contractAccount.id",
						"in": "path",
						"required": true,
						"schema": {
							"type": "string",
							"format": "uuid"
						},
						"description": "Contract Account External ID"
					}
				],
				"requestBody": {
					"content": {
						"application/merge-patch+json": {
							"schema": {
								"$ref": "#/components/schemas/ContractAccountpatchupdaterequest"
							},
							"examples": {
								"one": {
									"value": {
										"businessPartner": {
											"id": "1843001"
										},
										"contractAccount": {
											"id": "987654321",
											"invoiceDeliveryMethod": "SMS"
										},
										"auditLog": {
											"userId": "test",
											"businessSystemId": "CNS"
										}
									},
									"summary": "Contract account update successfully."
								}
							}
						}
					}
				},
				"responses": {
					"200": {
						"description": "contract account updated.",
						"content": {
							"application/json": {
								"schema": {
									"allOf": [
										{
											"$ref": "#/components/schemas/ContractAccountfile"
										},
										{
											"$ref": "#/components/schemas/info"
										}
									]
								}
							}
						}
					},
					"400": {
						"description": "Bad Request.\n\nThe server cannot process the request due to a client error. For example, an invalid request.",
						"content": {
							"application/json": {
								"schema": {
									"$ref": "#/components/schemas/error"
								}
							}
						}
					},
					"401": {
						"description": "Unauthorized.\n\nThis error is caused when the request has not been applied because there are no valid authentication credentials for the target resource."
					},
					"403": {
						"description": "Forbidden.\n\nThis client error code indicates that the server understood the request but refuses to authorize it."
					},
					"404": {
						"description": "Contract Account not found."
					},
					"500": {
						"description": "Internal Server Error.\n\nFailed to update contract account.",
						"content": {
							"application/json": {
								"schema": {
									"$ref": "#/components/schemas/error"
								}
							}
						}
					}
				}
			}
		}
	},
	"x-sap-shortText": "Manage entities from Contract Account service.",
	"x-sap-extensible": {
		"supported": "automatic",
		"description": "You can create extension fields in the Contract Account API by following the steps mentioned in https://help.sap.com/docs/CX_NG_SVC/2c87cece32844c91836e535aef8f9642/d3bdfac0c6b141c0bac27408c3ed159f.html?locale=en-US. The newly created extensions will be available in the API request and response body."
	}
}