{
	"openapi": "3.0.3",
	"info": {
		"title": "Contract Account Modify Service using Master Data Template",
		"version": "1.0.0",
		"description": "Contract Account \n\nUse this API to Create or Update Contract Account using MDT"
	},
	"servers": [
		{
			"url": "https://{hostname}",
			"description": "Example of server url is https://my1234567.crm.cloud.sap",
			"variables": {
				"hostname": {
					"default": ""
				}
			}
		}
	],
	"components": {
		"securitySchemes": {
			"basicAuthentication": {
				"type": "http",
				"scheme": "basic"
			}
		},
		"schemas": {
			"error": {
				"type": "object",
				"properties": {
					"error": {
						"type": "object",
						"properties": {
							"code": {
								"type": "string"
							},
							"details": {
								"type": "array",
								"items": {
									"type": "object",
									"properties": {
										"message": {
											"type": "string"
										},
										"code": {
											"type": "string"
										},
										"target": {
											"type": "string"
										}
									}
								}
							},
							"message": {
								"type": "string"
							},
							"target": {
								"type": "string"
							}
						}
					}
				}
			},
			"ContractAccountModifyusingMasterDataTemplatecreaterequest": {
				"title": "Contract Account Modify using Master Data Template create request",
				"type": "object",
				"properties": {
					"auditLog": {
						"type": "object",
						"properties": {
							"userId": {
								"type": "string",
								"nullable": true,
								"title": "User Name"
							},
							"businessSystemId": {
								"type": "string",
								"nullable": true,
								"title": "Business System"
							}
						}
					},
					"details": {
						"type": "object",
						"properties": {
							"prodId": {
								"type": "string",
								"nullable": true,
								"maxLength": 20,
								"title": "Master Data Template Name"
							},
							"raiseNoEvent": {
								"type": "boolean",
								"nullable": true
							},
							"noEnvSelect": {
								"type": "boolean",
								"nullable": true
							},
							"container": {
								"type": "array",
								"items": {
									"type": "object",
									"properties": {
										"element": {
											"type": "string",
											"nullable": true,
											"maxLength": 32,
											"title": "Element Name"
										},
										"value": {
											"type": "string",
											"nullable": true,
											"maxLength": 255,
											"title": "Element Value"
										}
									}
								}
							},
							"newKeys": {
								"type": "array",
								"items": {
									"type": "object",
									"properties": {
										"envx": {
											"type": "boolean",
											"nullable": true
										},
										"name": {
											"type": "string",
											"nullable": true,
											"maxLength": 20,
											"title": "Element Name"
										},
										"value": {
											"type": "string",
											"nullable": true,
											"maxLength": 100,
											"title": "Element Value"
										}
									}
								}
							}
						}
					}
				}
			},
			"ContractAccountModifyusingMasterDataTemplatefile": {
				"title": "Contract Account Modify using Master Data Template file",
				"type": "object",
				"properties": {
					"value": {
						"type": "object",
						"properties": {
							"auditLog": {
								"type": "object",
								"properties": {
									"userId": {
										"type": "string",
										"nullable": true,
										"title": "User Name"
									},
									"businessSystemId": {
										"type": "string",
										"nullable": true,
										"title": "Business System"
									}
								}
							},
							"details": {
								"type": "object",
								"properties": {
									"prodId": {
										"type": "string",
										"nullable": true,
										"maxLength": 20,
										"title": "Master Data Template Name"
									},
									"raiseNoEvent": {
										"type": "boolean",
										"nullable": true
									},
									"noEnvSelect": {
										"type": "boolean",
										"nullable": true
									},
									"container": {
										"type": "array",
										"items": {
											"type": "object",
											"properties": {
												"element": {
													"type": "string",
													"nullable": true,
													"maxLength": 32,
													"title": "Element Name"
												},
												"value": {
													"type": "string",
													"nullable": true,
													"maxLength": 255,
													"title": "Element Value"
												}
											}
										}
									},
									"newKeys": {
										"type": "array",
										"items": {
											"type": "object",
											"properties": {
												"envx": {
													"type": "boolean",
													"nullable": true
												},
												"name": {
													"type": "string",
													"nullable": true,
													"maxLength": 20,
													"title": "Element Name"
												},
												"value": {
													"type": "string",
													"nullable": true,
													"maxLength": 100,
													"title": "Element Value"
												}
											}
										}
									}
								}
							}
						}
					}
				}
			},
			"info": {
				"type": "object",
				"properties": {
					"info": {
						"type": "object",
						"properties": {
							"code": {
								"type": "string"
							},
							"details": {
								"type": "array",
								"items": {
									"type": "object",
									"properties": {
										"message": {
											"type": "string"
										},
										"target": {
											"type": "string"
										},
										"code": {
											"type": "string"
										},
										"severity": {
											"type": "string",
											"enum": [
												"ERROR",
												"WARNING",
												"INFO"
											]
										}
									}
								}
							},
							"message": {
								"type": "string"
							},
							"target": {
								"type": "string"
							},
							"severity": {
								"type": "string",
								"enum": [
									"ERROR",
									"WARNING",
									"INFO"
								]
							}
						}
					}
				}
			}
		}
	},
	"security": [
		{
			"basicAuthentication": []
		}
	],
	"paths": {
		"/sap/c4c/api/v1/move-integration-service/contractAccountUsingMdt": {
			"post": {
				"operationId": "createmoveintegrationservice_contractAccountMdt",
				"tags": [
					"ContractAccountMdt"
				],
				"summary": "Modify Contract Account using MDT",
				"description": "Create or Update Contract Account using Master Data Template.",
				"parameters": [],
				"requestBody": {
					"content": {
						"application/json": {
							"schema": {
								"$ref": "#/components/schemas/ContractAccountModifyusingMasterDataTemplatecreaterequest"
							},
							"examples": {
								"one": {
									"summary": "Create Contract Account",
									"value": {
										"details": {
											"prodId": "ZC4C_MASTER",
											"container": [
												{
													"element": "PARTNER",
													"value": "8100003151"
												},
												{
													"element": "VKBEZ",
													"value": "V2 new metadata testing for CA create"
												},
												{
													"element": "ZAHLKOND",
													"value": "0002"
												},
												{
													"element": "VKTYP",
													"value": "01"
												},
												{
													"element": "TOGRU",
													"value": "U001"
												},
												{
													"element": "KTOKL",
													"value": "0001"
												},
												{
													"element": "KOFIZ_SD",
													"value": "01"
												},
												{
													"element": "MAHNV",
													"value": "01"
												},
												{
													"element": "FORMKEY",
													"value": "IS_U_BILL"
												},
												{
													"element": "OPBUK",
													"value": "U001"
												},
												{
													"element": "STDBK",
													"value": "U001"
												}
											],
											"newKeys": [
												{
													"envx": true,
													"name": "VKONT"
												}
											]
										},
										"auditLog": {
											"userId": "JINGERSOLL",
											"businessSystemId": "C4C"
										}
									}
								},
								"two": {
									"summary": "Update Contract Account",
									"value": {
										"details": {
											"prodId": "ZC4C_MASTER",
											"container": [
												{
													"element": "VKONT",
													"value": "843001"
												},
												{
													"element": "SENDCONTROL_RH",
													"value": "MAIL"
												},
												{
													"element": "PARTNER",
													"value": "8100003122"
												},
												{
													"element": "VKBEZ",
													"value": "V2 new metadata testing for CA update"
												}
											]
										},
										"auditLog": {
											"userId": "JINGERSOLL",
											"businessSystemId": "C4C"
										}
									}
								}
							}
						}
					}
				},
				"responses": {
					"201": {
						"description": "Contract Account modified successfully.",
						"content": {
							"application/json": {
								"schema": {
									"allOf": [
										{
											"$ref": "#/components/schemas/ContractAccountModifyusingMasterDataTemplatefile"
										},
										{
											"$ref": "#/components/schemas/info"
										}
									]
								}
							}
						}
					},
					"400": {
						"description": "Bad Request.\n\nThe server cannot process the request due to a client error. For example, an invalid request.",
						"content": {
							"application/json": {
								"schema": {
									"$ref": "#/components/schemas/error"
								}
							}
						}
					},
					"401": {
						"description": "Unauthorized.\n\nThis error is caused when the request has not been applied because there are no valid authentication credentials for the target resource."
					},
					"403": {
						"description": "Forbidden.\n\nThis client error code indicates that the server understood the request but refuses to authorize it."
					},
					"500": {
						"description": "Internal Server Error.\n\nFailed to create the case.",
						"content": {
							"application/json": {
								"schema": {
									"$ref": "#/components/schemas/error"
								}
							}
						}
					}
				}
			}
		}
	},
	"x-sap-shortText": "Manage entities from Contract Account Modify using Master Data Template service.",
	"x-sap-extensible": {
		"supported": "automatic",
		"description": "You can create extension fields in the Contract Account Modify Service using Master Data Template API by following the steps mentioned in https://help.sap.com/docs/CX_NG_SVC/2c87cece32844c91836e535aef8f9642/d3bdfac0c6b141c0bac27408c3ed159f.html?locale=en-US. The newly created extensions will be available in the API request and response body."
	}
}