{
  "swagger": "2.0",
  "info": {
    "title": "S/4 Purchase Orders",
    "version": "1.0.0"
  },
  "host": "purchasing.sap.com",
  "basePath": "/purchaseOrders",
  "tags": [
    {
      "name": "purchaseOrders"
    }
  ],
  "schemes": [
    "https"
  ],
  "paths": {
    "/purchaseOrders": {
      "get": {
        "tags": [
          "purchaseOrders"
        ],
        "produces": [
          "application/json"
        ],
        "parameters": [
          {
            "in": "body",
            "name": "purchaseOrdersRequest",
            "schema": {
              "$ref": "#/definitions/PurchaseOrdersRequestMessage"
            }
          }
        ],
        "responses": {
          "200": {
            "description": "Successful",
            "schema": {
              "$ref": "#/definitions/PurchaseOrdersResponseMessage"
            }
          },
          "400": {
            "description": "Invalid Parameters"
          }
        },
        "security": [
          {
            "api_key": []
          }
        ]
      }
    }
  },
  "securityDefinitions": {
    "api_key": {
      "type": "apiKey",
      "name": "api_key",
      "in": "header"
    }
  },
  "definitions": {
    "PurchaseOrdersRequestMessage": {
      "type": "object",
      "properties": {
        "messageHeader": {
          "type": "object",
          "properties": {
            "id": {
              "type": "string"
            }
          }
        },
        "messageRequests": {
          "type": "array",
          "items": {
            "type": "object",
            "properties": {
              "messageHeader": {
                "type": "object",
                "properties": {
                  "id": {
                    "type": "string"
                  }
                }
              },
              "body": {
                "type": "object",
                "properties": {
                  "supplierId": {
                    "type": "string"
                  }
                }
              }
            }
          }
        }
      }
    },
    "PurchaseOrdersResponseMessage": {
      "type": "object",
      "properties": {
        "messageResponses": {
          "type": "array",
          "items": {
            "type": "object",
            "properties": {
              "body": {
                "type": "object",
                "properties": {
                  "count": {
                    "type": "integer"
                  },
                  "value": {
                    "type": "array",
                    "items": {
                      "type": "object",
                      "properties": {
                        "purchaseOrderId": {
                          "type": "string"
                        },
                        "purchaseOrderType": {
                          "type": "string"
                        },
                        "supplierId": {
                          "type": "string"
                        },
                        "purchaseOrderDate": {
                          "type": "string"
                        },
                        "releaseIsNotCompleted": {
                          "type": "string"
                         },
                        "purchasingProcessingStatus": {
                          "type": "string"
                        }
                      }
                    }
                  }
                }
              }
            }
          }
        }
      }
    }
  }
}