{
	"openapi": "3.0.3",
	"info": {
		"title": "Open Api Specification for securityDeposit service",
		"version": "1.0.0",
		"description": "Calculate Security Deposit \n\nCalculate Security Deposit for selected services in move"
	},
	"servers": [
		{
			"url": "https://{hostname}",
			"description": "Example of server url is https://my1234567.crm.cloud.sap",
			"variables": {
				"hostname": {
					"default": ""
				}
			}
		}
	],
	"components": {
		"securitySchemes": {
			"basicAuthentication": {
				"type": "http",
				"scheme": "basic"
			}
		},
		"schemas": {
			"error": {
				"type": "object",
				"properties": {
					"error": {
						"type": "object",
						"properties": {
							"code": {
								"type": "string"
							},
							"details": {
								"type": "array",
								"items": {
									"type": "object",
									"properties": {
										"message": {
											"type": "string"
										},
										"code": {
											"type": "string"
										},
										"target": {
											"type": "string"
										}
									}
								}
							},
							"message": {
								"type": "string"
							},
							"target": {
								"type": "string"
							}
						}
					}
				}
			},
			"SecurityDepositcreaterequest": {
				"title": "SecurityDeposit create request",
				"type": "object",
				"properties": {
					"businessPartner": {
						"type": "string",
						"nullable": true,
						"maxLength": 10
					},
					"contractAccount": {
						"type": "string",
						"nullable": true,
						"maxLength": 12
					},
					"moveInDate": {
						"type": "string",
						"format": "date",
						"nullable": true
					},
					"requestReason": {
						"type": "string",
						"nullable": true,
						"maxLength": 4
					},
					"waiverReason": {
						"type": "string",
						"nullable": true,
						"maxLength": 4
					},
					"totalAmount": {
						"type": "object",
						"properties": {
							"content": {
								"type": "number",
								"nullable": true,
								"format": "double"
							},
							"currencyCode": {
								"type": "string",
								"nullable": true,
								"title": "Currency"
							}
						}
					},
					"nonCashIndicator": {
						"type": "boolean",
						"nullable": true
					},
					"securityDepositItems": {
						"type": "array",
						"items": {
							"type": "object",
							"properties": {
								"division": {
									"type": "string",
									"nullable": true,
									"maxLength": 2
								},
								"premise": {
									"type": "string",
									"nullable": true,
									"maxLength": 10
								},
								"installation": {
									"type": "string",
									"nullable": true,
									"maxLength": 10
								},
								"jointInvoice": {
									"type": "string",
									"nullable": true,
									"maxLength": 1
								},
								"requestReason": {
									"type": "string",
									"nullable": true,
									"maxLength": 4
								},
								"waiverReason": {
									"type": "string",
									"nullable": true,
									"maxLength": 4
								},
								"amount": {
									"type": "object",
									"properties": {
										"content": {
											"type": "number",
											"nullable": true,
											"format": "double"
										},
										"currencyCode": {
											"type": "string",
											"nullable": true,
											"title": "Currency"
										}
									}
								}
							}
						}
					}
				}
			},
			"SecurityDepositfile": {
				"title": "SecurityDeposit file",
				"type": "object",
				"properties": {
					"value": {
						"type": "object",
						"properties": {
							"businessPartner": {
								"type": "string",
								"nullable": true,
								"maxLength": 10
							},
							"contractAccount": {
								"type": "string",
								"nullable": true,
								"maxLength": 12
							},
							"moveInDate": {
								"type": "string",
								"format": "date",
								"nullable": true
							},
							"requestReason": {
								"type": "string",
								"nullable": true,
								"maxLength": 4
							},
							"waiverReason": {
								"type": "string",
								"nullable": true,
								"maxLength": 4
							},
							"totalAmount": {
								"type": "object",
								"properties": {
									"content": {
										"type": "number",
										"nullable": true,
										"format": "double"
									},
									"currencyCode": {
										"type": "string",
										"nullable": true,
										"title": "Currency"
									}
								}
							},
							"nonCashIndicator": {
								"type": "boolean",
								"nullable": true
							},
							"securityDepositItems": {
								"type": "array",
								"items": {
									"type": "object",
									"properties": {
										"division": {
											"type": "string",
											"nullable": true,
											"maxLength": 2
										},
										"premise": {
											"type": "string",
											"nullable": true,
											"maxLength": 10
										},
										"installation": {
											"type": "string",
											"nullable": true,
											"maxLength": 10
										},
										"jointInvoice": {
											"type": "string",
											"nullable": true,
											"maxLength": 1
										},
										"requestReason": {
											"type": "string",
											"nullable": true,
											"maxLength": 4
										},
										"waiverReason": {
											"type": "string",
											"nullable": true,
											"maxLength": 4
										},
										"amount": {
											"type": "object",
											"properties": {
												"content": {
													"type": "number",
													"nullable": true,
													"format": "double"
												},
												"currencyCode": {
													"type": "string",
													"nullable": true,
													"title": "Currency"
												}
											}
										}
									}
								}
							}
						}
					}
				}
			},
			"info": {
				"type": "object",
				"properties": {
					"info": {
						"type": "object",
						"properties": {
							"code": {
								"type": "string"
							},
							"details": {
								"type": "array",
								"items": {
									"type": "object",
									"properties": {
										"message": {
											"type": "string"
										},
										"target": {
											"type": "string"
										},
										"code": {
											"type": "string"
										},
										"severity": {
											"type": "string",
											"enum": [
												"ERROR",
												"WARNING",
												"INFO"
											]
										}
									}
								}
							},
							"message": {
								"type": "string"
							},
							"target": {
								"type": "string"
							},
							"severity": {
								"type": "string",
								"enum": [
									"ERROR",
									"WARNING",
									"INFO"
								]
							}
						}
					}
				}
			}
		}
	},
	"security": [
		{
			"basicAuthentication": []
		}
	],
	"paths": {
		"/sap/c4c/api/v1/move-integration-service/securityDeposit": {
			"post": {
				"operationId": "createmoveintegrationservice_securityDeposit",
				"tags": [
					"SecurityDeposit"
				],
				"summary": "Calculate Security Deposit",
				"description": "Calculate security deposit for selected services in move",
				"parameters": [],
				"requestBody": {
					"content": {
						"application/json": {
							"schema": {
								"$ref": "#/components/schemas/SecurityDepositcreaterequest"
							},
							"examples": {
								"one": {
									"value": {
										"businessPartner": "7000003822",
										"securityDepositItems": [
											{
												"installation": "0000176723",
												"division": "01",
												"premise": "0000713286",
												"jointInvoice": "2",
												"requestReason": "0001",
												"amount": {
													"content": 1000,
													"currencyCode": "EUR"
												}
											},
											{
												"installation": "0000176753",
												"division": "01",
												"premise": "0000713286",
												"jointInvoice": "2",
												"requestReason": "0002",
												"amount": {
													"content": 100,
													"currencyCode": "EUR"
												}
											},
											{
												"installation": "0000176754",
												"division": "01",
												"premise": "0000713286",
												"jointInvoice": "2"
											}
										]
									},
									"summary": "Calculate Security Deposit"
								}
							}
						}
					}
				},
				"responses": {
					"201": {
						"description": "Calculate security deposit.",
						"content": {
							"application/json": {
								"schema": {
									"allOf": [
										{
											"$ref": "#/components/schemas/SecurityDepositfile"
										},
										{
											"$ref": "#/components/schemas/info"
										}
									]
								}
							}
						}
					},
					"400": {
						"description": "Bad Request.\n\nThe server cannot process the request due to a client error. For example, an invalid request.",
						"content": {
							"application/json": {
								"schema": {
									"$ref": "#/components/schemas/error"
								}
							}
						}
					},
					"401": {
						"description": "Unauthorized.\n\nThis error is caused when the request has not been applied because there are no valid authentication credentials for the target resource."
					},
					"403": {
						"description": "Forbidden.\n\nThis client error code indicates that the server understood the request but refuses to authorize it."
					},
					"500": {
						"description": "Internal Server Error.\n\nFailed to calculate security deposit.",
						"content": {
							"application/json": {
								"schema": {
									"$ref": "#/components/schemas/error"
								}
							}
						}
					}
				}
			}
		}
	},
	"x-sap-shortText": "Manage entities from securityDeposit service.",
	"x-sap-extensible": {
		"supported": "automatic",
		"description": "You can create extension fields in the securityDeposit API by following the steps mentioned in https://help.sap.com/docs/CX_NG_SVC/2c87cece32844c91836e535aef8f9642/d3bdfac0c6b141c0bac27408c3ed159f.html?locale=en-US. The newly created extensions will be available in the API request and response body."
	}
}