<?xml version="1.0" encoding="utf-8"?><edmx:Edmx Version="1.0" xmlns:edmx="http://schemas.microsoft.com/ado/2007/06/edmx" xmlns:m="http://schemas.microsoft.com/ado/2007/08/dataservices/metadata" xmlns:sap="http://www.sap.com/Protocols/SAPData"><edmx:DataServices m:DataServiceVersion="2.0"><Schema Namespace="API_MKT_INTERACTION_CONTACT_SRV" xml:lang="en" sap:schema-version="1" xmlns="http://schemas.microsoft.com/ado/2008/09/edm"><EntityType Name="MarketingAttribute" sap:content-version="1"><Key><PropertyRef Name="InteractionContactOrigin"/><PropertyRef Name="InteractionContactID"/><PropertyRef Name="MarketingAttributeCategory"/><PropertyRef Name="MarketingAttributeValue"/></Key><Property Name="InteractionContactOrigin" Type="Edm.String" Nullable="false" MaxLength="20" sap:unicode="false" sap:label="Origin of Contact"/><Property Name="InteractionContactID" Type="Edm.String" Nullable="false" MaxLength="255" sap:unicode="false" sap:label="External Contact ID"/><Property Name="MarketingAttributeCategory" Type="Edm.String" Nullable="false" MaxLength="75" sap:unicode="false" sap:label="Mkt. Category"/><Property Name="MarketingAttributeValue" Type="Edm.String" Nullable="false" MaxLength="255" sap:unicode="false" sap:label="Mkt. Value"/><Property Name="MarketingAttributeUUID" Type="Edm.Guid" sap:unicode="false" sap:label="Marketing Attribute" sap:creatable="false" sap:updatable="false"/><Property Name="InteractionContactUUID" Type="Edm.Guid" sap:unicode="false" sap:label="UUID" sap:creatable="false" sap:updatable="false"/><Property Name="MarketingAttributeCategoryUUID" Type="Edm.Guid" sap:unicode="false" sap:label="Marketing Attr. Cat" sap:creatable="false" sap:updatable="false"/><Property Name="MarketingAttributeCategoryName" Type="Edm.String" MaxLength="40" sap:unicode="false" sap:label="Mkt. Category" sap:updatable="false"/></EntityType><EntityType Name="AccountTeamMember" sap:content-version="1"><Key><PropertyRef Name="InteractionContactOrigin"/><PropertyRef Name="InteractionContactID"/><PropertyRef Name="TeamMemberID"/><PropertyRef Name="Role"/></Key><Property Name="InteractionContactOrigin" Type="Edm.String" Nullable="false" MaxLength="20" sap:unicode="false" sap:label="Origin of Contact"/><Property Name="InteractionContactID" Type="Edm.String" Nullable="false" MaxLength="255" sap:unicode="false" sap:label="External Contact ID"/><Property Name="TeamMemberID" Type="Edm.String" Nullable="false" MaxLength="60" sap:unicode="false" sap:label="Team Member ID"/><Property Name="Role" Type="Edm.String" Nullable="false" MaxLength="4" sap:unicode="false" sap:label="Team Member Role"/><Property Name="TeamMemberUUID" Type="Edm.Guid" sap:unicode="false" sap:label="Account Team Member" sap:creatable="false" sap:updatable="false"/><Property Name="InteractionContactUUID" Type="Edm.Guid" sap:unicode="false" sap:label="UUID" sap:creatable="false" sap:updatable="false"/><Property Name="IsOwner" Type="Edm.Boolean" sap:unicode="false" sap:label="Is Owner" sap:creatable="false" sap:updatable="false"/></EntityType><EntityType Name="MarketingPermission" sap:content-version="1"><Key><PropertyRef Name="InteractionContactID"/><PropertyRef Name="InteractionContactOrigin"/><PropertyRef Name="InteractionContactPermissionID"/><PropertyRef Name="IntactnCntctPermissionOrigin"/><PropertyRef Name="MarketingArea"/><PropertyRef Name="CommunicationMedium"/><PropertyRef Name="CommunicationCategory"/></Key><Property Name="InteractionContactID" Type="Edm.String" Nullable="false" MaxLength="255" sap:unicode="false" sap:label="External Contact ID" sap:sortable="false" sap:filterable="false"/><Property Name="InteractionContactOrigin" Type="Edm.String" Nullable="false" MaxLength="20" sap:unicode="false" sap:label="Origin of Contact" sap:sortable="false" sap:filterable="false"/><Property Name="InteractionContactPermissionID" Type="Edm.String" Nullable="false" MaxLength="255" sap:unicode="false" sap:label="Cntct Permission ID"/><Property Name="IntactnCntctPermissionOrigin" Type="Edm.String" Nullable="false" MaxLength="20" sap:unicode="false" sap:label="Cntct Perm Origin"/><Property Name="MarketingArea" Type="Edm.String" Nullable="false" MaxLength="40" sap:unicode="false" sap:label="Marketing Area ID" sap:sortable="false" sap:filterable="false"/><Property Name="InteractionContactPermission" Type="Edm.String" Nullable="false" MaxLength="1" sap:unicode="false" sap:label="Opt-In"/><Property Name="CommunicationMedium" Type="Edm.String" Nullable="false" MaxLength="20" sap:unicode="false" sap:label="Communication Medium"/><Property Name="ContactUUID" Type="Edm.Guid" sap:unicode="false" sap:label="UUID" sap:creatable="false" sap:updatable="false"/><Property Name="PermissionUTCDateTime" Type="Edm.DateTime" Precision="7" sap:unicode="false" sap:label="UTC Timestamp"/><Property Name="CommunicationDirection" Type="Edm.String" MaxLength="1" sap:unicode="false" sap:label="Comm. Direction"/><Property Name="CommunicationCategory" Type="Edm.String" Nullable="false" MaxLength="10" sap:unicode="false" sap:label="Comm Category ID"/><Property Name="CommunicationCategoryName" Type="Edm.String" MaxLength="40" sap:unicode="false" sap:label="Comm Category Name" sap:creatable="false" sap:updatable="false"/><Property Name="PermissionSourceObject" Type="Edm.String" MaxLength="50" sap:unicode="false" sap:label="Object ID"/><Property Name="PermissionSourceObjectType" Type="Edm.String" MaxLength="30" sap:unicode="false" sap:label="Object Type"/><Property Name="PermissionSourceSystem" Type="Edm.String" MaxLength="255" sap:unicode="false" sap:label="Source System ID"/><Property Name="PermissionSourceSystemType" Type="Edm.String" MaxLength="20" sap:unicode="false" sap:label="Source System Type"/><Property Name="PermissionSourceCommMedium" Type="Edm.String" MaxLength="20" sap:unicode="false" sap:label="Perm Src Comm Medium"/><Property Name="PermissionIsExplicit" Type="Edm.Boolean" Nullable="false" sap:unicode="false" sap:label="Explicit" sap:creatable="false" sap:updatable="false"/></EntityType><EntityType Name="InteractionContact" sap:content-version="1"><Key><PropertyRef Name="InteractionContactUUID"/></Key><Property Name="InteractionContactUUID" Type="Edm.Guid" Nullable="false" sap:unicode="false" sap:label="UUID" sap:creatable="false" sap:updatable="false"/><Property Name="LastChangeDateTime" Type="Edm.DateTime" Precision="7" sap:unicode="false" sap:label="Last Change Date Time" sap:creatable="false" sap:updatable="false"/><Property Name="FullName" Type="Edm.String" MaxLength="80" sap:unicode="false" sap:label="Name" sap:creatable="false" sap:updatable="false"/><Property Name="LastChangedByUser" Type="Edm.String" MaxLength="12" sap:unicode="false" sap:label="Last Changed By User" sap:creatable="false" sap:updatable="false"/><Property Name="WebSiteURL" Type="Edm.String" MaxLength="1000" sap:unicode="false" sap:label="Website URL" sap:creatable="false" sap:updatable="false" sap:sortable="false" sap:filterable="false"/><Property Name="CreationDateTime" Type="Edm.DateTime" Precision="7" sap:unicode="false" sap:label="Creation Date Time" sap:creatable="false" sap:updatable="false"/><Property Name="InteractionContactImageURL" Type="Edm.String" MaxLength="1000" sap:unicode="false" sap:label="Image URL" sap:creatable="false" sap:updatable="false" sap:sortable="false" sap:filterable="false"/><Property Name="CreatedByUser" Type="Edm.String" MaxLength="12" sap:unicode="false" sap:label="Created By User" sap:creatable="false" sap:updatable="false"/><Property Name="InteractionContactType" Type="Edm.String" MaxLength="2" sap:unicode="false" sap:label="IC Type" sap:creatable="false" sap:updatable="false"/><Property Name="Latitude" Type="Edm.Decimal" Precision="20" Scale="10" sap:unicode="false" sap:label="Latitude" sap:creatable="false" sap:updatable="false"/><Property Name="CityName" Type="Edm.String" MaxLength="40" sap:unicode="false" sap:label="City" sap:creatable="false" sap:updatable="false"/><Property Name="Longitude" Type="Edm.Decimal" Precision="20" Scale="10" sap:unicode="false" sap:label="Longitude" sap:creatable="false" sap:updatable="false"/><Property Name="SpatialReferenceSystem" Type="Edm.String" MaxLength="10" sap:unicode="false" sap:label="Spatial Ref ID" sap:creatable="false" sap:updatable="false"/><Property Name="StreetName" Type="Edm.String" MaxLength="60" sap:unicode="false" sap:label="Street" sap:creatable="false" sap:updatable="false"/><Property Name="AddressHouseNumber" Type="Edm.String" MaxLength="10" sap:unicode="false" sap:label="House Number" sap:creatable="false" sap:updatable="false"/><Property Name="Language" Type="Edm.String" MaxLength="2" sap:unicode="false" sap:label="Language" sap:creatable="false" sap:updatable="false"/><Property Name="LanguageName" Type="Edm.String" MaxLength="16" sap:unicode="false" sap:label="Name" sap:creatable="false" sap:updatable="false"/><Property Name="EmailAddress" Type="Edm.String" MaxLength="241" sap:unicode="false" sap:label="E-Mail Address" sap:creatable="false" sap:updatable="false"/><Property Name="PhoneNumber" Type="Edm.String" MaxLength="30" sap:unicode="false" sap:label="Phone" sap:creatable="false" sap:updatable="false"/><Property Name="MobileNumber" Type="Edm.String" MaxLength="30" sap:unicode="false" sap:label="Mobile" sap:creatable="false" sap:updatable="false"/><Property Name="FaxNumber" Type="Edm.String" MaxLength="30" sap:unicode="false" sap:label="Fax" sap:creatable="false" sap:updatable="false"/><Property Name="HasMktgPermissionForDirectMail" Type="Edm.String" MaxLength="1" sap:unicode="false" sap:label="Postal Opt-In" sap:creatable="false" sap:updatable="false"/><Property Name="Country" Type="Edm.String" MaxLength="3" sap:unicode="false" sap:label="Country" sap:creatable="false" sap:updatable="false"/><Property Name="CountryName" Type="Edm.String" MaxLength="50" sap:unicode="false" sap:label="Country Long Name" sap:creatable="false" sap:updatable="false"/><Property Name="AddressRegion" Type="Edm.String" MaxLength="3" sap:unicode="false" sap:label="Region" sap:creatable="false" sap:updatable="false"/><Property Name="RegionName" Type="Edm.String" MaxLength="40" sap:unicode="false" sap:label="Region" sap:creatable="false" sap:updatable="false"/><Property Name="ContactPostalCode" Type="Edm.String" MaxLength="10" sap:unicode="false" sap:label="Postal Code" sap:creatable="false" sap:updatable="false"/><Property Name="Industry" Type="Edm.String" MaxLength="4" sap:unicode="false" sap:label="Industry" sap:creatable="false" sap:updatable="false"/><Property Name="IndustryName" Type="Edm.String" MaxLength="40" sap:unicode="false" sap:label="Industry" sap:creatable="false" sap:updatable="false"/><NavigationProperty Name="MarketingAreas" Relationship="API_MKT_INTERACTION_CONTACT_SRV.InteractionContactMarketingArea" FromRole="FromRole_InteractionContactMarketingArea" ToRole="ToRole_InteractionContactMarketingArea"/><NavigationProperty Name="MarketingPermissions" Relationship="API_MKT_INTERACTION_CONTACT_SRV.InteractionContactMarketingPermission" FromRole="FromRole_InteractionContactMarketingPermission" ToRole="ToRole_InteractionContactMarketingPermission"/><NavigationProperty Name="AccountTeamMembers" Relationship="API_MKT_INTERACTION_CONTACT_SRV.InteractionContactAccountTeamMember" FromRole="FromRole_InteractionContactAccountTeamMember" ToRole="ToRole_InteractionContactAccountTeamMember"/><NavigationProperty Name="MarketingAttributes" Relationship="API_MKT_INTERACTION_CONTACT_SRV.InteractionContactMarketingAttributes" FromRole="FromRole_InteractionContactMarketingAttributes" ToRole="ToRole_InteractionContactMarketingAttributes"/><NavigationProperty Name="InteractionContactOriginData" Relationship="API_MKT_INTERACTION_CONTACT_SRV.InteractionContactIntrctnCntctOriginData" FromRole="FromRole_InteractionContactIntrctnCntctOriginData" ToRole="ToRole_InteractionContactIntrctnCntctOriginData"/><NavigationProperty Name="AdditionalIDs" Relationship="API_MKT_INTERACTION_CONTACT_SRV.InteractionContactAdditionalID" FromRole="FromRole_InteractionContactAdditionalID" ToRole="ToRole_InteractionContactAdditionalID"/></EntityType><EntityType Name="AdditionalID" sap:content-version="1"><Key><PropertyRef Name="InteractionContactOrigin"/><PropertyRef Name="InteractionContactID"/><PropertyRef Name="InteractionContactAdditionalOrigin"/><PropertyRef Name="InteractionContactAdditionalExternalID"/></Key><Property Name="InteractionContactOrigin" Type="Edm.String" Nullable="false" MaxLength="20" sap:unicode="false" sap:label="Origin of Contact"/><Property Name="InteractionContactID" Type="Edm.String" Nullable="false" MaxLength="255" sap:unicode="false" sap:label="External Contact ID"/><Property Name="InteractionContactAdditionalOrigin" Type="Edm.String" Nullable="false" MaxLength="20" sap:unicode="false" sap:label="Origin of Contact"/><Property Name="InteractionContactAdditionalExternalID" Type="Edm.String" Nullable="false" MaxLength="255" sap:unicode="false" sap:label="External Contact ID"/><Property Name="InteractionContactAdditionalOriginUUID" Type="Edm.Guid" sap:unicode="false" sap:label="Additional ID UUID" sap:creatable="false" sap:updatable="false"/><Property Name="InteractionContactUUID" Type="Edm.Guid" sap:unicode="false" sap:label="UUID" sap:creatable="false" sap:updatable="false"/><Property Name="IntactnContactAddlIDIsInvalid" Type="Edm.Boolean" sap:unicode="false" sap:label="Invalid" sap:creatable="false" sap:updatable="false"/><NavigationProperty Name="MarketingAreas" Relationship="API_MKT_INTERACTION_CONTACT_SRV.AdditionalIDMarketingArea" FromRole="FromRole_AdditionalIDMarketingArea" ToRole="ToRole_AdditionalIDMarketingArea"/></EntityType><EntityType Name="InteractionContactOriginData" sap:content-version="1"><Key><PropertyRef Name="InteractionContactOrigin"/><PropertyRef Name="InteractionContactID"/></Key><Property Name="InteractionContactOrigin" Type="Edm.String" Nullable="false" MaxLength="20" sap:unicode="false" sap:label="Origin of Contact"/><Property Name="InteractionContactID" Type="Edm.String" Nullable="false" MaxLength="255" sap:unicode="false" sap:label="External Contact ID"/><Property Name="OriginDataLastChgUTCDateTime" Type="Edm.DateTime" Precision="7" sap:unicode="false" sap:label="Origin Timestamp"/><Property Name="LastChangeDateTime" Type="Edm.DateTime" Precision="7" sap:unicode="false" sap:label="Last Change Date Time" sap:creatable="false" sap:updatable="false"/><Property Name="LastChangedByUser" Type="Edm.String" MaxLength="12" sap:unicode="false" sap:label="Last Changed By User" sap:creatable="false" sap:updatable="false"/><Property Name="WebSiteURL" Type="Edm.String" MaxLength="1000" sap:unicode="false" sap:label="Website URL" sap:sortable="false" sap:filterable="false"/><Property Name="CreationDateTime" Type="Edm.DateTime" Precision="7" sap:unicode="false" sap:label="Creation Date Time" sap:creatable="false" sap:updatable="false"/><Property Name="InteractionContactImageURL" Type="Edm.String" MaxLength="1000" sap:unicode="false" sap:label="Image URL" sap:sortable="false" sap:filterable="false"/><Property Name="CreatedByUser" Type="Edm.String" MaxLength="12" sap:unicode="false" sap:label="Created By User" sap:creatable="false" sap:updatable="false"/><Property Name="InteractionContactType" Type="Edm.String" MaxLength="2" sap:unicode="false" sap:label="IC Type" sap:creatable="false" sap:updatable="false"/><Property Name="InteractionContactUUID" Type="Edm.Guid" sap:unicode="false" sap:label="UUID" sap:creatable="false" sap:updatable="false"/><Property Name="Latitude" Type="Edm.Decimal" Precision="20" Scale="10" sap:unicode="false" sap:label="Latitude"/><Property Name="Longitude" Type="Edm.Decimal" Precision="20" Scale="10" sap:unicode="false" sap:label="Longitude"/><Property Name="FullName" Type="Edm.String" MaxLength="80" sap:unicode="false" sap:label="Name"/><Property Name="SpatialReferenceSystem" Type="Edm.String" MaxLength="10" sap:unicode="false" sap:label="Spatial Ref ID"/><Property Name="CityName" Type="Edm.String" MaxLength="40" sap:unicode="false" sap:label="City"/><Property Name="StreetName" Type="Edm.String" MaxLength="60" sap:unicode="false" sap:label="Street"/><Property Name="AddressHouseNumber" Type="Edm.String" MaxLength="10" sap:unicode="false" sap:label="House Number"/><Property Name="Language" Type="Edm.String" MaxLength="2" sap:unicode="false" sap:label="Language"/><Property Name="LanguageName" Type="Edm.String" MaxLength="16" sap:unicode="false" sap:label="Name"/><Property Name="EmailAddress" Type="Edm.String" MaxLength="241" sap:unicode="false" sap:label="E-Mail Address"/><Property Name="PhoneNumber" Type="Edm.String" MaxLength="30" sap:unicode="false" sap:label="Phone"/><Property Name="MobileNumber" Type="Edm.String" MaxLength="30" sap:unicode="false" sap:label="Mobile"/><Property Name="FaxNumber" Type="Edm.String" MaxLength="30" sap:unicode="false" sap:label="Fax"/><Property Name="HasMktgPermissionForDirectMail" Type="Edm.String" MaxLength="1" sap:unicode="false" sap:label="Postal Opt-In"/><Property Name="Country" Type="Edm.String" MaxLength="3" sap:unicode="false" sap:label="Country"/><Property Name="CountryName" Type="Edm.String" MaxLength="50" sap:unicode="false" sap:label="Country Long Name"/><Property Name="AddressRegion" Type="Edm.String" MaxLength="3" sap:unicode="false" sap:label="Region"/><Property Name="RegionName" Type="Edm.String" MaxLength="40" sap:unicode="false" sap:label="Region"/><Property Name="ContactPostalCode" Type="Edm.String" MaxLength="10" sap:unicode="false" sap:label="Postal Code"/><Property Name="Industry" Type="Edm.String" MaxLength="4" sap:unicode="false" sap:label="Industry"/><Property Name="IndustryName" Type="Edm.String" MaxLength="40" sap:unicode="false" sap:label="Industry"/><Property Name="IsObsolete" Type="Edm.Boolean" sap:unicode="false" sap:label="Is Obsolete" sap:sortable="false" sap:filterable="false"/><NavigationProperty Name="MarketingAreas" Relationship="API_MKT_INTERACTION_CONTACT_SRV.InteractionContactOriginDataMktgArea" FromRole="FromRole_InteractionContactOriginDataMktgArea" ToRole="ToRole_InteractionContactOriginDataMktgArea"/><NavigationProperty Name="MarketingPermissions" Relationship="API_MKT_INTERACTION_CONTACT_SRV.IntrctnCntctOriginDataMktPermission" FromRole="FromRole_IntrctnCntctOriginDataMktPermission" ToRole="ToRole_IntrctnCntctOriginDataMktPermission"/><NavigationProperty Name="MarketingAttributes" Relationship="API_MKT_INTERACTION_CONTACT_SRV.IntrctnCntctOriginDataMarketingAttribute" FromRole="FromRole_IntrctnCntctOriginDataMarketingAttribute" ToRole="ToRole_IntrctnCntctOriginDataMarketingAttribute"/><NavigationProperty Name="AdditionalIDs" Relationship="API_MKT_INTERACTION_CONTACT_SRV.InteractionContactOriginDataAdditionalID" FromRole="FromRole_InteractionContactOriginDataAdditionalID" ToRole="ToRole_InteractionContactOriginDataAdditionalID"/></EntityType><EntityType Name="MarketingArea" sap:content-version="1"><Key><PropertyRef Name="InteractionContactOrigin"/><PropertyRef Name="InteractionContactID"/><PropertyRef Name="InteractionContactMktgArea"/></Key><Property Name="InteractionContactOrigin" Type="Edm.String" Nullable="false" MaxLength="20" sap:unicode="false" sap:label="Origin of Contact"/><Property Name="InteractionContactID" Type="Edm.String" Nullable="false" MaxLength="255" sap:unicode="false" sap:label="External Contact ID"/><Property Name="InteractionContactMktgArea" Type="Edm.String" Nullable="false" MaxLength="40" sap:unicode="false" sap:label="Marketing Area ID"/><Property Name="InteractionContactMktgAreaName" Type="Edm.String" Nullable="false" MaxLength="120" sap:unicode="false" sap:label="Marketing Area" sap:creatable="false" sap:updatable="false"/><Property Name="InteractionContactUUID" Type="Edm.Guid" sap:unicode="false" sap:label="UUID" sap:creatable="false" sap:updatable="false"/><Property Name="InteractionContactAdditionalOriginUUID" Type="Edm.Guid" sap:unicode="false" sap:label="Additional ID UUID" sap:creatable="false" sap:updatable="false"/><Property Name="InteractionContactMktgAreaUUID" Type="Edm.Guid" sap:unicode="false" sap:label="IC Mktg Area UUID" sap:creatable="false" sap:updatable="false"/></EntityType><ComplexType Name="TextCT"><Property Name="Text" Type="Edm.String" Nullable="false" sap:creatable="false" sap:updatable="false" sap:sortable="false" sap:filterable="false"/></ComplexType><Association Name="InteractionContactOriginDataAdditionalID" sap:content-version="1"><End Type="API_MKT_INTERACTION_CONTACT_SRV.InteractionContactOriginData" Multiplicity="1" Role="FromRole_InteractionContactOriginDataAdditionalID"/><End Type="API_MKT_INTERACTION_CONTACT_SRV.AdditionalID" Multiplicity="*" Role="ToRole_InteractionContactOriginDataAdditionalID"/><ReferentialConstraint><Principal Role="FromRole_InteractionContactOriginDataAdditionalID"><PropertyRef Name="InteractionContactID"/><PropertyRef Name="InteractionContactOrigin"/></Principal><Dependent Role="ToRole_InteractionContactOriginDataAdditionalID"><PropertyRef Name="InteractionContactID"/><PropertyRef Name="InteractionContactOrigin"/></Dependent></ReferentialConstraint></Association><Association Name="IntrctnCntctOriginDataMarketingAttribute" sap:content-version="1"><End Type="API_MKT_INTERACTION_CONTACT_SRV.InteractionContactOriginData" Multiplicity="1" Role="FromRole_IntrctnCntctOriginDataMarketingAttribute"/><End Type="API_MKT_INTERACTION_CONTACT_SRV.MarketingAttribute" Multiplicity="*" Role="ToRole_IntrctnCntctOriginDataMarketingAttribute"/><ReferentialConstraint><Principal Role="FromRole_IntrctnCntctOriginDataMarketingAttribute"><PropertyRef Name="InteractionContactID"/><PropertyRef Name="InteractionContactOrigin"/></Principal><Dependent Role="ToRole_IntrctnCntctOriginDataMarketingAttribute"><PropertyRef Name="InteractionContactID"/><PropertyRef Name="InteractionContactOrigin"/></Dependent></ReferentialConstraint></Association><Association Name="IntrctnCntctOriginDataMktPermission" sap:content-version="1"><End Type="API_MKT_INTERACTION_CONTACT_SRV.InteractionContactOriginData" Multiplicity="1" Role="FromRole_IntrctnCntctOriginDataMktPermission"/><End Type="API_MKT_INTERACTION_CONTACT_SRV.MarketingPermission" Multiplicity="*" Role="ToRole_IntrctnCntctOriginDataMktPermission"/></Association><Association Name="InteractionContactOriginDataMktgArea" sap:content-version="1"><End Type="API_MKT_INTERACTION_CONTACT_SRV.InteractionContactOriginData" Multiplicity="1" Role="FromRole_InteractionContactOriginDataMktgArea"/><End Type="API_MKT_INTERACTION_CONTACT_SRV.MarketingArea" Multiplicity="*" Role="ToRole_InteractionContactOriginDataMktgArea"/><ReferentialConstraint><Principal Role="FromRole_InteractionContactOriginDataMktgArea"><PropertyRef Name="InteractionContactID"/><PropertyRef Name="InteractionContactOrigin"/></Principal><Dependent Role="ToRole_InteractionContactOriginDataMktgArea"><PropertyRef Name="InteractionContactID"/><PropertyRef Name="InteractionContactOrigin"/></Dependent></ReferentialConstraint></Association><Association Name="AdditionalIDMarketingArea" sap:content-version="1"><End Type="API_MKT_INTERACTION_CONTACT_SRV.AdditionalID" Multiplicity="1" Role="FromRole_AdditionalIDMarketingArea"/><End Type="API_MKT_INTERACTION_CONTACT_SRV.MarketingArea" Multiplicity="*" Role="ToRole_AdditionalIDMarketingArea"/><ReferentialConstraint><Principal Role="FromRole_AdditionalIDMarketingArea"><PropertyRef Name="InteractionContactAdditionalExternalID"/><PropertyRef Name="InteractionContactAdditionalOrigin"/><PropertyRef Name="InteractionContactID"/><PropertyRef Name="InteractionContactOrigin"/></Principal><Dependent Role="ToRole_AdditionalIDMarketingArea"><PropertyRef Name="InteractionContactID"/><PropertyRef Name="InteractionContactOrigin"/><PropertyRef Name="InteractionContactID"/><PropertyRef Name="InteractionContactOrigin"/></Dependent></ReferentialConstraint></Association><Association Name="InteractionContactIntrctnCntctOriginData" sap:content-version="1"><End Type="API_MKT_INTERACTION_CONTACT_SRV.InteractionContact" Multiplicity="1" Role="FromRole_InteractionContactIntrctnCntctOriginData"/><End Type="API_MKT_INTERACTION_CONTACT_SRV.InteractionContactOriginData" Multiplicity="*" Role="ToRole_InteractionContactIntrctnCntctOriginData"/><ReferentialConstraint><Principal Role="FromRole_InteractionContactIntrctnCntctOriginData"><PropertyRef Name="InteractionContactUUID"/></Principal><Dependent Role="ToRole_InteractionContactIntrctnCntctOriginData"><PropertyRef Name="InteractionContactUUID"/></Dependent></ReferentialConstraint></Association><Association Name="InteractionContactMarketingAttributes" sap:content-version="1"><End Type="API_MKT_INTERACTION_CONTACT_SRV.InteractionContact" Multiplicity="1" Role="FromRole_InteractionContactMarketingAttributes"/><End Type="API_MKT_INTERACTION_CONTACT_SRV.MarketingAttribute" Multiplicity="*" Role="ToRole_InteractionContactMarketingAttributes"/><ReferentialConstraint><Principal Role="FromRole_InteractionContactMarketingAttributes"><PropertyRef Name="InteractionContactUUID"/></Principal><Dependent Role="ToRole_InteractionContactMarketingAttributes"><PropertyRef Name="InteractionContactUUID"/></Dependent></ReferentialConstraint></Association><Association Name="InteractionContactAccountTeamMember" sap:content-version="1"><End Type="API_MKT_INTERACTION_CONTACT_SRV.InteractionContact" Multiplicity="1" Role="FromRole_InteractionContactAccountTeamMember"/><End Type="API_MKT_INTERACTION_CONTACT_SRV.AccountTeamMember" Multiplicity="*" Role="ToRole_InteractionContactAccountTeamMember"/><ReferentialConstraint><Principal Role="FromRole_InteractionContactAccountTeamMember"><PropertyRef Name="InteractionContactUUID"/></Principal><Dependent Role="ToRole_InteractionContactAccountTeamMember"><PropertyRef Name="InteractionContactUUID"/></Dependent></ReferentialConstraint></Association><Association Name="InteractionContactMarketingPermission" sap:content-version="1"><End Type="API_MKT_INTERACTION_CONTACT_SRV.InteractionContact" Multiplicity="1" Role="FromRole_InteractionContactMarketingPermission"/><End Type="API_MKT_INTERACTION_CONTACT_SRV.MarketingPermission" Multiplicity="*" Role="ToRole_InteractionContactMarketingPermission"/></Association><Association Name="InteractionContactMarketingArea" sap:content-version="1"><End Type="API_MKT_INTERACTION_CONTACT_SRV.InteractionContact" Multiplicity="1" Role="FromRole_InteractionContactMarketingArea"/><End Type="API_MKT_INTERACTION_CONTACT_SRV.MarketingArea" Multiplicity="*" Role="ToRole_InteractionContactMarketingArea"/><ReferentialConstraint><Principal Role="FromRole_InteractionContactMarketingArea"><PropertyRef Name="InteractionContactUUID"/></Principal><Dependent Role="ToRole_InteractionContactMarketingArea"><PropertyRef Name="InteractionContactUUID"/></Dependent></ReferentialConstraint></Association><Association Name="InteractionContactAdditionalID" sap:content-version="1"><End Type="API_MKT_INTERACTION_CONTACT_SRV.InteractionContact" Multiplicity="1" Role="FromRole_InteractionContactAdditionalID"/><End Type="API_MKT_INTERACTION_CONTACT_SRV.AdditionalID" Multiplicity="*" Role="ToRole_InteractionContactAdditionalID"/><ReferentialConstraint><Principal Role="FromRole_InteractionContactAdditionalID"><PropertyRef Name="InteractionContactUUID"/></Principal><Dependent Role="ToRole_InteractionContactAdditionalID"><PropertyRef Name="InteractionContactUUID"/></Dependent></ReferentialConstraint></Association><EntityContainer Name="API_MKT_INTERACTION_CONTACT_SRV_Entities" m:IsDefaultEntityContainer="true" sap:supported-formats="atom json xlsx"><EntitySet Name="MarketingAttributes" EntityType="API_MKT_INTERACTION_CONTACT_SRV.MarketingAttribute" sap:deletable="false" sap:content-version="1"/><EntitySet Name="AccountTeamMembers" EntityType="API_MKT_INTERACTION_CONTACT_SRV.AccountTeamMember" sap:deletable="false" sap:content-version="1"/><EntitySet Name="MarketingPermissions" EntityType="API_MKT_INTERACTION_CONTACT_SRV.MarketingPermission" sap:deletable="false" sap:content-version="1"/><EntitySet Name="InteractionContacts" EntityType="API_MKT_INTERACTION_CONTACT_SRV.InteractionContact" sap:creatable="false" sap:updatable="false" sap:deletable="false" sap:content-version="1"/><EntitySet Name="AdditionalIDs" EntityType="API_MKT_INTERACTION_CONTACT_SRV.AdditionalID" sap:deletable="false" sap:content-version="1"/><EntitySet Name="InteractionContactOriginData" EntityType="API_MKT_INTERACTION_CONTACT_SRV.InteractionContactOriginData" sap:deletable="false" sap:content-version="1"/><EntitySet Name="MarketingAreas" EntityType="API_MKT_INTERACTION_CONTACT_SRV.MarketingArea" sap:deletable="false" sap:content-version="1"/><AssociationSet Name="InteractionContactOriginDataAdditionalID" Association="API_MKT_INTERACTION_CONTACT_SRV.InteractionContactOriginDataAdditionalID" sap:creatable="false" sap:updatable="false" sap:deletable="false" sap:content-version="1"><End EntitySet="InteractionContactOriginData" Role="FromRole_InteractionContactOriginDataAdditionalID"/><End EntitySet="AdditionalIDs" Role="ToRole_InteractionContactOriginDataAdditionalID"/></AssociationSet><AssociationSet Name="InteractionContactAdditionalIDs" Association="API_MKT_INTERACTION_CONTACT_SRV.InteractionContactAdditionalID" sap:creatable="false" sap:updatable="false" sap:deletable="false" sap:content-version="1"><End EntitySet="InteractionContacts" Role="FromRole_InteractionContactAdditionalID"/><End EntitySet="AdditionalIDs" Role="ToRole_InteractionContactAdditionalID"/></AssociationSet><AssociationSet Name="InteractionContactMarketingAttributes" Association="API_MKT_INTERACTION_CONTACT_SRV.InteractionContactMarketingAttributes" sap:creatable="false" sap:updatable="false" sap:deletable="false" sap:content-version="1"><End EntitySet="InteractionContacts" Role="FromRole_InteractionContactMarketingAttributes"/><End EntitySet="MarketingAttributes" Role="ToRole_InteractionContactMarketingAttributes"/></AssociationSet><AssociationSet Name="InteractionContactAccountTeamMembers" Association="API_MKT_INTERACTION_CONTACT_SRV.InteractionContactAccountTeamMember" sap:creatable="false" sap:updatable="false" sap:deletable="false" sap:content-version="1"><End EntitySet="InteractionContacts" Role="FromRole_InteractionContactAccountTeamMember"/><End EntitySet="AccountTeamMembers" Role="ToRole_InteractionContactAccountTeamMember"/></AssociationSet><AssociationSet Name="AdditionalIDMarketingAreas" Association="API_MKT_INTERACTION_CONTACT_SRV.AdditionalIDMarketingArea" sap:creatable="false" sap:updatable="false" sap:deletable="false" sap:content-version="1"><End EntitySet="AdditionalIDs" Role="FromRole_AdditionalIDMarketingArea"/><End EntitySet="MarketingAreas" Role="ToRole_AdditionalIDMarketingArea"/></AssociationSet><AssociationSet Name="IntrctnCntctOriginDataMktPermission_Asso" Association="API_MKT_INTERACTION_CONTACT_SRV.IntrctnCntctOriginDataMktPermission" sap:creatable="false" sap:updatable="false" sap:deletable="false" sap:content-version="1"><End EntitySet="InteractionContactOriginData" Role="FromRole_IntrctnCntctOriginDataMktPermission"/><End EntitySet="MarketingPermissions" Role="ToRole_IntrctnCntctOriginDataMktPermission"/></AssociationSet><AssociationSet Name="InteractionContactOriginDataMktgAreas" Association="API_MKT_INTERACTION_CONTACT_SRV.InteractionContactOriginDataMktgArea" sap:creatable="false" sap:updatable="false" sap:deletable="false" sap:content-version="1"><End EntitySet="InteractionContactOriginData" Role="FromRole_InteractionContactOriginDataMktgArea"/><End EntitySet="MarketingAreas" Role="ToRole_InteractionContactOriginDataMktgArea"/></AssociationSet><AssociationSet Name="InteractionContactIntrctnCntctOriginData" Association="API_MKT_INTERACTION_CONTACT_SRV.InteractionContactIntrctnCntctOriginData" sap:creatable="false" sap:updatable="false" sap:deletable="false" sap:content-version="1"><End EntitySet="InteractionContacts" Role="FromRole_InteractionContactIntrctnCntctOriginData"/><End EntitySet="InteractionContactOriginData" Role="ToRole_InteractionContactIntrctnCntctOriginData"/></AssociationSet><AssociationSet Name="InteractionContactMarketingAreas" Association="API_MKT_INTERACTION_CONTACT_SRV.InteractionContactMarketingArea" sap:creatable="false" sap:updatable="false" sap:deletable="false" sap:content-version="1"><End EntitySet="InteractionContacts" Role="FromRole_InteractionContactMarketingArea"/><End EntitySet="MarketingAreas" Role="ToRole_InteractionContactMarketingArea"/></AssociationSet><AssociationSet Name="IntrctnCntctOriginDataMarketingAttribute" Association="API_MKT_INTERACTION_CONTACT_SRV.IntrctnCntctOriginDataMarketingAttribute" sap:creatable="false" sap:updatable="false" sap:deletable="false" sap:content-version="1"><End EntitySet="InteractionContactOriginData" Role="FromRole_IntrctnCntctOriginDataMarketingAttribute"/><End EntitySet="MarketingAttributes" Role="ToRole_IntrctnCntctOriginDataMarketingAttribute"/></AssociationSet><AssociationSet Name="InteractionContactMarketingPermission_As" Association="API_MKT_INTERACTION_CONTACT_SRV.InteractionContactMarketingPermission" sap:creatable="false" sap:updatable="false" sap:deletable="false" sap:content-version="1"><End EntitySet="InteractionContacts" Role="FromRole_InteractionContactMarketingPermission"/><End EntitySet="MarketingPermissions" Role="ToRole_InteractionContactMarketingPermission"/></AssociationSet><FunctionImport Name="DeleteMarketingAttributeAssignment" ReturnType="Collection(API_MKT_INTERACTION_CONTACT_SRV.InteractionContact)" EntitySet="InteractionContacts" m:HttpMethod="POST"><Parameter Name="InteractionContactOrigin" Type="Edm.String" Mode="In" MaxLength="20"/><Parameter Name="InteractionContactID" Type="Edm.String" Mode="In" MaxLength="255"/></FunctionImport></EntityContainer><atom:link rel="self" href="https://ldciabd.wdf.sap.corp:44300/sap/opu/odata/sap/API_MKT_INTERACTION_CONTACT_SRV/$metadata" xmlns:atom="http://www.w3.org/2005/Atom"/><atom:link rel="latest-version" href="https://ldciabd.wdf.sap.corp:44300/sap/opu/odata/sap/API_MKT_INTERACTION_CONTACT_SRV;v=2/$metadata" xmlns:atom="http://www.w3.org/2005/Atom"/></Schema></edmx:DataServices></edmx:Edmx>