<?xml version='1.0' encoding='utf-8'?><entry xmlns="http://www.w3.org/2005/Atom" xmlns:m="http://schemas.microsoft.com/ado/2007/08/dataservices/metadata" xmlns:d="http://schemas.microsoft.com/ado/2007/08/dataservices" xml:base="https://backoffice.c7i1h7cj5m-sapintern1-s1-public.model-t.cc.commerce.ondemand.com/odata2webservices/CPQInboundQuote/"><id>https://backoffice.c7i1h7cj5m-sapintern1-s1-public.model-t.cc.commerce.ondemand.com/odata2webservices/CPQInboundQuote/Quotes('-1')</id><title type="text">Quotes</title><updated>2024-07-10T08:05:58.769Z</updated><category term="HybrisCommerceOData.Quote" scheme="http://schemas.microsoft.com/ado/2007/08/dataservices/scheme"/><link href="Quotes('-1')" rel="edit" title="Quote"/><link href="Quotes('-1')/cpqQuoteEntries" rel="http://schemas.microsoft.com/ado/2007/08/dataservices/related/cpqQuoteEntries" title="cpqQuoteEntries" type="application/atom+xml;type=feed"><m:inline><feed xml:base="https://backoffice.c7i1h7cj5m-sapintern1-s1-public.model-t.cc.commerce.ondemand.com/odata2webservices/CPQInboundQuote/"><id>https://backoffice.c7i1h7cj5m-sapintern1-s1-public.model-t.cc.commerce.ondemand.com/odata2webservices/CPQInboundQuote/QuoteEntries</id><title type="text">QuoteEntries</title><updated>2024-07-10T08:05:58.77Z</updated><author><name/></author><link href="QuoteEntries" rel="self" title="QuoteEntries"/><entry><id>https://backoffice.c7i1h7cj5m-sapintern1-s1-public.model-t.cc.commerce.ondemand.com/odata2webservices/CPQInboundQuote/QuoteEntries('-1')</id><title type="text">QuoteEntries</title><updated>2024-07-10T08:05:58.77Z</updated><category term="HybrisCommerceOData.QuoteEntry" scheme="http://schemas.microsoft.com/ado/2007/08/dataservices/scheme"/><link href="QuoteEntries('-1')" rel="edit" title="QuoteEntry"/><link href="QuoteEntries('-1')/unit" rel="http://schemas.microsoft.com/ado/2007/08/dataservices/related/unit" title="unit" type="application/atom+xml;type=entry"><m:inline><entry xml:base="https://backoffice.c7i1h7cj5m-sapintern1-s1-public.model-t.cc.commerce.ondemand.com/odata2webservices/CPQInboundQuote/"><id>https://backoffice.c7i1h7cj5m-sapintern1-s1-public.model-t.cc.commerce.ondemand.com/odata2webservices/CPQInboundQuote/Units('-1')</id><title type="text">Units</title><updated>2024-07-10T08:05:58.77Z</updated><category term="HybrisCommerceOData.Unit" scheme="http://schemas.microsoft.com/ado/2007/08/dataservices/scheme"/><link href="Units('-1')" rel="edit" title="Unit"/><content type="application/xml"><m:properties><d:code>PCE</d:code><d:integrationKey>-1</d:integrationKey></m:properties></content></entry></m:inline></link><link href="QuoteEntries('-1')/cpqPricingDetails" rel="http://schemas.microsoft.com/ado/2007/08/dataservices/related/cpqPricingDetails" title="cpqPricingDetails" type="application/atom+xml;type=feed"><m:inline><feed xml:base="https://backoffice.c7i1h7cj5m-sapintern1-s1-public.model-t.cc.commerce.ondemand.com/odata2webservices/CPQInboundQuote/"><id>https://backoffice.c7i1h7cj5m-sapintern1-s1-public.model-t.cc.commerce.ondemand.com/odata2webservices/CPQInboundQuote/CpqPricingDetails</id><title type="text">CpqPricingDetails</title><updated>2024-07-10T08:05:58.77Z</updated><author><name/></author><link href="CpqPricingDetails" rel="self" title="CpqPricingDetails"/><entry><id>https://backoffice.c7i1h7cj5m-sapintern1-s1-public.model-t.cc.commerce.ondemand.com/odata2webservices/CPQInboundQuote/CpqPricingDetails('-1')</id><title type="text">CpqPricingDetails</title><updated>2024-07-10T08:05:58.77Z</updated><category term="HybrisCommerceOData.CpqPricingDetail" scheme="http://schemas.microsoft.com/ado/2007/08/dataservices/scheme"/><link href="CpqPricingDetails('-1')" rel="edit" title="CpqPricingDetail"/><content type="application/xml"><m:properties><d:rolledUpDiscountAmount>0.0000</d:rolledUpDiscountAmount><d:extendedAmount>81.0000</d:extendedAmount><d:listPrice>45.0000</d:listPrice><d:rolledUpNetPrice>0.0000</d:rolledUpNetPrice><d:pricingType>Fixed</d:pricingType><d:rolledUpExtendedAmount>0.0000</d:rolledUpExtendedAmount><d:rolledUpExtendedListPrice>0.0000</d:rolledUpExtendedListPrice><d:rolledUpDiscountPercent>0.0000</d:rolledUpDiscountPercent><d:netPrice>40.5000</d:netPrice><d:itemId>1</d:itemId><d:discountPercent>10.0000</d:discountPercent><d:extendedListPrice>90.0000</d:extendedListPrice><d:rolledUpListPrice>0.0000</d:rolledUpListPrice><d:discountAmount>9.0000</d:discountAmount><d:integrationKey>-1</d:integrationKey></m:properties></content></entry><entry><id>https://backoffice.c7i1h7cj5m-sapintern1-s1-public.model-t.cc.commerce.ondemand.com/odata2webservices/CPQInboundQuote/CpqPricingDetails('-1')</id><title type="text">CpqPricingDetails</title><updated>2024-07-10T08:05:58.77Z</updated><category term="HybrisCommerceOData.CpqPricingDetail" scheme="http://schemas.microsoft.com/ado/2007/08/dataservices/scheme"/><link href="CpqPricingDetails('-1')" rel="edit" title="CpqPricingDetail"/><content type="application/xml"><m:properties><d:rolledUpDiscountAmount>0.0000</d:rolledUpDiscountAmount><d:extendedAmount>0.0000</d:extendedAmount><d:listPrice>0.0000</d:listPrice><d:rolledUpNetPrice>0.0000</d:rolledUpNetPrice><d:pricingType>Recurring</d:pricingType><d:rolledUpExtendedAmount>0.0000</d:rolledUpExtendedAmount><d:rolledUpExtendedListPrice>0.0000</d:rolledUpExtendedListPrice><d:rolledUpDiscountPercent>0.0000</d:rolledUpDiscountPercent><d:netPrice>0.0000</d:netPrice><d:itemId>2</d:itemId><d:discountPercent>0.0000</d:discountPercent><d:extendedListPrice>0.0000</d:extendedListPrice><d:rolledUpListPrice>0.0000</d:rolledUpListPrice><d:discountAmount>0.0000</d:discountAmount><d:integrationKey>-1</d:integrationKey></m:properties></content></entry></feed></m:inline></link><content type="application/xml"><m:properties><d:cpqItemId>68</d:cpqItemId><d:cpqParentItemId>0</d:cpqParentItemId><d:quantity>2</d:quantity><d:cpqExternalQuoteEntryId>68</d:cpqExternalQuoteEntryId><d:productTypeName>L001</d:productTypeName><d:cpqRank>1</d:cpqRank><d:productId>TG11</d:productId><d:entryNumber>68</d:entryNumber><d:integrationKey>-1</d:integrationKey></m:properties></content></entry></feed></m:inline></link><link href="Quotes('-1')/currency" rel="http://schemas.microsoft.com/ado/2007/08/dataservices/related/currency" title="currency" type="application/atom+xml;type=entry"><m:inline><entry xml:base="https://backoffice.c7i1h7cj5m-sapintern1-s1-public.model-t.cc.commerce.ondemand.com/odata2webservices/CPQInboundQuote/"><id>https://backoffice.c7i1h7cj5m-sapintern1-s1-public.model-t.cc.commerce.ondemand.com/odata2webservices/CPQInboundQuote/Currencies('-1')</id><title type="text">Currencies</title><updated>2024-07-10T08:05:58.77Z</updated><category term="HybrisCommerceOData.Currency" scheme="http://schemas.microsoft.com/ado/2007/08/dataservices/scheme"/><link href="Currencies('-1')" rel="edit" title="Currency"/><content type="application/xml"><m:properties><d:isocode>USD</d:isocode><d:integrationKey>-1</d:integrationKey></m:properties></content></entry></m:inline></link><link href="Quotes('-1')/assignee" rel="http://schemas.microsoft.com/ado/2007/08/dataservices/related/assignee" title="assignee" type="application/atom+xml;type=entry"><m:inline><entry xml:base="https://backoffice.c7i1h7cj5m-sapintern1-s1-public.model-t.cc.commerce.ondemand.com/odata2webservices/CPQInboundQuote/"><id>https://backoffice.c7i1h7cj5m-sapintern1-s1-public.model-t.cc.commerce.ondemand.com/odata2webservices/CPQInboundQuote/Users('-1')</id><title type="text">Users</title><updated>2024-07-10T08:05:58.77Z</updated><category term="HybrisCommerceOData.User" scheme="http://schemas.microsoft.com/ado/2007/08/dataservices/scheme"/><link href="Users('-1')" rel="edit" title="User"/><content type="application/xml"><m:properties><d:uid>epd_2105_emailnotifications+mary.brown@sap.com</d:uid><d:integrationKey>-1</d:integrationKey></m:properties></content></entry></m:inline></link><link href="Quotes('-1')/user" rel="http://schemas.microsoft.com/ado/2007/08/dataservices/related/user" title="user" type="application/atom+xml;type=entry"><m:inline><entry xml:base="https://backoffice.c7i1h7cj5m-sapintern1-s1-public.model-t.cc.commerce.ondemand.com/odata2webservices/CPQInboundQuote/"><id>https://backoffice.c7i1h7cj5m-sapintern1-s1-public.model-t.cc.commerce.ondemand.com/odata2webservices/CPQInboundQuote/Users('-1')</id><title type="text">Users</title><updated>2024-07-10T08:05:58.77Z</updated><category term="HybrisCommerceOData.User" scheme="http://schemas.microsoft.com/ado/2007/08/dataservices/scheme"/><link href="Users('-1')" rel="edit" title="User"/><content type="application/xml"><m:properties><d:uid>epd_2105_emailnotifications+mary.brown@sap.com</d:uid><d:integrationKey>-1</d:integrationKey></m:properties></content></entry></m:inline></link><content type="application/xml"><m:properties><d:proposalMessage>5th try :(</d:proposalMessage><d:cpqDistributionChannel>10</d:cpqDistributionChannel><d:quoteExpirationDate>2024-08-08T00:00:00</d:quoteExpirationDate><d:cpqQuoteProposalDocument>https://sapinternal-tst.cpq.cloud.sap/api/v1/quotes/111/documents/100726/file</d:cpqQuoteProposalDocument><d:cpqDivision>00</d:cpqDivision><d:version>-1</d:version><d:cpqQuoteNumber>01340001</d:cpqQuoteNumber><d:totalPrice>81.0</d:totalPrice><d:cpqSalesOrganization>1710</d:cpqSalesOrganization><d:cpqExternalQuoteId>111</d:cpqExternalQuoteId><d:code>0005000200</d:code><d:integrationKey>-1</d:integrationKey></m:properties></content></entry>
