{
  "openapi": "3.0.0",
  "info": {
    "title": "Promotion API",
    "version": "1.0.0"
  },
  "paths": {
    "/api/promotion": {
      "post": {
        "summary": "Create a new promotion",
        "requestBody": {
          "description": "Promotion data",
          "required": true,
          "content": {
            "application/json": {
              "schema": {
                "$ref": "#/components/schemas/PromotionRequest"
              }
            }
          }
        },
        "responses": {
          "200": {
            "description": "Successful response",
            "content": {
              "application/json": {
                "schema": {
                  "$ref": "#/components/schemas/ApiResponse"
                }
              }
            }
          }
        }
      }
    }
  },
  "components": {
    "schemas": {
      "PromotionRequest": {
        "type": "object",
        "properties": {
          "masterData": {
            "type": "object",
            "properties": {
              "systemId": {
                "type": "string"
              },
              "dataSource": {
                "type": "string"
              },
              "currencyCodes": {
                "type": "array",
                "items": {
                  "$ref": "#/components/schemas/CurrencyCode"
                }
              },
              "uomCodes": {
                "type": "array",
                "items": {
                  "$ref": "#/components/schemas/UomCode"
                }
              }
            }
          },
          "externalFields": {
            "type": "object",
            "properties": {
              "adaptSystem": {
                "type": "string"
              },
              "tacticCode": {
                "type": "string"
              },
              "tacticId": {
                "type": "string"
              }
            }
          },
          "uuid": {
            "type": "string"
          },
          "promotionId": {
            "type": "string"
          },
          "promotionName": {
            "type": "string"
          },
          "startDate": {
            "type": "string",
            "format": "date"
          },
          "endDate": {
            "type": "string",
            "format": "date"
          },
          "customerIds": {
            "type": "array",
            "items": {
              "type": "string"
            }
          },
          "customerHierNodeId": {
            "type": "string"
          },
          "salesAreaId": {
            "type": "string"
          },
          "salesOrgId": {
            "type": "string"
          },
          "externalGuid": {
            "type": "string"
          },
          "distributionChainId": {
            "type": "string"
          },
          "distributionChannelCode": {
            "type": "string"
          },
          "divisionCode": {
            "type": "string"
          },
          "salesCurrencyCode": {
            "type": "string"
          },
          "companyCodeId": {
            "type": "string"
          },
          "companyCodeCurrencyCode": {
            "type": "string"
          },
          "adapterTypeCode": {
            "type": "string"
          },
          "pricingRules": {
            "type": "array",
            "items": {
              "$ref": "#/components/schemas/PricingRule"
            }
          }
        }
      },
      "CurrencyCode": {
        "type": "object",
        "properties": {
          "code": {
            "type": "string"
          },
          "isoCurrencyCode": {
            "type": "string"
          },
          "minorUnit": {
            "type": "integer"
          }
        }
      },
      "UomCode": {
        "type": "object",
        "properties": {
          "code": {
            "type": "string"
          },
          "isoUomCode": {
            "type": "string"
          }
        }
      },
      "PricingRule": {
        "type": "object",
        "properties": {
          "id": {
            "type": "string"
          },
          "tacticTypeCode": {
            "type": "string"
          },
          "spendTypeCode": {
            "type": "string"
          },
          "pricingMethodTypeCode": {
            "type": "string"
          },
          "typeCode": {
            "type": "string"
          },
          "modeCode": {
            "type": "string"
          },
          "productId": {
            "type": "string"
          },
          "productIds": {
            "type": "array",
            "items": {
              "type": "string"
            }
          },
          "amountValue": {
            "type": "number"
          },
          "percentageValue": {
            "type": "number"
          },
          "currencyCode": {
            "type": "string"
          },
          "baseUomCode": {
            "type": "string"
          },
          "salesUomCode": {
            "type": "string"
          },
          "isoUomCode": {
            "type": "string"
          },
          "distributions":{
            "type":"object",
            "properties":{
              "productId":{
                "type":"string"
              },
              "amountValue":{
                "type":"string"
              }
            }
          },
          "pricingCapability": {
            "type": "object",
            "properties": {
              "code": {
                "type": "string"
              },
              "qualifier": {
                "type": "object",
                "properties": {
                  "CONDITION_CONTRACT_TYPE": {
                    "type": "string"
                  },
                  "PROCESS_VARIANT": {
                    "type": "string"
                  }
                }
              }
            }
          },
          "qualifier": {
            "type": "object",
            "properties": {
              "CONDITION_TYPE_FOR_REBATE": {
                "type": "string"
              },
              "CONDITION_TYPE_FOR_ACCRUAL": {
                "type": "string"
              },
              "CONDITION_TABLE": {
                "type": "string"
              },
              "uoms": {
                "type": "array",
                "items": {
                  "type": "object",
                  "properties": {
                    "uomCode": {
                      "type": "string"
                    },
                    "amountValue": {
                      "type": "number"
                    }
                  }
                }
              }
            }
          }
        }
      },
      "ApiResponse": {
        "type": "object",
        "properties": {
          "message": {
            "type": "string"
          },
          "data": {
            "$ref": "#/components/schemas/PromotionRequest"
          }
        }
      }
    }
  }
}