{
	"openapi": "3.0.3",
	"info": {
		"title": "Point of Delivery Replication In",
		"version": "1.0.0",
		"description": "Replicate Point of Delivery from SAP S/4HANA"
	},
	"servers": [
		{
			"url": "https://{hostname}",
			"description": "Example of server url is https://my1234567.crm.cloud.sap",
			"variables": {
				"hostname": {
					"default": ""
				}
			}
		}
	],
	"components": {
		"securitySchemes": {
			"basicAuthentication": {
				"type": "http",
				"scheme": "basic"
			}
		},
		"schemas": {
			"error": {
				"type": "object",
				"properties": {
					"error": {
						"type": "object",
						"properties": {
							"code": {
								"type": "string"
							},
							"details": {
								"type": "array",
								"items": {
									"type": "object",
									"properties": {
										"message": {
											"type": "string"
										},
										"code": {
											"type": "string"
										},
										"target": {
											"type": "string"
										}
									}
								}
							},
							"message": {
								"type": "string"
							},
							"target": {
								"type": "string"
							}
						}
					}
				}
			},
			"PointofDeliveryReplicationIncreaterequest": {
				"title": "Point of Delivery Replication In create request",
				"type": "object",
				"properties": {
					"messageHeader": {
						"type": "object",
						"properties": {
							"id": {
								"type": "string",
								"nullable": true,
								"format": "uuid",
								"title": "ID"
							},
							"senderCommunicationSystemDisplayId": {
								"type": "string",
								"nullable": true,
								"title": "Sender Communication System Display ID"
							},
							"receiverCommunicationSystemDisplayId": {
								"type": "string",
								"nullable": true,
								"title": "Receiver Communication System Display ID"
							},
							"creationDateTime": {
								"type": "string",
								"format": "date-time",
								"nullable": true
							}
						}
					},
					"messageRequests": {
						"type": "array",
						"items": {
							"type": "object",
							"properties": {
								"messageHeader": {
									"type": "object",
									"properties": {
										"id": {
											"type": "string",
											"nullable": true,
											"format": "uuid",
											"title": "ID"
										},
										"messageEntityName": {
											"type": "string",
											"nullable": true
										},
										"creationDateTime": {
											"type": "string",
											"format": "date-time",
											"nullable": true
										},
										"actionCode": {
											"type": "string",
											"nullable": true,
											"enum": [
												"CREATE",
												"DELETE",
												"SAVE",
												"QUERY"
											],
											"title": "Action Code"
										},
										"referenceMessageRequestId": {
											"type": "string",
											"nullable": true,
											"title": "Reference Message Request ID"
										}
									}
								},
								"body": {
									"type": "object",
									"properties": {
										"id": {
											"type": "string",
											"nullable": true,
											"format": "uuid"
										},
										"adminData": {
											"type": "object",
											"properties": {
												"createdBy": {
													"type": "string",
													"nullable": true,
													"format": "uuid",
													"title": "Created By"
												},
												"createdByName": {
													"type": "string",
													"nullable": true,
													"title": "lbl_createdBy"
												},
												"createdOn": {
													"type": "string",
													"format": "date-time",
													"nullable": true
												},
												"updatedBy": {
													"type": "string",
													"nullable": true,
													"format": "uuid",
													"title": "Changed By"
												},
												"updatedByName": {
													"type": "string",
													"nullable": true,
													"title": "lbl_changedBy"
												},
												"updatedOn": {
													"type": "string",
													"format": "date-time",
													"nullable": true
												}
											}
										},
										"communicationSystemDisplayId": {
											"type": "string",
											"nullable": true
										},
										"communicationSystemId": {
											"type": "string",
											"nullable": true,
											"format": "uuid"
										},
										"externalId": {
											"type": "string",
											"nullable": true
										},
										"description": {
											"type": "string",
											"nullable": true
										},
										"internalKey": {
											"type": "string",
											"nullable": true
										},
										"division": {
											"type": "string",
											"nullable": true
										},
										"divisionDescription": {
											"type": "string",
											"nullable": true
										},
										"type": {
											"type": "string",
											"nullable": true
										},
										"typeDescription": {
											"type": "string",
											"nullable": true
										},
										"source": {
											"type": "string",
											"nullable": true
										},
										"isTechnical": {
											"type": "boolean",
											"nullable": true
										},
										"isDeregulated": {
											"type": "boolean",
											"nullable": true
										},
										"isDeleted": {
											"type": "boolean",
											"nullable": true
										},
										"outlineContract": {
											"type": "boolean",
											"nullable": true
										},
										"grid": {
											"type": "string",
											"nullable": true
										},
										"distributor": {
											"type": "string",
											"nullable": true
										},
										"installationId": {
											"type": "string",
											"nullable": true
										},
										"rateCategory": {
											"type": "string",
											"nullable": true
										},
										"rateCategoryDescription": {
											"type": "string",
											"nullable": true
										},
										"premiseExternalId": {
											"type": "string",
											"nullable": true
										},
										"premiseId": {
											"type": "string",
											"nullable": true,
											"format": "uuid"
										},
										"services": {
											"type": "array",
											"items": {
												"type": "object",
												"properties": {
													"serviceProvider": {
														"type": "string",
														"nullable": true
													},
													"division": {
														"type": "string",
														"nullable": true
													},
													"divisionDescription": {
														"type": "string",
														"nullable": true
													},
													"serviceType": {
														"type": "string",
														"nullable": true
													},
													"serviceTypeDescription": {
														"type": "string",
														"nullable": true
													},
													"serviceStartDate": {
														"type": "string",
														"format": "date",
														"nullable": true
													},
													"serviceEndDate": {
														"type": "string",
														"format": "date",
														"nullable": true
													}
												}
											}
										}
									}
								}
							}
						}
					}
				}
			},
			"PointofDeliveryReplicationInfile": {
				"title": "Point of Delivery Replication In file",
				"type": "object",
				"properties": {
					"value": {
						"type": "object",
						"properties": {
							"messageHeader": {
								"type": "object",
								"properties": {
									"id": {
										"type": "string",
										"nullable": true,
										"format": "uuid",
										"title": "ID"
									},
									"senderCommunicationSystemDisplayId": {
										"type": "string",
										"nullable": true,
										"title": "Sender Communication System Display ID"
									},
									"receiverCommunicationSystemDisplayId": {
										"type": "string",
										"nullable": true,
										"title": "Receiver Communication System Display ID"
									},
									"creationDateTime": {
										"type": "string",
										"format": "date-time",
										"nullable": true
									}
								}
							},
							"messageRequests": {
								"type": "array",
								"items": {
									"type": "object",
									"properties": {
										"messageHeader": {
											"type": "object",
											"properties": {
												"id": {
													"type": "string",
													"nullable": true,
													"format": "uuid",
													"title": "ID"
												},
												"messageEntityName": {
													"type": "string",
													"nullable": true
												},
												"creationDateTime": {
													"type": "string",
													"format": "date-time",
													"nullable": true
												},
												"actionCode": {
													"type": "string",
													"nullable": true,
													"enum": [
														"CREATE",
														"DELETE",
														"SAVE",
														"QUERY"
													],
													"title": "Action Code"
												},
												"referenceMessageRequestId": {
													"type": "string",
													"nullable": true,
													"title": "Reference Message Request ID"
												}
											}
										},
										"body": {
											"type": "object",
											"properties": {
												"id": {
													"type": "string",
													"nullable": true,
													"format": "uuid"
												},
												"adminData": {
													"type": "object",
													"properties": {
														"createdBy": {
															"type": "string",
															"nullable": true,
															"format": "uuid",
															"title": "Created By"
														},
														"createdByName": {
															"type": "string",
															"nullable": true,
															"title": "lbl_createdBy"
														},
														"createdOn": {
															"type": "string",
															"format": "date-time",
															"nullable": true
														},
														"updatedBy": {
															"type": "string",
															"nullable": true,
															"format": "uuid",
															"title": "Changed By"
														},
														"updatedByName": {
															"type": "string",
															"nullable": true,
															"title": "lbl_changedBy"
														},
														"updatedOn": {
															"type": "string",
															"format": "date-time",
															"nullable": true
														}
													}
												},
												"communicationSystemDisplayId": {
													"type": "string",
													"nullable": true
												},
												"communicationSystemId": {
													"type": "string",
													"nullable": true,
													"format": "uuid"
												},
												"externalId": {
													"type": "string",
													"nullable": true
												},
												"description": {
													"type": "string",
													"nullable": true
												},
												"internalKey": {
													"type": "string",
													"nullable": true
												},
												"division": {
													"type": "string",
													"nullable": true
												},
												"divisionDescription": {
													"type": "string",
													"nullable": true
												},
												"type": {
													"type": "string",
													"nullable": true
												},
												"typeDescription": {
													"type": "string",
													"nullable": true
												},
												"source": {
													"type": "string",
													"nullable": true
												},
												"isTechnical": {
													"type": "boolean",
													"nullable": true
												},
												"isDeregulated": {
													"type": "boolean",
													"nullable": true
												},
												"isDeleted": {
													"type": "boolean",
													"nullable": true
												},
												"outlineContract": {
													"type": "boolean",
													"nullable": true
												},
												"grid": {
													"type": "string",
													"nullable": true
												},
												"distributor": {
													"type": "string",
													"nullable": true
												},
												"installationId": {
													"type": "string",
													"nullable": true
												},
												"rateCategory": {
													"type": "string",
													"nullable": true
												},
												"rateCategoryDescription": {
													"type": "string",
													"nullable": true
												},
												"premiseExternalId": {
													"type": "string",
													"nullable": true
												},
												"premiseId": {
													"type": "string",
													"nullable": true,
													"format": "uuid"
												},
												"services": {
													"type": "array",
													"items": {
														"type": "object",
														"properties": {
															"serviceProvider": {
																"type": "string",
																"nullable": true
															},
															"division": {
																"type": "string",
																"nullable": true
															},
															"divisionDescription": {
																"type": "string",
																"nullable": true
															},
															"serviceType": {
																"type": "string",
																"nullable": true
															},
															"serviceTypeDescription": {
																"type": "string",
																"nullable": true
															},
															"serviceStartDate": {
																"type": "string",
																"format": "date",
																"nullable": true
															},
															"serviceEndDate": {
																"type": "string",
																"format": "date",
																"nullable": true
															}
														}
													}
												}
											}
										}
									}
								}
							}
						}
					}
				}
			}
		}
	},
	"security": [
		{
			"basicAuthentication": []
		}
	],
	"paths": {
		"/sap/c4c/api/v1/inbound-data-connector-service/messages/sap.crm.pointofdeliveryservice.entity.podS4ReplicationMessageIn": {
			"post": {
				"operationId": "createpointofdeliveryservice_podS4ReplicationIn",
				"tags": [
					"PodS4ReplicationIn"
				],
				"summary": "Create data",
				"parameters": [],
				"requestBody": {
					"content": {
						"application/json": {
							"schema": {
								"$ref": "#/components/schemas/PointofDeliveryReplicationIncreaterequest"
							}
						}
					}
				},
				"responses": {
					"201": {
						"description": "201 CREATED",
						"content": {
							"application/json": {
								"schema": {
									"$ref": "#/components/schemas/PointofDeliveryReplicationInfile"
								}
							}
						}
					},
					"400": {
						"description": "400 BAD_REQUEST",
						"content": {
							"application/json": {
								"schema": {
									"$ref": "#/components/schemas/error"
								}
							}
						}
					},
					"401": {
						"description": "401 UNAUTHORIZED"
					},
					"403": {
						"description": "403 FORBIDDEN"
					},
					"404": {
						"description": "404 NOT_FOUND"
					},
					"500": {
						"description": "500 INTERNAL_SERVER_ERROR",
						"content": {
							"application/json": {
								"schema": {
									"$ref": "#/components/schemas/error"
								}
							}
						}
					}
				}
			}
		}
	},
	"x-sap-shortText": "Manage entities from Point of Delivery Replication In service."
}