{
	"openapi": "3.0.3",
	"info": {
		"title": "Premise Replication In",
		"version": "1.0.0",
		"description": "Replicate Premises from SAP S/4HANA"
	},
	"servers": [
		{
			"url": "https://{hostname}",
			"description": "Example of server url is https://my1234567.crm.cloud.sap",
			"variables": {
				"hostname": {
					"default": ""
				}
			}
		}
	],
	"components": {
		"securitySchemes": {
			"basicAuthentication": {
				"type": "http",
				"scheme": "basic"
			}
		},
		"schemas": {
			"error": {
				"type": "object",
				"properties": {
					"error": {
						"type": "object",
						"properties": {
							"code": {
								"type": "string"
							},
							"details": {
								"type": "array",
								"items": {
									"type": "object",
									"properties": {
										"message": {
											"type": "string"
										},
										"code": {
											"type": "string"
										},
										"target": {
											"type": "string"
										}
									}
								}
							},
							"message": {
								"type": "string"
							},
							"target": {
								"type": "string"
							}
						}
					}
				}
			},
			"PremiseReplicationIncreaterequest": {
				"title": "Premise Replication In create request",
				"type": "object",
				"properties": {
					"messageHeader": {
						"type": "object",
						"properties": {
							"id": {
								"type": "string",
								"nullable": true,
								"format": "uuid",
								"title": "ID"
							},
							"senderCommunicationSystemDisplayId": {
								"type": "string",
								"nullable": true,
								"title": "Sender Communication System Display ID"
							},
							"receiverCommunicationSystemDisplayId": {
								"type": "string",
								"nullable": true,
								"title": "Receiver Communication System Display ID"
							},
							"creationDateTime": {
								"type": "string",
								"format": "date-time",
								"nullable": true
							}
						}
					},
					"messageRequests": {
						"type": "array",
						"items": {
							"type": "object",
							"properties": {
								"messageHeader": {
									"type": "object",
									"properties": {
										"id": {
											"type": "string",
											"nullable": true,
											"format": "uuid",
											"title": "ID"
										},
										"messageEntityName": {
											"type": "string",
											"nullable": true
										},
										"creationDateTime": {
											"type": "string",
											"format": "date-time",
											"nullable": true
										},
										"actionCode": {
											"type": "string",
											"nullable": true,
											"enum": [
												"CREATE",
												"DELETE",
												"SAVE",
												"QUERY"
											],
											"title": "Action Code"
										},
										"referenceMessageRequestId": {
											"type": "string",
											"nullable": true,
											"title": "Reference Message Request ID"
										}
									}
								},
								"body": {
									"type": "object",
									"properties": {
										"id": {
											"type": "string",
											"nullable": true,
											"format": "uuid"
										},
										"displayId": {
											"type": "string",
											"nullable": true,
											"title": "ID"
										},
										"externalReferenceId": {
											"type": "string",
											"nullable": true,
											"title": "Premise External ID"
										},
										"floor": {
											"type": "string",
											"nullable": true,
											"title": "Floor"
										},
										"room": {
											"type": "string",
											"nullable": true,
											"title": "Room"
										},
										"premiseType": {
											"type": "string",
											"nullable": true,
											"title": "Premise Type"
										},
										"premiseTypeDescription": {
											"type": "string",
											"nullable": true,
											"title": "Premise Description Type"
										},
										"houseSupplement": {
											"type": "string",
											"nullable": true,
											"title": "House Supplement"
										},
										"streetSupplement1": {
											"type": "string",
											"nullable": true,
											"title": "Street Supplement 1"
										},
										"streetSupplement2": {
											"type": "string",
											"nullable": true,
											"title": "Street Supplement 2"
										},
										"locationSupplement": {
											"type": "string",
											"nullable": true,
											"title": "Location Supplement"
										},
										"ownerId": {
											"type": "string",
											"nullable": true,
											"title": "Owner"
										},
										"ownerName": {
											"type": "string",
											"nullable": true,
											"title": "Owner Name"
										},
										"ownerDbId": {
											"type": "string",
											"nullable": true,
											"format": "uuid"
										},
										"ownerDisplayId": {
											"type": "string",
											"nullable": true,
											"title": "Owner ID"
										},
										"ownerCategory": {
											"type": "string",
											"nullable": true
										},
										"formattedAddress": {
											"type": "string",
											"nullable": true,
											"title": "Formatted Address"
										},
										"communicationSystemDisplayId": {
											"type": "string",
											"nullable": true,
											"title": "Communication System ID"
										},
										"connObjExternalId": {
											"type": "string",
											"nullable": true,
											"title": "Connection.Object External ID"
										},
										"connObjDescription": {
											"type": "string",
											"nullable": true
										},
										"street2": {
											"type": "string",
											"nullable": true,
											"title": "Street 2"
										},
										"street": {
											"type": "string",
											"nullable": true,
											"title": "Street"
										},
										"houseNo2": {
											"type": "string",
											"nullable": true,
											"title": "House Number 2"
										},
										"houseNo": {
											"type": "string",
											"nullable": true,
											"title": "House Number"
										},
										"buildingCode": {
											"type": "string",
											"nullable": true,
											"title": "Building"
										},
										"district": {
											"type": "string",
											"nullable": true,
											"title": "District"
										},
										"postalCode": {
											"type": "string",
											"nullable": true,
											"title": "Postal Code"
										},
										"city": {
											"type": "string",
											"nullable": true,
											"title": "City"
										},
										"regionDescription": {
											"type": "string",
											"nullable": true,
											"title": "Region"
										},
										"region": {
											"type": "string",
											"nullable": true,
											"title": "Region ID"
										},
										"country": {
											"type": "string",
											"nullable": true,
											"title": "Country/Region"
										},
										"countryDescription": {
											"type": "string",
											"nullable": true,
											"title": "Country/Region"
										},
										"connObjFormattedAddress": {
											"type": "string",
											"nullable": true,
											"title": "Conn.Obj Formatted Address"
										},
										"adminData": {
											"type": "object",
											"properties": {
												"createdBy": {
													"type": "string",
													"nullable": true,
													"format": "uuid",
													"title": "Created By"
												},
												"createdByName": {
													"type": "string",
													"nullable": true,
													"title": "Created by"
												},
												"createdOn": {
													"type": "string",
													"format": "date-time",
													"nullable": true
												},
												"updatedBy": {
													"type": "string",
													"nullable": true,
													"format": "uuid",
													"title": "Changed By"
												},
												"updatedByName": {
													"type": "string",
													"nullable": true,
													"title": "Updated by"
												},
												"updatedOn": {
													"type": "string",
													"format": "date-time",
													"nullable": true
												}
											}
										},
										"extensions": {
											"type": "object",
											"properties": {
												"TestCustomerField": {
													"type": "string",
													"nullable": true,
													"maxLength": 25,
													"title": "Test CustomerField"
												},
												"DEMO1": {
													"type": "number",
													"nullable": true,
													"format": "float"
												},
												"test": {
													"type": "string",
													"nullable": true,
													"maxLength": 5,
													"title": "test"
												},
												"test1_lfhuv8pj": {
													"type": "number",
													"nullable": true,
													"format": "float"
												},
												"Ext_TimeZOne": {
													"type": "string",
													"nullable": true,
													"maxLength": 80,
													"title": "DUmmy_timeZone"
												},
												"Ext_numberOfPersons": {
													"type": "number",
													"nullable": true,
													"format": "double"
												},
												"Ext_Building": {
													"type": "string",
													"nullable": true,
													"maxLength": 80,
													"title": "Ext_Building"
												},
												"Ext_connObjDescription": {
													"type": "string",
													"nullable": true,
													"maxLength": 80,
													"title": "Ext_connObjDescription"
												},
												"Ext_timeZone": {
													"type": "string",
													"nullable": true,
													"maxLength": 80,
													"title": "Time Zone"
												},
												"Demo_TECH": {
													"type": "string",
													"nullable": true,
													"maxLength": 40,
													"title": "Demo1"
												}
											}
										}
									}
								}
							}
						}
					}
				}
			},
			"PremiseReplicationInfile": {
				"title": "Premise Replication In file",
				"type": "object",
				"properties": {
					"value": {
						"type": "object",
						"properties": {
							"messageHeader": {
								"type": "object",
								"properties": {
									"id": {
										"type": "string",
										"nullable": true,
										"format": "uuid",
										"title": "ID"
									},
									"senderCommunicationSystemDisplayId": {
										"type": "string",
										"nullable": true,
										"title": "Sender Communication System Display ID"
									},
									"receiverCommunicationSystemDisplayId": {
										"type": "string",
										"nullable": true,
										"title": "Receiver Communication System Display ID"
									},
									"creationDateTime": {
										"type": "string",
										"format": "date-time",
										"nullable": true
									}
								}
							},
							"messageRequests": {
								"type": "array",
								"items": {
									"type": "object",
									"properties": {
										"messageHeader": {
											"type": "object",
											"properties": {
												"id": {
													"type": "string",
													"nullable": true,
													"format": "uuid",
													"title": "ID"
												},
												"messageEntityName": {
													"type": "string",
													"nullable": true
												},
												"creationDateTime": {
													"type": "string",
													"format": "date-time",
													"nullable": true
												},
												"actionCode": {
													"type": "string",
													"nullable": true,
													"enum": [
														"CREATE",
														"DELETE",
														"SAVE",
														"QUERY"
													],
													"title": "Action Code"
												},
												"referenceMessageRequestId": {
													"type": "string",
													"nullable": true,
													"title": "Reference Message Request ID"
												}
											}
										},
										"body": {
											"type": "object",
											"properties": {
												"id": {
													"type": "string",
													"nullable": true,
													"format": "uuid"
												},
												"displayId": {
													"type": "string",
													"nullable": true,
													"title": "ID"
												},
												"externalReferenceId": {
													"type": "string",
													"nullable": true,
													"title": "Premise External ID"
												},
												"floor": {
													"type": "string",
													"nullable": true,
													"title": "Floor"
												},
												"room": {
													"type": "string",
													"nullable": true,
													"title": "Room"
												},
												"premiseType": {
													"type": "string",
													"nullable": true,
													"title": "Premise Type"
												},
												"premiseTypeDescription": {
													"type": "string",
													"nullable": true,
													"title": "Premise Description Type"
												},
												"houseSupplement": {
													"type": "string",
													"nullable": true,
													"title": "House Supplement"
												},
												"streetSupplement1": {
													"type": "string",
													"nullable": true,
													"title": "Street Supplement 1"
												},
												"streetSupplement2": {
													"type": "string",
													"nullable": true,
													"title": "Street Supplement 2"
												},
												"locationSupplement": {
													"type": "string",
													"nullable": true,
													"title": "Location Supplement"
												},
												"ownerId": {
													"type": "string",
													"nullable": true,
													"title": "Owner"
												},
												"ownerName": {
													"type": "string",
													"nullable": true,
													"title": "Owner Name"
												},
												"ownerDbId": {
													"type": "string",
													"nullable": true,
													"format": "uuid"
												},
												"ownerDisplayId": {
													"type": "string",
													"nullable": true,
													"title": "Owner ID"
												},
												"ownerCategory": {
													"type": "string",
													"nullable": true
												},
												"formattedAddress": {
													"type": "string",
													"nullable": true,
													"title": "Formatted Address"
												},
												"communicationSystemDisplayId": {
													"type": "string",
													"nullable": true,
													"title": "Communication System ID"
												},
												"connObjExternalId": {
													"type": "string",
													"nullable": true,
													"title": "Connection.Object External ID"
												},
												"connObjDescription": {
													"type": "string",
													"nullable": true
												},
												"street2": {
													"type": "string",
													"nullable": true,
													"title": "Street 2"
												},
												"street": {
													"type": "string",
													"nullable": true,
													"title": "Street"
												},
												"houseNo2": {
													"type": "string",
													"nullable": true,
													"title": "House Number 2"
												},
												"houseNo": {
													"type": "string",
													"nullable": true,
													"title": "House Number"
												},
												"buildingCode": {
													"type": "string",
													"nullable": true,
													"title": "Building"
												},
												"district": {
													"type": "string",
													"nullable": true,
													"title": "District"
												},
												"postalCode": {
													"type": "string",
													"nullable": true,
													"title": "Postal Code"
												},
												"city": {
													"type": "string",
													"nullable": true,
													"title": "City"
												},
												"regionDescription": {
													"type": "string",
													"nullable": true,
													"title": "Region"
												},
												"region": {
													"type": "string",
													"nullable": true,
													"title": "Region ID"
												},
												"country": {
													"type": "string",
													"nullable": true,
													"title": "Country/Region"
												},
												"countryDescription": {
													"type": "string",
													"nullable": true,
													"title": "Country/Region"
												},
												"connObjFormattedAddress": {
													"type": "string",
													"nullable": true,
													"title": "Conn.Obj Formatted Address"
												},
												"adminData": {
													"type": "object",
													"properties": {
														"createdBy": {
															"type": "string",
															"nullable": true,
															"format": "uuid",
															"title": "Created By"
														},
														"createdByName": {
															"type": "string",
															"nullable": true,
															"title": "Created by"
														},
														"createdOn": {
															"type": "string",
															"format": "date-time",
															"nullable": true
														},
														"updatedBy": {
															"type": "string",
															"nullable": true,
															"format": "uuid",
															"title": "Changed By"
														},
														"updatedByName": {
															"type": "string",
															"nullable": true,
															"title": "Updated by"
														},
														"updatedOn": {
															"type": "string",
															"format": "date-time",
															"nullable": true
														}
													}
												},
												"extensions": {
													"type": "object",
													"properties": {
														"TestCustomerField": {
															"type": "string",
															"nullable": true,
															"maxLength": 25,
															"title": "Test CustomerField"
														},
														"DEMO1": {
															"type": "number",
															"nullable": true,
															"format": "float"
														},
														"test": {
															"type": "string",
															"nullable": true,
															"maxLength": 5,
															"title": "test"
														},
														"test1_lfhuv8pj": {
															"type": "number",
															"nullable": true,
															"format": "float"
														},
														"Ext_TimeZOne": {
															"type": "string",
															"nullable": true,
															"maxLength": 80,
															"title": "DUmmy_timeZone"
														},
														"Ext_numberOfPersons": {
															"type": "number",
															"nullable": true,
															"format": "double"
														},
														"Ext_Building": {
															"type": "string",
															"nullable": true,
															"maxLength": 80,
															"title": "Ext_Building"
														},
														"Ext_connObjDescription": {
															"type": "string",
															"nullable": true,
															"maxLength": 80,
															"title": "Ext_connObjDescription"
														},
														"Ext_timeZone": {
															"type": "string",
															"nullable": true,
															"maxLength": 80,
															"title": "Time Zone"
														},
														"Demo_TECH": {
															"type": "string",
															"nullable": true,
															"maxLength": 40,
															"title": "Demo1"
														}
													}
												}
											}
										}
									}
								}
							}
						}
					}
				}
			}
		}
	},
	"security": [
		{
			"basicAuthentication": []
		}
	],
	"paths": {
		"/sap/c4c/api/v1/inbound-data-connector-service/messages/sap.crm.premiseservice.entity.premiseS4ReplicationMessageIn": {
			"post": {
				"operationId": "createpremiseservice_premiseS4ReplicationIn",
				"tags": [
					"PremiseS4ReplicationIn"
				],
				"summary": "Create data",
				"parameters": [],
				"requestBody": {
					"content": {
						"application/json": {
							"schema": {
								"$ref": "#/components/schemas/PremiseReplicationIncreaterequest"
							}
						}
					}
				},
				"responses": {
					"201": {
						"description": "201 CREATED",
						"content": {
							"application/json": {
								"schema": {
									"$ref": "#/components/schemas/PremiseReplicationInfile"
								}
							}
						}
					},
					"400": {
						"description": "400 BAD_REQUEST",
						"content": {
							"application/json": {
								"schema": {
									"$ref": "#/components/schemas/error"
								}
							}
						}
					},
					"401": {
						"description": "401 UNAUTHORIZED"
					},
					"403": {
						"description": "403 FORBIDDEN"
					},
					"404": {
						"description": "404 NOT_FOUND"
					},
					"500": {
						"description": "500 INTERNAL_SERVER_ERROR",
						"content": {
							"application/json": {
								"schema": {
									"$ref": "#/components/schemas/error"
								}
							}
						}
					}
				}
			}
		}
	},
	"x-sap-shortText": "Manage entities from Premise Replication In service."
}