<?xml version='1.0' encoding='UTF-8'?>
<edmx:Edmx xmlns:edmx="http://schemas.microsoft.com/ado/2007/06/edmx" Version="1.0">
	<edmx:DataServices m:DataServiceVersion="1.0" xmlns:m="http://schemas.microsoft.com/ado/2007/08/dataservices/metadata">
		<Schema Namespace="HybrisCommerceOData" xmlns="http://schemas.microsoft.com/ado/2008/09/edm" s:schema-version="1" xmlns:s="http://schemas.sap.com/commerce">
			<EntityType Name="FSPolicyStatus">
				<Key>
					<PropertyRef Name="integrationKey"/>
				</Key>
				<Property Name="code" Type="Edm.String" s:IsUnique="true" Nullable="false"/>
				<Property Name="integrationKey" Type="Edm.String" Nullable="false" s:Alias="FSPolicyStatus_code"/>
			</EntityType>
			<EntityType Name="Category">
				<Key>
					<PropertyRef Name="integrationKey"/>
				</Key>
				<Property Name="code" Type="Edm.String" s:IsUnique="true" Nullable="false"/>
				<Property Name="integrationKey" Type="Edm.String" Nullable="false" s:Alias="CatalogVersion_version|Catalog_id|Category_code"/>
				<NavigationProperty Name="catalogVersion" Relationship="HybrisCommerceOData.FK_Category_catalogVersion" FromRole="Category" ToRole="CatalogVersion" s:IsUnique="true" Nullable="false"/>
			</EntityType>
			<EntityType Name="User">
				<Key>
					<PropertyRef Name="integrationKey"/>
				</Key>
				<Property Name="externalId" Type="Edm.String" s:IsUnique="true" Nullable="true"/>
				<Property Name="integrationKey" Type="Edm.String" Nullable="false" s:Alias="User_externalId"/>
			</EntityType>
			<EntityType Name="InsuredObjectItem">
				<Key>
					<PropertyRef Name="integrationKey"/>
				</Key>
				<Property Name="itemId" Type="Edm.String" s:IsUnique="true" Nullable="true"/>
				<Property Name="key" Type="Edm.String" Nullable="true"/>
				<Property Name="label" Type="Edm.String" Nullable="true"/>
				<Property Name="format" Type="Edm.String" Nullable="true"/>
				<Property Name="externalValue" Type="Edm.String" Nullable="true"/>
				<Property Name="order" Type="Edm.Int32" Nullable="true"/>
				<Property Name="integrationKey" Type="Edm.String" Nullable="false" s:Alias="InsuredObjectItem_itemId"/>
			</EntityType>
			<EntityType Name="Product">
				<Key>
					<PropertyRef Name="integrationKey"/>
				</Key>
				<Property Name="code" Type="Edm.String" s:IsUnique="true" Nullable="false"/>
				<Property Name="integrationKey" Type="Edm.String" Nullable="false" s:Alias="CatalogVersion_version|Catalog_id|Product_code"/>
				<NavigationProperty Name="catalogVersion" Relationship="HybrisCommerceOData.FK_Product_catalogVersion" FromRole="Product" ToRole="CatalogVersion" s:IsUnique="true" Nullable="false"/>
			</EntityType>
			<EntityType Name="InsuredObject">
				<Key>
					<PropertyRef Name="integrationKey"/>
				</Key>
				<Property Name="insuredObjectId" Type="Edm.String" s:IsUnique="true" Nullable="true"/>
				<Property Name="technicalId" Type="Edm.String" s:IsUnique="true" Nullable="true"/>
				<Property Name="integrationKey" Type="Edm.String" Nullable="false" s:Alias="InsuredObject_insuredObjectId"/>
				<NavigationProperty Name="insuredObjectItems" Relationship="HybrisCommerceOData.FK_InsuredObject_insuredObjectItems" FromRole="InsuredObject" ToRole="InsuredObjectItem" Nullable="true" s:IsPartOf="true" s:IsAutoCreate="true"/>
				<NavigationProperty Name="childInsuredObjects" Relationship="HybrisCommerceOData.FK_InsuredObject_childInsuredObjects" FromRole="InsuredObject" ToRole="ChildInsuredObjects" Nullable="true" s:IsPartOf="true" s:IsAutoCreate="true"/>
				<NavigationProperty Name="insuredObjectType" Relationship="HybrisCommerceOData.FK_InsuredObject_insuredObjectType" FromRole="InsuredObject" ToRole="InsuredObjectType" Nullable="true"/>
			</EntityType>
			<EntityType Name="Coverage">
				<Key>
					<PropertyRef Name="integrationKey"/>
				</Key>
				<Property Name="coverageAmount" Type="Edm.Double" Nullable="true"/>
				<Property Name="coverageId" Type="Edm.String" s:IsUnique="true" Nullable="true"/>
				<Property Name="technicalId" Type="Edm.String" s:IsUnique="true" Nullable="true"/>
				<Property Name="integrationKey" Type="Edm.String" Nullable="false" s:Alias="Coverage_coverageId"/>
				<NavigationProperty Name="coverageProduct" Relationship="HybrisCommerceOData.FK_Coverage_coverageProduct" FromRole="Coverage" ToRole="Product" Nullable="true"/>
				<NavigationProperty Name="coverageType" Relationship="HybrisCommerceOData.FK_Coverage_coverageType" FromRole="Coverage" ToRole="CoverageType" Nullable="true"/>
			</EntityType>
			<EntityType Name="Catalog">
				<Key>
					<PropertyRef Name="integrationKey"/>
				</Key>
				<Property Name="id" Type="Edm.String" s:IsUnique="true" Nullable="false"/>
				<Property Name="integrationKey" Type="Edm.String" Nullable="false" s:Alias="Catalog_id"/>
			</EntityType>
			<EntityType Name="InsurancePolicy">
				<Key>
					<PropertyRef Name="integrationKey"/>
				</Key>
				<Property Name="policyId" Type="Edm.String" s:IsUnique="true" Nullable="true"/>
				<Property Name="expiredPolicyId" Type="Edm.String" s:IsUnique="true" Nullable="true"/>
				<Property Name="contractId" Type="Edm.String" s:IsUnique="true" Nullable="true"/>
				<Property Name="versionNumber" Type="Edm.String" s:IsUnique="true" Nullable="true"/>
				<Property Name="policyStartDate" Type="Edm.DateTime" Nullable="true"/>
				<Property Name="policyExpiryDate" Type="Edm.DateTime" Nullable="true"/>
				<Property Name="policyEffectiveDate" Type="Edm.DateTime" Nullable="true"/>
				<Property Name="premiumAmount" Type="Edm.Double" Nullable="true"/>
				<Property Name="technicalId" Type="Edm.String" s:IsUnique="true" Nullable="true"/>
				<Property Name="integrationKey" Type="Edm.String" Nullable="false" s:Alias="InsurancePolicy_contractId|InsurancePolicy_policyId|InsurancePolicy_versionNumber"/>
				<NavigationProperty Name="user" Relationship="HybrisCommerceOData.FK_InsurancePolicy_user" FromRole="InsurancePolicy" ToRole="User" Nullable="true"/>
				<NavigationProperty Name="currency" Relationship="HybrisCommerceOData.FK_InsurancePolicy_currency" FromRole="InsurancePolicy" ToRole="Currency" Nullable="true"/>
				<NavigationProperty Name="category" Relationship="HybrisCommerceOData.FK_InsurancePolicy_category" FromRole="InsurancePolicy" ToRole="Category" Nullable="true"/>
				<NavigationProperty Name="coverages" Relationship="HybrisCommerceOData.FK_InsurancePolicy_coverages" FromRole="InsurancePolicy" ToRole="Coverage" Nullable="true" s:IsPartOf="true" s:IsAutoCreate="true"/>
				<NavigationProperty Name="insuredObjects" Relationship="HybrisCommerceOData.FK_InsurancePolicy_insuredObjects" FromRole="InsurancePolicy" ToRole="InsuredObject" Nullable="true" s:IsPartOf="true" s:IsAutoCreate="true"/>
				<NavigationProperty Name="policyStatus" Relationship="HybrisCommerceOData.FK_InsurancePolicy_policyStatus" FromRole="InsurancePolicy" ToRole="FSPolicyStatus" Nullable="true"/>
				<NavigationProperty Name="paymentFrequency" Relationship="HybrisCommerceOData.FK_InsurancePolicy_paymentFrequency" FromRole="InsurancePolicy" ToRole="FSPaymentFrequency" Nullable="true"/>
				<NavigationProperty Name="paymentMethod" Relationship="HybrisCommerceOData.FK_InsurancePolicy_paymentMethod" FromRole="InsurancePolicy" ToRole="FSPaymentMethod" Nullable="true"/>
			</EntityType>
			<EntityType Name="FSPaymentFrequency">
				<Key>
					<PropertyRef Name="integrationKey"/>
				</Key>
				<Property Name="code" Type="Edm.String" s:IsUnique="true" Nullable="false"/>
				<Property Name="integrationKey" Type="Edm.String" Nullable="false" s:Alias="FSPaymentFrequency_code"/>
			</EntityType>
			<EntityType Name="FSPaymentMethod">
				<Key>
					<PropertyRef Name="integrationKey"/>
				</Key>
				<Property Name="code" Type="Edm.String" s:IsUnique="true" Nullable="false"/>
				<Property Name="integrationKey" Type="Edm.String" Nullable="false" s:Alias="FSPaymentMethod_code"/>
			</EntityType>
			<EntityType Name="Currency">
				<Key>
					<PropertyRef Name="integrationKey"/>
				</Key>
				<Property Name="isocode" Type="Edm.String" s:IsUnique="true" Nullable="false"/>
				<Property Name="integrationKey" Type="Edm.String" Nullable="false" s:Alias="Currency_isocode"/>
			</EntityType>
			<EntityType Name="CatalogVersion">
				<Key>
					<PropertyRef Name="integrationKey"/>
				</Key>
				<Property Name="version" Type="Edm.String" s:IsUnique="true" Nullable="false"/>
				<Property Name="active" Type="Edm.Boolean" Nullable="true"/>
				<Property Name="integrationKey" Type="Edm.String" Nullable="false" s:Alias="CatalogVersion_version|Catalog_id"/>
				<NavigationProperty Name="catalog" Relationship="HybrisCommerceOData.FK_CatalogVersion_catalog" FromRole="CatalogVersion" ToRole="Catalog" s:IsUnique="true" Nullable="false"/>
			</EntityType>
			<EntityType Name="InsuredObjectType">
				<Key>
					<PropertyRef Name="integrationKey"/>
				</Key>
				<Property Name="code" Type="Edm.String" s:IsUnique="true" Nullable="false"/>
				<Property Name="integrationKey" Type="Edm.String" Nullable="false" s:Alias="InsuredObjectType_code"/>
			</EntityType>
			<EntityType Name="CoverageType">
				<Key>
					<PropertyRef Name="integrationKey"/>
				</Key>
				<Property Name="code" Type="Edm.String" s:IsUnique="true" Nullable="false"/>
				<Property Name="integrationKey" Type="Edm.String" Nullable="false" s:Alias="CoverageType_code"/>
			</EntityType>
			<Association Name="FK_InsurancePolicy_user">
				<End Type="HybrisCommerceOData.InsurancePolicy" Multiplicity="0..1" Role="InsurancePolicy"/>
				<End Type="HybrisCommerceOData.User" Multiplicity="0..1" Role="User"/>
			</Association>
			<Association Name="FK_InsurancePolicy_currency">
				<End Type="HybrisCommerceOData.InsurancePolicy" Multiplicity="0..1" Role="InsurancePolicy"/>
				<End Type="HybrisCommerceOData.Currency" Multiplicity="0..1" Role="Currency"/>
			</Association>
			<Association Name="FK_InsurancePolicy_category">
				<End Type="HybrisCommerceOData.InsurancePolicy" Multiplicity="0..1" Role="InsurancePolicy"/>
				<End Type="HybrisCommerceOData.Category" Multiplicity="0..1" Role="Category"/>
			</Association>
			<Association Name="FK_InsurancePolicy_coverages">
				<End Type="HybrisCommerceOData.InsurancePolicy" Multiplicity="0..1" Role="InsurancePolicy"/>
				<End Type="HybrisCommerceOData.Coverage" Multiplicity="*" Role="Coverage"/>
			</Association>
			<Association Name="FK_InsurancePolicy_insuredObjects">
				<End Type="HybrisCommerceOData.InsurancePolicy" Multiplicity="0..1" Role="InsurancePolicy"/>
				<End Type="HybrisCommerceOData.InsuredObject" Multiplicity="*" Role="InsuredObject"/>
			</Association>
			<Association Name="FK_InsurancePolicy_policyStatus">
				<End Type="HybrisCommerceOData.InsurancePolicy" Multiplicity="0..1" Role="InsurancePolicy"/>
				<End Type="HybrisCommerceOData.FSPolicyStatus" Multiplicity="0..1" Role="FSPolicyStatus"/>
			</Association>
			<Association Name="FK_InsurancePolicy_paymentFrequency">
				<End Type="HybrisCommerceOData.InsurancePolicy" Multiplicity="0..1" Role="InsurancePolicy"/>
				<End Type="HybrisCommerceOData.FSPaymentFrequency" Multiplicity="0..1" Role="FSPaymentFrequency"/>
			</Association>
			<Association Name="FK_InsurancePolicy_paymentMethod">
				<End Type="HybrisCommerceOData.InsurancePolicy" Multiplicity="0..1" Role="InsurancePolicy"/>
				<End Type="HybrisCommerceOData.FSPaymentMethod" Multiplicity="0..1" Role="FSPaymentMethod"/>
			</Association>
			<Association Name="FK_Category_catalogVersion">
				<End Type="HybrisCommerceOData.Category" Multiplicity="0..1" Role="Category"/>
				<End Type="HybrisCommerceOData.CatalogVersion" Multiplicity="0..1" Role="CatalogVersion"/>
			</Association>
			<Association Name="FK_Coverage_coverageProduct">
				<End Type="HybrisCommerceOData.Coverage" Multiplicity="0..1" Role="Coverage"/>
				<End Type="HybrisCommerceOData.Product" Multiplicity="0..1" Role="Product"/>
			</Association>
			<Association Name="FK_Coverage_coverageType">
				<End Type="HybrisCommerceOData.Coverage" Multiplicity="0..1" Role="Coverage"/>
				<End Type="HybrisCommerceOData.CoverageType" Multiplicity="0..1" Role="CoverageType"/>
			</Association>
			<Association Name="FK_InsuredObject_insuredObjectItems">
				<End Type="HybrisCommerceOData.InsuredObject" Multiplicity="0..1" Role="InsuredObject"/>
				<End Type="HybrisCommerceOData.InsuredObjectItem" Multiplicity="*" Role="InsuredObjectItem"/>
			</Association>
			<Association Name="FK_InsuredObject_childInsuredObjects">
				<End Type="HybrisCommerceOData.InsuredObject" Multiplicity="0..1" Role="InsuredObject"/>
				<End Type="HybrisCommerceOData.InsuredObject" Multiplicity="*" Role="ChildInsuredObjects"/>
			</Association>
			<Association Name="FK_InsuredObject_insuredObjectType">
				<End Type="HybrisCommerceOData.InsuredObject" Multiplicity="0..1" Role="InsuredObject"/>
				<End Type="HybrisCommerceOData.InsuredObjectType" Multiplicity="0..1" Role="InsuredObjectType"/>
			</Association>
			<Association Name="FK_Product_catalogVersion">
				<End Type="HybrisCommerceOData.Product" Multiplicity="0..1" Role="Product"/>
				<End Type="HybrisCommerceOData.CatalogVersion" Multiplicity="0..1" Role="CatalogVersion"/>
			</Association>
			<Association Name="FK_CatalogVersion_catalog">
				<End Type="HybrisCommerceOData.CatalogVersion" Multiplicity="0..1" Role="CatalogVersion"/>
				<End Type="HybrisCommerceOData.Catalog" Multiplicity="0..1" Role="Catalog"/>
			</Association>
			<EntityContainer Name="Container" m:IsDefaultEntityContainer="true">
				<EntitySet Name="FSPolicyStatuses" EntityType="HybrisCommerceOData.FSPolicyStatus"/>
				<EntitySet Name="Categories" EntityType="HybrisCommerceOData.Category"/>
				<EntitySet Name="Users" EntityType="HybrisCommerceOData.User"/>
				<EntitySet Name="InsuredObjectItems" EntityType="HybrisCommerceOData.InsuredObjectItem"/>
				<EntitySet Name="Products" EntityType="HybrisCommerceOData.Product"/>
				<EntitySet Name="InsuredObjects" EntityType="HybrisCommerceOData.InsuredObject"/>
				<EntitySet Name="Coverages" EntityType="HybrisCommerceOData.Coverage"/>
				<EntitySet Name="Catalogs" EntityType="HybrisCommerceOData.Catalog"/>
				<EntitySet Name="InsurancePolicies" EntityType="HybrisCommerceOData.InsurancePolicy"/>
				<EntitySet Name="FSPaymentFrequencies" EntityType="HybrisCommerceOData.FSPaymentFrequency"/>
				<EntitySet Name="FSPaymentMethods" EntityType="HybrisCommerceOData.FSPaymentMethod"/>
				<EntitySet Name="Currencies" EntityType="HybrisCommerceOData.Currency"/>
				<EntitySet Name="CatalogVersions" EntityType="HybrisCommerceOData.CatalogVersion"/>
				<EntitySet Name="InsuredObjectTypes" EntityType="HybrisCommerceOData.InsuredObjectType"/>
				<EntitySet Name="CoverageTypes" EntityType="HybrisCommerceOData.CoverageType"/>
				<AssociationSet Name="InsurancePolicy_Users" Association="HybrisCommerceOData.FK_InsurancePolicy_user">
					<End EntitySet="InsurancePolicies" Role="InsurancePolicy"/>
					<End EntitySet="Users" Role="User"/>
				</AssociationSet>
				<AssociationSet Name="InsurancePolicy_Currencies" Association="HybrisCommerceOData.FK_InsurancePolicy_currency">
					<End EntitySet="InsurancePolicies" Role="InsurancePolicy"/>
					<End EntitySet="Currencies" Role="Currency"/>
				</AssociationSet>
				<AssociationSet Name="InsurancePolicy_Categories" Association="HybrisCommerceOData.FK_InsurancePolicy_category">
					<End EntitySet="InsurancePolicies" Role="InsurancePolicy"/>
					<End EntitySet="Categories" Role="Category"/>
				</AssociationSet>
				<AssociationSet Name="InsurancePolicy_Coverages" Association="HybrisCommerceOData.FK_InsurancePolicy_coverages">
					<End EntitySet="InsurancePolicies" Role="InsurancePolicy"/>
					<End EntitySet="Coverages" Role="Coverage"/>
				</AssociationSet>
				<AssociationSet Name="InsurancePolicy_InsuredObjects" Association="HybrisCommerceOData.FK_InsurancePolicy_insuredObjects">
					<End EntitySet="InsurancePolicies" Role="InsurancePolicy"/>
					<End EntitySet="InsuredObjects" Role="InsuredObject"/>
				</AssociationSet>
				<AssociationSet Name="InsurancePolicy_FSPolicyStatuses" Association="HybrisCommerceOData.FK_InsurancePolicy_policyStatus">
					<End EntitySet="InsurancePolicies" Role="InsurancePolicy"/>
					<End EntitySet="FSPolicyStatuses" Role="FSPolicyStatus"/>
				</AssociationSet>
				<AssociationSet Name="InsurancePolicy_FSPaymentFrequencies" Association="HybrisCommerceOData.FK_InsurancePolicy_paymentFrequency">
					<End EntitySet="InsurancePolicies" Role="InsurancePolicy"/>
					<End EntitySet="FSPaymentFrequencies" Role="FSPaymentFrequency"/>
				</AssociationSet>
				<AssociationSet Name="InsurancePolicy_FSPaymentMethods" Association="HybrisCommerceOData.FK_InsurancePolicy_paymentMethod">
					<End EntitySet="InsurancePolicies" Role="InsurancePolicy"/>
					<End EntitySet="FSPaymentMethods" Role="FSPaymentMethod"/>
				</AssociationSet>
				<AssociationSet Name="Category_CatalogVersions" Association="HybrisCommerceOData.FK_Category_catalogVersion">
					<End EntitySet="Categories" Role="Category"/>
					<End EntitySet="CatalogVersions" Role="CatalogVersion"/>
				</AssociationSet>
				<AssociationSet Name="Coverage_Products" Association="HybrisCommerceOData.FK_Coverage_coverageProduct">
					<End EntitySet="Coverages" Role="Coverage"/>
					<End EntitySet="Products" Role="Product"/>
				</AssociationSet>
				<AssociationSet Name="Coverage_CoverageTypes" Association="HybrisCommerceOData.FK_Coverage_coverageType">
					<End EntitySet="Coverages" Role="Coverage"/>
					<End EntitySet="CoverageTypes" Role="CoverageType"/>
				</AssociationSet>
				<AssociationSet Name="InsuredObject_InsuredObjectItems" Association="HybrisCommerceOData.FK_InsuredObject_insuredObjectItems">
					<End EntitySet="InsuredObjects" Role="InsuredObject"/>
					<End EntitySet="InsuredObjectItems" Role="InsuredObjectItem"/>
				</AssociationSet>
				<AssociationSet Name="InsuredObject_InsuredObjects" Association="HybrisCommerceOData.FK_InsuredObject_childInsuredObjects">
					<End EntitySet="InsuredObjects" Role="InsuredObject"/>
					<End EntitySet="InsuredObjects" Role="ChildInsuredObjects"/>
				</AssociationSet>
				<AssociationSet Name="InsuredObject_InsuredObjectTypes" Association="HybrisCommerceOData.FK_InsuredObject_insuredObjectType">
					<End EntitySet="InsuredObjects" Role="InsuredObject"/>
					<End EntitySet="InsuredObjectTypes" Role="InsuredObjectType"/>
				</AssociationSet>
				<AssociationSet Name="Product_CatalogVersions" Association="HybrisCommerceOData.FK_Product_catalogVersion">
					<End EntitySet="Products" Role="Product"/>
					<End EntitySet="CatalogVersions" Role="CatalogVersion"/>
				</AssociationSet>
				<AssociationSet Name="CatalogVersion_Catalogs" Association="HybrisCommerceOData.FK_CatalogVersion_catalog">
					<End EntitySet="CatalogVersions" Role="CatalogVersion"/>
					<End EntitySet="Catalogs" Role="Catalog"/>
				</AssociationSet>
			</EntityContainer>
		</Schema>
	</edmx:DataServices>
</edmx:Edmx>