{
  "swagger": "2.0",
  "info": {
    "title": "Sample API",
    "description": "API description in Markdown.",
    "version": "1.0.0"
  },
  "host": "api.example.com",
  "basePath": "/v1",
  "schemes": ["https"],
  "paths": {
    "/paymentAdviceCreate": {
      "post": {
        "summary": "Creates a payment advice.",
        "description": "Optional extended description in Markdown.",
        "produces": ["application/json"],
        "responses": {
          "201": {
            "description": "OK",
            "schema": {
              "type": "object",
              "properties": {
                "messageRequests": {
                  "type": "object",
                  "properties": {
                    "body": {
                      "type": "object",
                      "properties": {
                        "companyCode": {
                          "type": "string"
                        },
                        "paymentAdviceAccountType": {
                          "type": "string"
                        },
                        "paymentAdviceAccount": {
                          "type": "string"
                        },
                        "paymentAdvice": {
                          "type": "string"
                        },
                        "paymentDocument": {
                          "type": "string"
                        },
                        "accountByShipper": {
                          "type": "string"
                        },
                        "paymentCurrency": {
                          "type": "string"
                        },
                        "paymentDate": {
                          "type": "string"
                        },
                        "paidAmountInPaytCurrency": {
                          "type": "string"
                        },
                        "cashDiscountAmountInPaytCrcy": {
                          "type": "string"
                        },
                        "partnerBankCountry": {
                          "type": "string"
                        },
                        "partnerBankSWIFTCode": {
                          "type": "string"
                        },
                        "paymentAdviceHeaderText": {
                          "type": "string"
                        },
                        "paymentAdviceType": {
                          "type": "string"
                        },
                        "paymentAdviceStatus": {
                          "type": "string"
                        },
                        "paytAdvcDiffDeterminationRule": {
                          "type": "string"
                        },
                        "paymentAdviceSelectionRule": {
                          "type": "string"
                        },
                        "originalReferenceDocument": {
                          "type": "string"
                        },
                        "referenceDocumentType": {
                          "type": "string"
                        },
                        "feeAmountInTransactionCrcy": {
                          "type": "string"
                        },
                        "paymentTransaction": {
                          "type": "string"
                        },
                        "exchangeRate": {
                          "type": "string"
                        },
                        "billOfExchangeFailureDate": {
                          "type": "string"
                        },
                        "bankReference": {
                          "type": "string"
                        },
                        "businessPartnerName": {
                          "type": "string"
                        },
                        "to_PaymentAdviceItem": {
                          "type": "object",
                          "properties": {
                            "results": {
                              "type": "array",
                              "items": {
                                "type": "object",
                                "properties": {
                                  "companyCode": {
                                    "type": "string"
                                  },
                                  "paymentAdviceAccountType": {
                                    "type": "string"
                                  },
                                  "paymentAdviceAccount": {
                                    "type": "string"
                                  },
                                  "paymentAdvice": {
                                    "type": "string"
                                  },
                                  "paymentAdviceItem": {
                                    "type": "string"
                                  },
                                  "paymentAdviceAltvAccount": {
                                    "type": "string"
                                  },
                                  "alternativeCompanyCode": {
                                    "type": "string"
                                  },
                                  "accountingDocument": {
                                    "type": "string"
                                  },
                                  "documentReferenceID": {
                                    "type": "string"
                                  },
                                  "billingDocument": {
                                    "type": "string"
                                  },
                                  "branchAccount": {
                                    "type": "string"
                                  },
                                  "accountingDocumentCreationDate": {
                                    "type": "string"
                                  },
                                  "businessArea": {
                                    "type": "string"
                                  },
                                  "assignmentReference": {
                                    "type": "string"
                                  },
                                  "paytDifferenceReasonExtCode": {
                                    "type": "string"
                                  },
                                  "documentItemText": {
                                    "type": "string"
                                  },
                                  "taxAmountInCoCodeCrcy": {
                                    "type": "string"
                                  },
                                  "taxCode": {
                                    "type": "string"
                                  },
                                  "grossAmountInPaymentCurrency": {
                                    "type": "string"
                                  },
                                  "netPaymentAmountInPaytCurrency": {
                                    "type": "string"
                                  },
                                  "cashDiscountAmountInPaytCrcy": {
                                    "type": "string"
                                  },
                                  "fiscalYear": {
                                    "type": "string"
                                  },
                                  "accountingDocumentItem": {
                                    "type": "string"
                                  },
                                  "paymentAdviceAltvAccountType": {
                                    "type": "string"
                                  },
                                  "cashDiscountPercent": {
                                    "type": "string"
                                  },
                                  "cashDiscountDays": {
                                    "type": "string"
                                  },
                                  "differenceAmountInCoCodeCrcy": {
                                    "type": "string"
                                  },
                                  "differenceAmount": {
                                    "type": "string"
                                  },
                                  "diffAmtInAdditionalCurrency1": {
                                    "type": "string"
                                  },
                                  "diffAmtInAdditionalCurrency2": {
                                    "type": "string"
                                  },
                                  "itemIsActivated": {
                                    "type": "boolean"
                                  },
                                  "cashDiscountIsActivated": {
                                    "type": "boolean"
                                  },
                                  "isPartialPayment": {
                                    "type": "boolean"
                                  },
                                  "paytDiffRsdlBalIsCarriedFwd": {
                                    "type": "boolean"
                                  },
                                  "paymentDifferenceReason": {
                                    "type": "string"
                                  },
                                  "currency": {
                                    "type": "string"
                                  },
                                  "reference1IDByBusinessPartner": {
                                    "type": "string"
                                  },
                                  "reference2IDByBusinessPartner": {
                                    "type": "string"
                                  },
                                  "deliveryDocument": {
                                    "type": "string"
                                  },
                                  "invoiceDate": {
                                    "type": "string",
                                    "format": "date-time"
                                  },
                                  "purchasingDocReferenceByCust": {
                                    "type": "string"
                                  },
                                  "isPostedOnAccount": {
                                    "type": "boolean"
                                  },
                                  "paymentAdviceStatus": {
                                    "type": "string"
                                  },
                                  "deductionAmountInPaytCurrency": {
                                    "type": "string"
                                  },
                                  "paymentReference": {
                                    "type": "string"
                                  },
                                  "paymentAdviceSelectionField": {
                                    "type": "string"
                                  },
                                  "paymentAdviceSelectionValue": {
                                    "type": "string"
                                  },
                                  "paytAdvcExternalSelectionField": {
                                    "type": "string"
                                  },
                                  "additionalCurrency1": {
                                    "type": "string"
                                  },
                                  "additionalCurrency2": {
                                    "type": "string"
                                  },
                                  "companyCodeCurrency": {
                                    "type": "string"
                                  }
                                }
                              }
                            }
                          }
                        }
                      }
                    }
                  }
                }
              }
            }
          }
        }
      }
    }
  }
}
