{
	"openapi": "3.0.3",
	"info": {
		"title": "Invoice Service",
		"version": "1.0.0",
		"description": "Invoice Details \n\nGet Invoice details for a business partner and contract account"
	},
	"servers": [
		{
			"url": "https://{hostname}",
			"description": "Example of server url is https://my1234567.crm.cloud.sap",
			"variables": {
				"hostname": {
					"default": ""
				}
			}
		}
	],
	"components": {
		"securitySchemes": {
			"basicAuthentication": {
				"type": "http",
				"scheme": "basic"
			}
		},
		"schemas": {
			"error": {
				"type": "object",
				"properties": {
					"error": {
						"type": "object",
						"properties": {
							"code": {
								"type": "string"
							},
							"details": {
								"type": "array",
								"items": {
									"type": "object",
									"properties": {
										"message": {
											"type": "string"
										},
										"code": {
											"type": "string"
										},
										"target": {
											"type": "string"
										}
									}
								}
							},
							"message": {
								"type": "string"
							},
							"target": {
								"type": "string"
							}
						}
					}
				}
			},
			"Invoicequeryresponse": {
				"title": "Invoice query response",
				"type": "object",
				"properties": {
					"count": {
						"type": "integer",
						"format": "int32"
					},
					"value": {
						"type": "array",
						"items": {
							"type": "object",
							"properties": {
								"businessPartnerId": {
									"type": "string",
									"nullable": true,
									"maxLength": 10,
									"title": "Business Partner ID"
								},
								"contractAccountId": {
									"type": "string",
									"nullable": true,
									"maxLength": 12,
									"title": "Contract Account ID"
								},
								"dueDateFrom": {
									"type": "string",
									"format": "date",
									"nullable": true
								},
								"dueDateTo": {
									"type": "string",
									"format": "date",
									"nullable": true
								},
								"postingDateFrom": {
									"type": "string",
									"format": "date",
									"nullable": true
								},
								"postingDateTo": {
									"type": "string",
									"format": "date",
									"nullable": true
								},
								"maximumCount": {
									"type": "integer",
									"nullable": true,
									"format": "int32"
								},
								"documentNumber": {
									"type": "string",
									"nullable": true,
									"maxLength": 12,
									"title": "Document Number"
								},
								"invoiceDate": {
									"type": "string",
									"format": "date",
									"nullable": true
								},
								"statusCode": {
									"type": "string",
									"nullable": true,
									"maxLength": 1,
									"title": "Status Code"
								},
								"statusText": {
									"type": "string",
									"nullable": true,
									"maxLength": 60,
									"title": "Status Code"
								},
								"dueAmount": {
									"type": "object",
									"properties": {
										"content": {
											"type": "number",
											"nullable": true,
											"format": "double"
										},
										"currencyCode": {
											"type": "string",
											"nullable": true,
											"title": "Currency"
										}
									}
								},
								"dueDate": {
									"type": "string",
									"format": "date",
									"nullable": true
								},
								"amountPaid": {
									"type": "object",
									"properties": {
										"content": {
											"type": "number",
											"nullable": true,
											"format": "double"
										},
										"currencyCode": {
											"type": "string",
											"nullable": true,
											"title": "Currency"
										}
									}
								},
								"openAmount": {
									"type": "object",
									"properties": {
										"content": {
											"type": "number",
											"nullable": true,
											"format": "double"
										},
										"currencyCode": {
											"type": "string",
											"nullable": true,
											"title": "Currency"
										}
									}
								},
								"isCollectiveInvoice": {
									"type": "boolean",
									"nullable": true
								},
								"isReversed": {
									"type": "boolean",
									"nullable": true
								},
								"totalInvoiceCount": {
									"type": "integer",
									"nullable": true,
									"format": "int32"
								}
							}
						}
					}
				}
			},
			"info": {
				"type": "object",
				"properties": {
					"info": {
						"type": "object",
						"properties": {
							"code": {
								"type": "string"
							},
							"details": {
								"type": "array",
								"items": {
									"type": "object",
									"properties": {
										"message": {
											"type": "string"
										},
										"target": {
											"type": "string"
										},
										"code": {
											"type": "string"
										},
										"severity": {
											"type": "string",
											"enum": [
												"ERROR",
												"WARNING",
												"INFO"
											]
										}
									}
								}
							},
							"message": {
								"type": "string"
							},
							"target": {
								"type": "string"
							},
							"severity": {
								"type": "string",
								"enum": [
									"ERROR",
									"WARNING",
									"INFO"
								]
							}
						}
					}
				}
			}
		}
	},
	"security": [
		{
			"basicAuthentication": []
		}
	],
	"paths": {
		"/sap/c4c/api/v1/financials-integration-service/invoice": {
			"get": {
				"operationId": "queryfinancialsservice_invoice",
				"tags": [
					"Invoice"
				],
				"summary": "Retrieve invoice details for business partner and contract account",
				"description": "Specify query parameters to retrieve invoice details.",
				"parameters": [
					{
						"name": "$filter",
						"in": "query",
						"required": true,
						"schema": {
							"type": "string"
						},
						"examples": {
							"one": {
								"value": "businessPartnerId eq 7000004172 and contractAccountId eq 2025601",
								"summary": "Contract Account Invoice Details"
							}
						},
						"description": "Retrieve invoice details for business partner and contract account"
					}
				],
				"responses": {
					"200": {
						"description": "Retrieved invoice details for business partner and contract account.",
						"content": {
							"application/json": {
								"schema": {
									"allOf": [
										{
											"$ref": "#/components/schemas/Invoicequeryresponse"
										},
										{
											"$ref": "#/components/schemas/info"
										}
									]
								}
							}
						}
					},
					"401": {
						"description": "Unauthorized.\n\nThis error is caused when the request has not been applied because there are no valid authentication credentials for the target resource."
					},
					"403": {
						"description": "Forbidden.\n\nThis client error code indicates that the server understood the request but refuses to authorize it."
					},
					"500": {
						"description": "Internal Server Error.\n\nFailed to query invoice details.",
						"content": {
							"application/json": {
								"schema": {
									"$ref": "#/components/schemas/error"
								}
							}
						}
					}
				}
			}
		}
	},
	"x-sap-shortText": "Manage entities from Invoice service.",
	"x-sap-extensible": {
		"supported": "automatic",
		"description": "You can create extension fields in the Invoice Service API by following the steps mentioned in https://help.sap.com/docs/CX_NG_SVC/2c87cece32844c91836e535aef8f9642/d3bdfac0c6b141c0bac27408c3ed159f.html?locale=en-US. The newly created extensions will be available in the API request and response body."
	}
}