{
    "openapi": "3.0.0",
    "info": {
        "title": "SPA",
        "version": "1.0.0"
    },
    "servers": [
        {
            "url": "https://v0371-iflmap.avtsbhf.eu1.hana.ondemand.com"
        }
    ],
    "components": {
        "securitySchemes": {
            "basicAuth": {
                "type": "http",
                "scheme": "basic"
            }
        }
    },
    "paths": {
        "/http/spa/businesspartner": {
            "post": {
                "description": "Create a Business Partner (Customer/Supplier) in S/4HANA Cloud",
                "operationId": "Business Partner",
                "summary": "Create a business partner in S4HANA",
                "requestBody": {
                    "content": {
                        "application/json": {
                            "schema": {
                                "type": "object",
                                "properties": {
                                    "Business Partner ID": {
                                        "type": "string",
                                        "description": "Unique ID of business partner"
                                    },
                                    "Business Partner Name": {
                                        "type": "string",
                                        "description": "Person last name or Organisation name"
                                    },
                                    "Street": {
                                        "type": "string",
                                        "description": "e.g. Hasso-Plattner-Ring"
                                    },
                                    "City": {
                                        "type": "string",
                                        "description": "e.g. Walldorf"
                                    },
                                    "Country": {
                                        "type": "string",
                                        "description": "e.g. DE"
                                    },
                                    "Region": {
                                        "type": "string",
                                        "description": "e.g. BW"
                                    },
                                    "Language": {
                                        "type": "string",
                                        "description": "e.g. EN"
                                    },
                                    "Business Partner Category": {
                                        "type": "string",
                                        "description": "Person or Organisation"
                                    },
                                    "Search Term": {
                                        "type": "string",
                                        "description": "Search term in backend system"
                                    },
                                    "Business Partner Role": {
                                        "type": "string",
                                        "description": "Customer or Supplier"
                                    },
                                    "House Number": {
                                        "type": "number",
                                        "description": "e.g. 7"
                                    },
                                    "Postal Code": {
                                        "type": "number",
                                        "description": "e.g. 69190"
                                    }
                                },
                                "required": [
                                    "Business Partner Name",
                                    "Business Partner ID",
                                    "Street",
                                    "City",
                                    "Country",
                                    "Region",
                                    "Language",
                                    "Business Partner Category",
                                    "Search Term",
                                    "Business Partner Role",
                                    "House Number",
                                    "Postal Code"
                                ]
                            }
                        }
                    }
                },
                "security": [
                    {
                        "basicAuth": []
                    }
                ],
                "parameters": [
                    {
                        "name": "Accept",
                        "in": "header",
                        "schema": {
                            "type": "string"
                        },
                        "example": "application/json"
                    }
                ],
                "responses": {
                    "200": {
                        "description": "Successful response",
                        "content": {
                            "application/json": {
                                "schema": {
                                    "type": "object",
                                    "properties": {
                                        "BusinessPartnerUUID": {
                                            "type": "string"
                                        }
                                    }
                                }
                            }
                        }
                    }
                }
            }
        }
    }
}