{
  "id": "d178f859-48bd-34a0-c9d2-c0d308a79564",
  "name": "HCI_IFLOW_AUTOTEST(v0367)",
  "values": [
    {
      "enabled": true,
      "key": "HCI_Host",
      "type": "text",
      "value": "https://cd9t03-iflmap.hcisb.int.sap.hana.ondemand.com"
    },
    {
      "enabled": true,
      "key": "HCI_Endpoint",
      "type": "text",
      "value": "/cxf/engagementcenter/ccfToEC1"
    },
    {
      "enabled": true,
      "key": "HCI_Authorization_User",
      "type": "text",
      "value": "i326509"
    },
    {
      "enabled": true,
      "key": "HCI_Authorization_Pwd",
      "type": "text",
      "value": "4lzjsong@2010"
    },
    {
      "enabled": true,
      "key": "EC_BP_Host",
      "type": "text",
      "value": "https://sap-cec-servecwdf-dev-businesspartner-odata.cfapps.sap.hana.ondemand.com"
    },
    {
      "enabled": true,
      "key": "EC_BP_oData_Url",
      "type": "text",
      "value": "/businesspartner.xsodata"
    },
    {
      "enabled": true,
      "key": "EC_BP_Endpoint",
      "type": "text",
      "value": "/BusinessPartner"
    },
    {
      "enabled": true,
      "key": "EC_BP_Token_Url",
      "type": "text",
      "value": "https://sap-cec-servecwdf-dev-cecenter-fiorilaunchpad.cfapps.sap.hana.ondemand.com/v1/security/access-token"
    },
    {
      "enabled": true,
      "key": "EC_BP_Token_User",
      "type": "text",
      "value": "tech_bp_rep.secenter@outlook.com"
    },
    {
      "enabled": true,
      "key": "EC_BP_Token_Password",
      "type": "text",
      "value": "Secenter1234"
    },
    {
      "enabled": true,
      "key": "Current_BP_InternalID",
      "type": "text",
      "value": "201850068"
    },
    {
      "enabled": true,
      "key": "BP_Request_Data",
      "type": "text",
      "value": "<soapenv:Envelope xmlns:soapenv=\"http://schemas.xmlsoap.org/soap/envelope/\"><soapenv:Header /><soapenv:Body><n0:BusinessPartnerSUITEBulkReplicateRequest xmlns:n0=\"http://sap.com/xi/SAPGlobal20/Global\" xmlns:prx=\"urn:sap.com:proxy:CCF:/1SAI/TAE241F043334E5E7703A7F:771\"><MessageHeader><ID>8CDCD40077B81ED7B89310B66328D614</ID><UUID>8cdcd400-77b8-1ed7-b893-10b66328d614</UUID><CreationDateTime>2017-12-14T06:32:14Z</CreationDateTime><SenderBusinessSystemID>0MB85UO</SenderBusinessSystemID><RecipientBusinessSystemID>kakabusiness</RecipientBusinessSystemID></MessageHeader><BusinessPartnerSUITEReplicateRequestMessage><MessageHeader><ID>8CDCD40077B81ED7B89310B66328F614</ID><UUID>8cdcd400-77b8-1ed7-b893-10b66328f614</UUID><CreationDateTime>2017-12-14T06:32:14Z</CreationDateTime><SenderBusinessSystemID>0MB85UO</SenderBusinessSystemID><RecipientBusinessSystemID>kakabusiness</RecipientBusinessSystemID></MessageHeader><BusinessPartner addressInformationListCompleteTransmissionIndicator=\"true\" bankDetailsListCompleteTransmissionIndicator=\"true\" commonListCompleteTransmissionIndicator=\"true\" roleListCompleteTransmissionIndicator=\"true\" identificationListCompleteTransmissionIndicator=\"true\" industrySectorListCompleteTransmissionIndicator=\"true\" taxNumberListCompleteTransmissionIndicator=\"true\" creditManagementCustomInformationListCompleteTransmissionIndicator=\"true\"><UUID>cda0309f-ad54-bca4-b77a-72c03df65faa</UUID><InternalID>201850068</InternalID><CategoryCode>1</CategoryCode><NumberRangeIntervalBusinessPartnerGroupCode>BP02</NumberRangeIntervalBusinessPartnerGroupCode><Customer accountingInformationListCompleteTransmissionIndicator=\"true\" salesArrangementListCompleteTransmissionIndicator=\"true\" propertyListCompleteTransmissionIndicator=\"true\" propertyValuationCompleteTransmissionIndicator=\"true\"><InternalID>1003934</InternalID><MaintenanceProfileCode>CUST</MaintenanceProfileCode><AuthorisationGroupCode xsi:nil=\"true\" xmlns:xsi=\"http://www.w3.org/2001/XMLSchema-instance\" /><ExpressTrainStationLocationName xsi:nil=\"true\" xmlns:xsi=\"http://www.w3.org/2001/XMLSchema-instance\" /><TrainStationLocationName xsi:nil=\"true\" xmlns:xsi=\"http://www.w3.org/2001/XMLSchema-instance\" /><CustomerPartyWithFiscalAddressInternalID xsi:nil=\"true\" xmlns:xsi=\"http://www.w3.org/2001/XMLSchema-instance\" /><ReceiverCustomerPartyWithFiscalAddressInternalID xsi:nil=\"true\" xmlns:xsi=\"http://www.w3.org/2001/XMLSchema-instance\" /><AlternativePayeePartyInternalID xsi:nil=\"true\" xmlns:xsi=\"http://www.w3.org/2001/XMLSchema-instance\" /><ReceiverAlternativePayeePartyInternalID xsi:nil=\"true\" xmlns:xsi=\"http://www.w3.org/2001/XMLSchema-instance\" /><AlternativePayeeAllowedIndicator>false</AlternativePayeeAllowedIndicator><CorporateGroupName xsi:nil=\"true\" xmlns:xsi=\"http://www.w3.org/2001/XMLSchema-instance\" /><StandardPointLocationCode xsi:nil=\"true\" xmlns:xsi=\"http://www.w3.org/2001/XMLSchema-instance\" /><DeletionBlockedIndicator>false</DeletionBlockedIndicator><DeletedIndicator>false</DeletedIndicator><CountyCode xsi:nil=\"true\" xmlns:xsi=\"http://www.w3.org/2001/XMLSchema-instance\" /><CityCode xsi:nil=\"true\" xmlns:xsi=\"http://www.w3.org/2001/XMLSchema-instance\" /><PostingBlockedIndicator>false</PostingBlockedIndicator><EqualizationTaxRelevanceIndicator>false</EqualizationTaxRelevanceIndicator><ValueAddedTaxRelevanceIndicator>false</ValueAddedTaxRelevanceIndicator><TradingPartnerCompanyID xsi:nil=\"true\" xmlns:xsi=\"http://www.w3.org/2001/XMLSchema-instance\" /><TaxGroupCode xsi:nil=\"true\" xmlns:xsi=\"http://www.w3.org/2001/XMLSchema-instance\" /><ICMSExemptionIndicator>false</ICMSExemptionIndicator><IPIExemptionIndicator>false</IPIExemptionIndicator><TaxSubstitutionGroupCode xsi:nil=\"true\" xmlns:xsi=\"http://www.w3.org/2001/XMLSchema-instance\" /><CFOPCategoryCode xsi:nil=\"true\" xmlns:xsi=\"http://www.w3.org/2001/XMLSchema-instance\" /><SaleSalesAndDistributionBlocks><OrderBlockingReasonCode xsi:nil=\"true\" xmlns:xsi=\"http://www.w3.org/2001/XMLSchema-instance\" /><BillingBlockingReasonCode xsi:nil=\"true\" xmlns:xsi=\"http://www.w3.org/2001/XMLSchema-instance\" /><DeliveryBlockingReasonCode xsi:nil=\"true\" xmlns:xsi=\"http://www.w3.org/2001/XMLSchema-instance\" /><SalesSupportBlockedIndicator>false</SalesSupportBlockedIndicator></SaleSalesAndDistributionBlocks><IndustrySector><IndustrialSectorCode xsi:nil=\"true\" xmlns:xsi=\"http://www.w3.org/2001/XMLSchema-instance\" /><FirstAdditionalIndustrialSectorCode xsi:nil=\"true\" xmlns:xsi=\"http://www.w3.org/2001/XMLSchema-instance\" /><SecondAdditionalIndustrialSectorCode xsi:nil=\"true\" xmlns:xsi=\"http://www.w3.org/2001/XMLSchema-instance\" /><ThirdAdditionalIndustrialSectorCode xsi:nil=\"true\" xmlns:xsi=\"http://www.w3.org/2001/XMLSchema-instance\" /><FourthAdditionalIndustrialSectorCode xsi:nil=\"true\" xmlns:xsi=\"http://www.w3.org/2001/XMLSchema-instance\" /></IndustrySector><MarketingAttributes><CustomerGroupCode xsi:nil=\"true\" xmlns:xsi=\"http://www.w3.org/2001/XMLSchema-instance\" /><CustomerNielsenRegionCode xsi:nil=\"true\" xmlns:xsi=\"http://www.w3.org/2001/XMLSchema-instance\" /><FiscalYearVariantCode xsi:nil=\"true\" xmlns:xsi=\"http://www.w3.org/2001/XMLSchema-instance\" /><AnnualSalesVolumeAmount xsi:nil=\"true\" currencyCode=\"   \" xmlns:xsi=\"http://www.w3.org/2001/XMLSchema-instance\" /><AnnualSalesVolumeAmountReportedYear>0000</AnnualSalesVolumeAmountReportedYear><EmployeeNumberValue xsi:nil=\"true\" xmlns:xsi=\"http://www.w3.org/2001/XMLSchema-instance\" /><EmployeeNumberValueReportedYear>0000</EmployeeNumberValueReportedYear></MarketingAttributes><CustomerExtensionCode xsi:nil=\"true\" xmlns:xsi=\"http://www.w3.org/2001/XMLSchema-instance\" /><FirstAdditionalCustomerExtensionCode xsi:nil=\"true\" xmlns:xsi=\"http://www.w3.org/2001/XMLSchema-instance\" /><SecondAdditionalCustomerExtensionCode xsi:nil=\"true\" xmlns:xsi=\"http://www.w3.org/2001/XMLSchema-instance\" /><ThirdAdditionalCustomerExtensionCode xsi:nil=\"true\" xmlns:xsi=\"http://www.w3.org/2001/XMLSchema-instance\" /><FourthAdditionalCustomerExtensionCode xsi:nil=\"true\" xmlns:xsi=\"http://www.w3.org/2001/XMLSchema-instance\" /><FifthAdditionalCustomerExtensionCode xsi:nil=\"true\" xmlns:xsi=\"http://www.w3.org/2001/XMLSchema-instance\" /><SixthAdditionalCustomerExtensionCode xsi:nil=\"true\" xmlns:xsi=\"http://www.w3.org/2001/XMLSchema-instance\" /><SeventhAdditionalCustomerExtensionCode xsi:nil=\"true\" xmlns:xsi=\"http://www.w3.org/2001/XMLSchema-instance\" /><EighthAdditionalCustomerExtensionCode xsi:nil=\"true\" xmlns:xsi=\"http://www.w3.org/2001/XMLSchema-instance\" /><NinthAdditionalCustomerExtensionCode xsi:nil=\"true\" xmlns:xsi=\"http://www.w3.org/2001/XMLSchema-instance\" /><DataMediumExchangeReportCode xsi:nil=\"true\" xmlns:xsi=\"http://www.w3.org/2001/XMLSchema-instance\" /><DataMediumExchangeInstructionCode xsi:nil=\"true\" xmlns:xsi=\"http://www.w3.org/2001/XMLSchema-instance\" /><CivilUseIndicator>false</CivilUseIndicator><MilitaryUseIndicator>false</MilitaryUseIndicator><LegalControlIndicators><BiochemicalWarfareIndicator>false</BiochemicalWarfareIndicator><NuclearNonproliferationIndicator>false</NuclearNonproliferationIndicator><NationalSecurityIndicator>false</NationalSecurityIndicator><MissileTechnologyIndicator>false</MissileTechnologyIndicator></LegalControlIndicators><PriceSpecifications><CustomerConditionGroupCode xsi:nil=\"true\" xmlns:xsi=\"http://www.w3.org/2001/XMLSchema-instance\" /><FirstAdditionalCustomerConditionGroupCode xsi:nil=\"true\" xmlns:xsi=\"http://www.w3.org/2001/XMLSchema-instance\" /><SecondAdditionalCustomerConditionGroupCode xsi:nil=\"true\" xmlns:xsi=\"http://www.w3.org/2001/XMLSchema-instance\" /><ThirdAdditionalCustomerConditionGroupCode xsi:nil=\"true\" xmlns:xsi=\"http://www.w3.org/2001/XMLSchema-instance\" /><FourthAdditionalCustomerConditionGroupCode xsi:nil=\"true\" xmlns:xsi=\"http://www.w3.org/2001/XMLSchema-instance\" /></PriceSpecifications><RepresentativeName xsi:nil=\"true\" xmlns:xsi=\"http://www.w3.org/2001/XMLSchema-instance\" /><BusinessTypeName xsi:nil=\"true\" xmlns:xsi=\"http://www.w3.org/2001/XMLSchema-instance\" /><IndustryTypeName xsi:nil=\"true\" xmlns:xsi=\"http://www.w3.org/2001/XMLSchema-instance\" /><RelatedSupplierInternalID xsi:nil=\"true\" xmlns:xsi=\"http://www.w3.org/2001/XMLSchema-instance\" /></Customer><AddressInformation actionCode=\"04\" addressUsageListCompleteTransmissionIndicator=\"true\"><UUID>38b5ff81-c6b5-1d48-86b7-4a6d038cb479</UUID><MoveDestinationAddressUUID xsi:nil=\"true\" xmlns:xsi=\"http://www.w3.org/2001/XMLSchema-instance\" /><MoveDate xsi:nil=\"true\" xmlns:xsi=\"http://www.w3.org/2001/XMLSchema-instance\" /><ValidityPeriod><StartDate>2017-12-20</StartDate><EndDate>9999-12-20</EndDate></ValidityPeriod><AddressUsage actionCode=\"04\"><AddressUsageCode>XXDEFAULT</AddressUsageCode><ValidityPeriod><StartDate>2017-12-14</StartDate><EndDate>9999-12-31</EndDate></ValidityPeriod><DefaultIndicator>true</DefaultIndicator></AddressUsage><Address addressNoteListCompleteTransmissionIndicator=\"true\" emailListCompleteTransmissionIndicator=\"true\" facsimileListCompleteTransmissionIndicator=\"true\" organisationNameListCompleteTransmissionIndicator=\"true\" personNameListCompleteTransmissionIndicator=\"true\" postalAddressListCompleteTransmissionIndicator=\"true\" telephoneListCompleteTransmissionIndicator=\"true\" webListCompleteTransmissionIndicator=\"true\"><CommunicationPreference actionCode=\"04\"><CorrespondenceLanguageCode>DE</CorrespondenceLanguageCode><PreferredCommunicationMediumTypeCode xsi:nil=\"true\" xmlns:xsi=\"http://www.w3.org/2001/XMLSchema-instance\" /></CommunicationPreference><Email actionCode=\"04\" eMailNoteListCompleteTransmissionIndicator=\"true\" eMailUsageListCompleteTransmissionIndicator=\"true\"><URI>changed.emial1@scptest.com</URI><UsageDeniedIndicator>true</UsageDeniedIndicator><ValidityPeriod><StartDate>2017-12-20</StartDate><EndDate>9999-12-20</EndDate></ValidityPeriod><TransportNeutralEncapsulationFormatEnabledIndicator>false</TransportNeutralEncapsulationFormatEnabledIndicator><EmailUsage actionCode=\"04\"><Usage><Code>AD_DEFAULT</Code><ValidityPeriod><StartDate>2017-12-20</StartDate><EndDate>9999-12-20</EndDate></ValidityPeriod></Usage><DefaultIndicator>true</DefaultIndicator></EmailUsage><EmailUsage actionCode=\"04\"><Usage><Code>AD_HOME_1</Code><ValidityPeriod><StartDate>2017-12-14</StartDate><EndDate>9999-12-31</EndDate></ValidityPeriod></Usage><DefaultIndicator>true</DefaultIndicator></EmailUsage></Email><PostalAddress actionCode=\"04\"><CountryCode>DE</CountryCode><RegionCode>BE</RegionCode><CityName>mult.city1</CityName><AdditionalCityName xsi:nil=\"true\" xmlns:xsi=\"http://www.w3.org/2001/XMLSchema-instance\" /><DistrictName xsi:nil=\"true\" xmlns:xsi=\"http://www.w3.org/2001/XMLSchema-instance\" /><StreetPostalCode>34567</StreetPostalCode><POBoxPostalCode xsi:nil=\"true\" xmlns:xsi=\"http://www.w3.org/2001/XMLSchema-instance\" /><CompanyPostalCode xsi:nil=\"true\" xmlns:xsi=\"http://www.w3.org/2001/XMLSchema-instance\" /><StreetPrefixName>mult.street2-1</StreetPrefixName><AdditionalStreetPrefixName xsi:nil=\"true\" xmlns:xsi=\"http://www.w3.org/2001/XMLSchema-instance\" /><StreetName>mult.street1</StreetName><StreetSuffixName xsi:nil=\"true\" xmlns:xsi=\"http://www.w3.org/2001/XMLSchema-instance\" /><AdditionalStreetSuffixName xsi:nil=\"true\" xmlns:xsi=\"http://www.w3.org/2001/XMLSchema-instance\" /><HouseID>122</HouseID><AdditionalHouseID xsi:nil=\"true\" xmlns:xsi=\"http://www.w3.org/2001/XMLSchema-instance\" /><BuildingID xsi:nil=\"true\" xmlns:xsi=\"http://www.w3.org/2001/XMLSchema-instance\" /><RoomID xsi:nil=\"true\" xmlns:xsi=\"http://www.w3.org/2001/XMLSchema-instance\" /><FloorID xsi:nil=\"true\" xmlns:xsi=\"http://www.w3.org/2001/XMLSchema-instance\" /><CareOfName xsi:nil=\"true\" xmlns:xsi=\"http://www.w3.org/2001/XMLSchema-instance\" /><StreetAddressMailNonDeliveryReasonCode xsi:nil=\"true\" xmlns:xsi=\"http://www.w3.org/2001/XMLSchema-instance\" /><POBoxDeviatingCountryCode xsi:nil=\"true\" xmlns:xsi=\"http://www.w3.org/2001/XMLSchema-instance\" /><POBoxDeviatingRegionCode xsi:nil=\"true\" xmlns:xsi=\"http://www.w3.org/2001/XMLSchema-instance\" /><POBoxDeviatingCityName xsi:nil=\"true\" xmlns:xsi=\"http://www.w3.org/2001/XMLSchema-instance\" /><POBoxLobbyName xsi:nil=\"true\" xmlns:xsi=\"http://www.w3.org/2001/XMLSchema-instance\" /><POBoxID xsi:nil=\"true\" xmlns:xsi=\"http://www.w3.org/2001/XMLSchema-instance\" /><POBoxAddressMailNonDeliveryReasonCode xsi:nil=\"true\" xmlns:xsi=\"http://www.w3.org/2001/XMLSchema-instance\" /><POBoxIDVisibleIndicator>false</POBoxIDVisibleIndicator><POBoxDeliveryServiceID xsi:nil=\"true\" xmlns:xsi=\"http://www.w3.org/2001/XMLSchema-instance\" /><POBoxDeliveryServiceTypeCode xsi:nil=\"true\" xmlns:xsi=\"http://www.w3.org/2001/XMLSchema-instance\" /><TaxJurisdictionCode xsi:nil=\"true\" xmlns:xsi=\"http://www.w3.org/2001/XMLSchema-instance\" /><TimeZoneCode>CET</TimeZoneCode><TransportationZoneID xsi:nil=\"true\" xmlns:xsi=\"http://www.w3.org/2001/XMLSchema-instance\" /><RegionalStructureElementGroupCode xsi:nil=\"true\" xmlns:xsi=\"http://www.w3.org/2001/XMLSchema-instance\" /><RegionalStructureAddressConsistencyStatusCode xsi:nil=\"true\" xmlns:xsi=\"http://www.w3.org/2001/XMLSchema-instance\" /><RegionalStructureCityCode xsi:nil=\"true\" xmlns:xsi=\"http://www.w3.org/2001/XMLSchema-instance\" /><AdditionalRegionalStructureCityCode xsi:nil=\"true\" xmlns:xsi=\"http://www.w3.org/2001/XMLSchema-instance\" /><POBoxDeviatingRegionalStructureCityCode xsi:nil=\"true\" xmlns:xsi=\"http://www.w3.org/2001/XMLSchema-instance\" /><RegionalStructureDistrictCode xsi:nil=\"true\" xmlns:xsi=\"http://www.w3.org/2001/XMLSchema-instance\" /><RegionalStructureStreetCode xsi:nil=\"true\" xmlns:xsi=\"http://www.w3.org/2001/XMLSchema-instance\" /><LegacyAddressID xsi:nil=\"true\" xmlns:xsi=\"http://www.w3.org/2001/XMLSchema-instance\" /></PostalAddress><Telephone actionCode=\"04\" telephoneNoteListCompleteTransmissionIndicator=\"true\" telephoneUsageListCompleteTransmissionIndicator=\"true\"><Number><SubscriberID>02840000</SubscriberID><ExtensionID>14</ExtensionID><CountryCode>DE</CountryCode></Number><FormattedNumberDescription>+4928000000</FormattedNumberDescription><UsageDeniedIndicator>false</UsageDeniedIndicator><ValidityPeriod><StartDate>2017-12-24</StartDate><EndDate>9999-12-31</EndDate></ValidityPeriod><MobilePhoneNumberIndicator>false</MobilePhoneNumberIndicator><SMSEnabledIndicator>false</SMSEnabledIndicator><TelephoneUsage actionCode=\"04\"><Usage><Code>AD_DEFAULT</Code><ValidityPeriod><StartDate>2017-12-24</StartDate><EndDate>9999-12-31</EndDate></ValidityPeriod></Usage><DefaultIndicator>true</DefaultIndicator></TelephoneUsage><TelephoneUsage actionCode=\"04\"><Usage><Code>AD_HOME_1</Code><ValidityPeriod><StartDate>2017-12-24</StartDate><EndDate>9999-12-31</EndDate></ValidityPeriod></Usage><DefaultIndicator>true</DefaultIndicator></TelephoneUsage><TelephoneUsage actionCode=\"04\"><Usage><Code>AD_NMBDEFA_2</Code><ValidityPeriod><StartDate>2017-12-14</StartDate><EndDate>9999-12-31</EndDate></ValidityPeriod></Usage><DefaultIndicator>true</DefaultIndicator></TelephoneUsage></Telephone></Address></AddressInformation><AddressInformation actionCode=\"04\" addressUsageListCompleteTransmissionIndicator=\"true\"><UUID>3e1df1b1-ec93-61c2-abce-0f7eb6b98ba4</UUID><MoveDestinationAddressUUID xsi:nil=\"true\" xmlns:xsi=\"http://www.w3.org/2001/XMLSchema-instance\" /><MoveDate xsi:nil=\"true\" xmlns:xsi=\"http://www.w3.org/2001/XMLSchema-instance\" /><ValidityPeriod><StartDate>2017-12-20</StartDate><EndDate>9999-12-20</EndDate></ValidityPeriod><AddressUsage actionCode=\"04\"><AddressUsageCode>XXDEFAULT</AddressUsageCode><ValidityPeriod><StartDate>2017-12-14</StartDate><EndDate>9999-12-31</EndDate></ValidityPeriod><DefaultIndicator>true</DefaultIndicator></AddressUsage><Address addressNoteListCompleteTransmissionIndicator=\"true\" emailListCompleteTransmissionIndicator=\"true\" facsimileListCompleteTransmissionIndicator=\"true\" organisationNameListCompleteTransmissionIndicator=\"true\" personNameListCompleteTransmissionIndicator=\"true\" postalAddressListCompleteTransmissionIndicator=\"true\" telephoneListCompleteTransmissionIndicator=\"true\" webListCompleteTransmissionIndicator=\"true\"><CommunicationPreference actionCode=\"04\"><CorrespondenceLanguageCode>DE</CorrespondenceLanguageCode><PreferredCommunicationMediumTypeCode xsi:nil=\"true\" xmlns:xsi=\"http://www.w3.org/2001/XMLSchema-instance\" /></CommunicationPreference><Email actionCode=\"04\" eMailNoteListCompleteTransmissionIndicator=\"true\" eMailUsageListCompleteTransmissionIndicator=\"true\"><URI>2changed.emial1@scptest.com</URI><UsageDeniedIndicator>true</UsageDeniedIndicator><ValidityPeriod><StartDate>2017-12-20</StartDate><EndDate>9999-12-20</EndDate></ValidityPeriod><TransportNeutralEncapsulationFormatEnabledIndicator>false</TransportNeutralEncapsulationFormatEnabledIndicator><EmailUsage actionCode=\"04\"><Usage><Code>AD_DEFAULT</Code><ValidityPeriod><StartDate>2017-12-20</StartDate><EndDate>9999-12-20</EndDate></ValidityPeriod></Usage><DefaultIndicator>true</DefaultIndicator></EmailUsage><EmailUsage actionCode=\"04\"><Usage><Code>AD_HOME_1</Code><ValidityPeriod><StartDate>2017-12-14</StartDate><EndDate>9999-12-31</EndDate></ValidityPeriod></Usage><DefaultIndicator>true</DefaultIndicator></EmailUsage></Email><PostalAddress actionCode=\"04\"><CountryCode>US</CountryCode><RegionCode>BE</RegionCode><CityName>2mult.city1</CityName><AdditionalCityName xsi:nil=\"true\" xmlns:xsi=\"http://www.w3.org/2001/XMLSchema-instance\" /><DistrictName xsi:nil=\"true\" xmlns:xsi=\"http://www.w3.org/2001/XMLSchema-instance\" /><StreetPostalCode>34567</StreetPostalCode><POBoxPostalCode xsi:nil=\"true\" xmlns:xsi=\"http://www.w3.org/2001/XMLSchema-instance\" /><CompanyPostalCode xsi:nil=\"true\" xmlns:xsi=\"http://www.w3.org/2001/XMLSchema-instance\" /><StreetPrefixName>mult.street2-1</StreetPrefixName><AdditionalStreetPrefixName xsi:nil=\"true\" xmlns:xsi=\"http://www.w3.org/2001/XMLSchema-instance\" /><StreetName>mult.street1</StreetName><StreetSuffixName xsi:nil=\"true\" xmlns:xsi=\"http://www.w3.org/2001/XMLSchema-instance\" /><AdditionalStreetSuffixName xsi:nil=\"true\" xmlns:xsi=\"http://www.w3.org/2001/XMLSchema-instance\" /><HouseID>122</HouseID><AdditionalHouseID xsi:nil=\"true\" xmlns:xsi=\"http://www.w3.org/2001/XMLSchema-instance\" /><BuildingID xsi:nil=\"true\" xmlns:xsi=\"http://www.w3.org/2001/XMLSchema-instance\" /><RoomID xsi:nil=\"true\" xmlns:xsi=\"http://www.w3.org/2001/XMLSchema-instance\" /><FloorID xsi:nil=\"true\" xmlns:xsi=\"http://www.w3.org/2001/XMLSchema-instance\" /><CareOfName xsi:nil=\"true\" xmlns:xsi=\"http://www.w3.org/2001/XMLSchema-instance\" /><StreetAddressMailNonDeliveryReasonCode xsi:nil=\"true\" xmlns:xsi=\"http://www.w3.org/2001/XMLSchema-instance\" /><POBoxDeviatingCountryCode xsi:nil=\"true\" xmlns:xsi=\"http://www.w3.org/2001/XMLSchema-instance\" /><POBoxDeviatingRegionCode xsi:nil=\"true\" xmlns:xsi=\"http://www.w3.org/2001/XMLSchema-instance\" /><POBoxDeviatingCityName xsi:nil=\"true\" xmlns:xsi=\"http://www.w3.org/2001/XMLSchema-instance\" /><POBoxLobbyName xsi:nil=\"true\" xmlns:xsi=\"http://www.w3.org/2001/XMLSchema-instance\" /><POBoxID xsi:nil=\"true\" xmlns:xsi=\"http://www.w3.org/2001/XMLSchema-instance\" /><POBoxAddressMailNonDeliveryReasonCode xsi:nil=\"true\" xmlns:xsi=\"http://www.w3.org/2001/XMLSchema-instance\" /><POBoxIDVisibleIndicator>false</POBoxIDVisibleIndicator><POBoxDeliveryServiceID xsi:nil=\"true\" xmlns:xsi=\"http://www.w3.org/2001/XMLSchema-instance\" /><POBoxDeliveryServiceTypeCode xsi:nil=\"true\" xmlns:xsi=\"http://www.w3.org/2001/XMLSchema-instance\" /><TaxJurisdictionCode xsi:nil=\"true\" xmlns:xsi=\"http://www.w3.org/2001/XMLSchema-instance\" /><TimeZoneCode>CET</TimeZoneCode><TransportationZoneID xsi:nil=\"true\" xmlns:xsi=\"http://www.w3.org/2001/XMLSchema-instance\" /><RegionalStructureElementGroupCode xsi:nil=\"true\" xmlns:xsi=\"http://www.w3.org/2001/XMLSchema-instance\" /><RegionalStructureAddressConsistencyStatusCode xsi:nil=\"true\" xmlns:xsi=\"http://www.w3.org/2001/XMLSchema-instance\" /><RegionalStructureCityCode xsi:nil=\"true\" xmlns:xsi=\"http://www.w3.org/2001/XMLSchema-instance\" /><AdditionalRegionalStructureCityCode xsi:nil=\"true\" xmlns:xsi=\"http://www.w3.org/2001/XMLSchema-instance\" /><POBoxDeviatingRegionalStructureCityCode xsi:nil=\"true\" xmlns:xsi=\"http://www.w3.org/2001/XMLSchema-instance\" /><RegionalStructureDistrictCode xsi:nil=\"true\" xmlns:xsi=\"http://www.w3.org/2001/XMLSchema-instance\" /><RegionalStructureStreetCode xsi:nil=\"true\" xmlns:xsi=\"http://www.w3.org/2001/XMLSchema-instance\" /><LegacyAddressID xsi:nil=\"true\" xmlns:xsi=\"http://www.w3.org/2001/XMLSchema-instance\" /></PostalAddress><Telephone actionCode=\"04\" telephoneNoteListCompleteTransmissionIndicator=\"true\" telephoneUsageListCompleteTransmissionIndicator=\"true\"><Number><SubscriberID>02140000</SubscriberID><ExtensionID>14</ExtensionID><CountryCode>DE</CountryCode></Number><FormattedNumberDescription>+4921000000</FormattedNumberDescription><UsageDeniedIndicator>false</UsageDeniedIndicator><ValidityPeriod><StartDate>2017-12-24</StartDate><EndDate>9999-12-31</EndDate></ValidityPeriod><MobilePhoneNumberIndicator>false</MobilePhoneNumberIndicator><SMSEnabledIndicator>false</SMSEnabledIndicator><TelephoneUsage actionCode=\"04\"><Usage><Code>AD_DEFAULT</Code><ValidityPeriod><StartDate>2017-12-24</StartDate><EndDate>9999-12-31</EndDate></ValidityPeriod></Usage><DefaultIndicator>true</DefaultIndicator></TelephoneUsage><TelephoneUsage actionCode=\"04\"><Usage><Code>AD_HOME_1</Code><ValidityPeriod><StartDate>2017-12-24</StartDate><EndDate>9999-12-31</EndDate></ValidityPeriod></Usage><DefaultIndicator>true</DefaultIndicator></TelephoneUsage><TelephoneUsage actionCode=\"04\"><Usage><Code>AD_NMBDEFA_3</Code><ValidityPeriod><StartDate>2017-12-14</StartDate><EndDate>9999-12-31</EndDate></ValidityPeriod></Usage><DefaultIndicator>true</DefaultIndicator></TelephoneUsage></Telephone></Address></AddressInformation><Common actionCode=\"04\"><LocationStandardID schemeAgencyID=\" \">0000000000000</LocationStandardID><BusinessPartnerGroupCode xsi:nil=\"true\" xmlns:xsi=\"http://www.w3.org/2001/XMLSchema-instance\" /><DeletedIndicator>false</DeletedIndicator><ReleasedIndicator>true</ReleasedIndicator><BlockedIndicator>false</BlockedIndicator><BusinessPartnerAuthorisationGroupCode xsi:nil=\"true\" xmlns:xsi=\"http://www.w3.org/2001/XMLSchema-instance\" /><KeyWordsText>C_MULT.SEARCHTERAM1</KeyWordsText><AdditionalKeyWordsText>C_MULT.SEARCHT2</AdditionalKeyWordsText><VerbalCommunicationLanguageCode xsi:nil=\"true\" xmlns:xsi=\"http://www.w3.org/2001/XMLSchema-instance\" /><SalutationText xsi:nil=\"true\" xmlns:xsi=\"http://www.w3.org/2001/XMLSchema-instance\" /><CorrespondenceBrailleRequiredIndicator>false</CorrespondenceBrailleRequiredIndicator><CorrespondenceLargePrintRequiredIndicator>false</CorrespondenceLargePrintRequiredIndicator><NaturalPersonIndicator>false</NaturalPersonIndicator><ContactAllowedCode xsi:nil=\"true\" xmlns:xsi=\"http://www.w3.org/2001/XMLSchema-instance\" /><LegacyBusinessPartnerID xsi:nil=\"true\" xmlns:xsi=\"http://www.w3.org/2001/XMLSchema-instance\" /><DataOriginTypeCode>0001</DataOriginTypeCode><Person><Name><FormOfAddressCode>0002</FormOfAddressCode><GivenName>C_Eric.p Firstname</GivenName><MiddleName>C_Eric.p Middle Name</MiddleName><FamilyName>C_Eric.p lastname</FamilyName><AdditionalFamilyName>C_Eric.p other last name</AdditionalFamilyName><BirthName>C_Eric.p name birth</BirthName><NickName xmlns:xsi=\"http://www.w3.org/2001/XMLSchema-instance\" xsi:nil=\"true\" /><InitialsName xmlns:xsi=\"http://www.w3.org/2001/XMLSchema-instance\" xsi:nil=\"true\" /><AcademicTitleCode>0001</AcademicTitleCode><AdditionalAcademicTitleCode>0002</AdditionalAcademicTitleCode><NamePrefixCode xmlns:xsi=\"http://www.w3.org/2001/XMLSchema-instance\" xsi:nil=\"true\" /><AdditionalNamePrefixCode xmlns:xsi=\"http://www.w3.org/2001/XMLSchema-instance\" xsi:nil=\"true\" /><NameSupplementCode xmlns:xsi=\"http://www.w3.org/2001/XMLSchema-instance\" xsi:nil=\"true\" /><DeviatingFullName xmlns:xsi=\"http://www.w3.org/2001/XMLSchema-instance\" xsi:nil=\"true\" /><NameFormatCountryCode xmlns:xsi=\"http://www.w3.org/2001/XMLSchema-instance\" xsi:nil=\"true\" /><NameFormatCode xmlns:xsi=\"http://www.w3.org/2001/XMLSchema-instance\" xsi:nil=\"true\" /></Name><GenderCode>1</GenderCode><BirthPlaceName>C_eric.p birth place in identification</BirthPlaceName><BirthDate>2000-12-23</BirthDate><DeathDate xmlns:xsi=\"http://www.w3.org/2001/XMLSchema-instance\" xsi:nil=\"true\" /><MaritalStatusCode>1</MaritalStatusCode><NonVerbalCommunicationLanguageCode xmlns:xsi=\"http://www.w3.org/2001/XMLSchema-instance\" xsi:nil=\"true\" /><OccupationCode xmlns:xsi=\"http://www.w3.org/2001/XMLSchema-instance\" xsi:nil=\"true\" /><Employer xmlns:xsi=\"http://www.w3.org/2001/XMLSchema-instance\" xsi:nil=\"true\" /><NationalityCountryCode>CN</NationalityCountryCode><OriginCountryCode xmlns:xsi=\"http://www.w3.org/2001/XMLSchema-instance\" xsi:nil=\"true\" /></Person><Organisation><Name><FormOfAddressCode xsi:nil=\"true\" xmlns:xsi=\"http://www.w3.org/2001/XMLSchema-instance\" /><FirstLineName xsi:nil=\"true\" xmlns:xsi=\"http://www.w3.org/2001/XMLSchema-instance\" /><SecondLineName xsi:nil=\"true\" xmlns:xsi=\"http://www.w3.org/2001/XMLSchema-instance\" /><ThirdLineName xsi:nil=\"true\" xmlns:xsi=\"http://www.w3.org/2001/XMLSchema-instance\" /><FourthLineName xsi:nil=\"true\" xmlns:xsi=\"http://www.w3.org/2001/XMLSchema-instance\" /></Name><CompanyLegalFormCode xsi:nil=\"true\" xmlns:xsi=\"http://www.w3.org/2001/XMLSchema-instance\" /><LegalEntityTypeCode xsi:nil=\"true\" xmlns:xsi=\"http://www.w3.org/2001/XMLSchema-instance\" /><FoundationDate xsi:nil=\"true\" xmlns:xsi=\"http://www.w3.org/2001/XMLSchema-instance\" /><LiquidationDate xsi:nil=\"true\" xmlns:xsi=\"http://www.w3.org/2001/XMLSchema-instance\" /></Organisation><Group><FormOfAddressCode xsi:nil=\"true\" xmlns:xsi=\"http://www.w3.org/2001/XMLSchema-instance\" /><Name xsi:nil=\"true\" xmlns:xsi=\"http://www.w3.org/2001/XMLSchema-instance\" /><AdditionalName xsi:nil=\"true\" xmlns:xsi=\"http://www.w3.org/2001/XMLSchema-instance\" /><PartnerGroupTypeCode xsi:nil=\"true\" xmlns:xsi=\"http://www.w3.org/2001/XMLSchema-instance\" /></Group></Common></BusinessPartner></BusinessPartnerSUITEReplicateRequestMessage></n0:BusinessPartnerSUITEBulkReplicateRequest></soapenv:Body></soapenv:Envelope>"
    },
    {
      "enabled": true,
      "key": "EC_tenant_ID",
      "type": "text",
      "value": "yecdev1"
    },
    {
      "enabled": true,
      "key": "Cache_UUIDs",
      "type": "text",
      "value": ""
    }
  ],
  "timestamp": 1519876503420,
  "_postman_variable_scope": "environment",
  "_postman_exported_at": "2018-03-01T03:57:15.425Z",
  "_postman_exported_using": "Postman/5.5.2"
}