{
	"openapi": "3.0.3",
	"info": {
		"title": "Budget Billing Plan Service",
		"version": "1.0.0",
		"description": "Budget Billing plan \n\nUse this API to view, create, and manage your Budget Billing plan."
	},
	"servers": [
		{
			"url": "https://{hostname}",
			"description": "Example of server url is https://my1234567.crm.cloud.sap",
			"variables": {
				"hostname": {
					"default": ""
				}
			}
		}
	],
	"components": {
		"securitySchemes": {
			"basicAuthentication": {
				"type": "http",
				"scheme": "basic"
			}
		},
		"schemas": {
			"error": {
				"type": "object",
				"properties": {
					"error": {
						"type": "object",
						"properties": {
							"code": {
								"type": "string"
							},
							"details": {
								"type": "array",
								"items": {
									"type": "object",
									"properties": {
										"message": {
											"type": "string"
										},
										"code": {
											"type": "string"
										},
										"target": {
											"type": "string"
										}
									}
								}
							},
							"message": {
								"type": "string"
							},
							"target": {
								"type": "string"
							}
						}
					}
				}
			},
			"BudgetBillingPlanqueryresponse": {
				"title": "Budget Billing Plan query response",
				"type": "object",
				"properties": {
					"count": {
						"type": "integer",
						"format": "int32"
					},
					"value": {
						"type": "array",
						"items": {
							"type": "object",
							"properties": {
								"actionCode": {
									"type": "string",
									"nullable": true,
									"maxLength": 1,
									"title": "Action Code"
								},
								"language": {
									"type": "string",
									"nullable": true,
									"maxLength": 2,
									"title": "lbl_lang"
								},
								"procedure": {
									"type": "string",
									"nullable": true,
									"maxLength": 1,
									"title": "Procedure"
								},
								"businessPartnerId": {
									"type": "string",
									"nullable": true,
									"maxLength": 10,
									"title": "Business Partner ID"
								},
								"contractAccountId": {
									"type": "string",
									"nullable": true,
									"maxLength": 12,
									"title": "Contract Account ID"
								},
								"contract": {
									"type": "string",
									"nullable": true,
									"maxLength": 10,
									"title": "Contract"
								},
								"documentNumber": {
									"type": "string",
									"nullable": true,
									"maxLength": 12,
									"title": "Document Number"
								},
								"division": {
									"type": "string",
									"nullable": true,
									"maxLength": 2,
									"title": "lbl_division"
								},
								"fetchContracts": {
									"type": "boolean",
									"nullable": true
								},
								"budgetBillingItemFlag": {
									"type": "boolean",
									"nullable": true
								},
								"date": {
									"type": "string",
									"format": "date",
									"nullable": true
								},
								"startPeriod": {
									"type": "string",
									"format": "date",
									"nullable": true
								},
								"endPeriod": {
									"type": "string",
									"format": "date",
									"nullable": true
								},
								"stopDate": {
									"type": "string",
									"format": "date",
									"nullable": true
								},
								"divisionCategory": {
									"type": "string",
									"nullable": true,
									"maxLength": 2,
									"title": "lbl_division_category"
								},
								"creationDate": {
									"type": "string",
									"format": "date",
									"nullable": true
								},
								"budgetBillingCycle": {
									"type": "string",
									"nullable": true,
									"maxLength": 2,
									"title": "Budget Billing Cycle"
								},
								"amount": {
									"type": "object",
									"properties": {
										"content": {
											"type": "number",
											"nullable": true,
											"format": "double"
										},
										"currencyCode": {
											"type": "string",
											"nullable": true,
											"title": "Currency"
										}
									}
								},
								"budgetBillingText": {
									"type": "string",
									"nullable": true,
									"maxLength": 132,
									"title": "Text for Budget Billing"
								},
								"updateEverTable": {
									"type": "boolean",
									"nullable": true
								},
								"alternativeContractAccount": {
									"type": "string",
									"nullable": true,
									"maxLength": 12,
									"title": "Alternative Contract Account"
								},
								"billingDocument": {
									"type": "string",
									"nullable": true,
									"maxLength": 12,
									"title": "Billing Document"
								},
								"remainingAmount": {
									"type": "string",
									"nullable": true,
									"maxLength": 1,
									"title": "Remaining Amount"
								},
								"numberOfContracts": {
									"type": "string",
									"nullable": true,
									"maxLength": 4,
									"title": "Number of Contracts"
								},
								"companyCode": {
									"type": "string",
									"nullable": true,
									"maxLength": 4,
									"title": "Company Code"
								},
								"moveInDate": {
									"type": "string",
									"format": "date",
									"nullable": true
								},
								"moveOutDate": {
									"type": "string",
									"format": "date",
									"nullable": true
								},
								"currentDifferenceAmount": {
									"type": "object",
									"properties": {
										"content": {
											"type": "number",
											"nullable": true,
											"format": "double"
										},
										"currencyCode": {
											"type": "string",
											"nullable": true,
											"title": "Currency"
										}
									}
								},
								"budgetBillingPlanItem": {
									"type": "array",
									"items": {
										"type": "object",
										"properties": {
											"repetitionItem": {
												"type": "string",
												"nullable": true,
												"maxLength": 3,
												"title": "Repetition Item"
											},
											"itemNumber": {
												"type": "string",
												"nullable": true,
												"maxLength": 4,
												"title": "Item Number"
											},
											"subItemNumber": {
												"type": "string",
												"nullable": true,
												"maxLength": 3,
												"title": "Sub Item Number"
											},
											"companyCode": {
												"type": "string",
												"nullable": true,
												"maxLength": 4,
												"title": "Company Code"
											},
											"clearingStatus": {
												"type": "string",
												"nullable": true,
												"maxLength": 1,
												"title": "Clearing Status"
											},
											"mainTransaction": {
												"type": "string",
												"nullable": true,
												"maxLength": 4,
												"title": "Transaction"
											},
											"subTransaction": {
												"type": "string",
												"nullable": true,
												"maxLength": 4,
												"title": "Sub Transaction"
											},
											"accountDeterminationId": {
												"type": "string",
												"nullable": true,
												"maxLength": 2,
												"title": "Account Determination ID"
											},
											"division": {
												"type": "string",
												"nullable": true,
												"maxLength": 2,
												"title": "lbl_division"
											},
											"ledgerAccount": {
												"type": "string",
												"nullable": true,
												"maxLength": 10,
												"title": "Ledger Account"
											},
											"documentNumber": {
												"type": "string",
												"nullable": true,
												"maxLength": 12,
												"title": "Document Number"
											},
											"divisionCategory": {
												"type": "string",
												"nullable": true,
												"maxLength": 2,
												"title": "lbl_division_category"
											},
											"documentDate": {
												"type": "string",
												"format": "date",
												"nullable": true
											},
											"postingDate": {
												"type": "string",
												"format": "date",
												"nullable": true
											},
											"dueDate": {
												"type": "string",
												"format": "date",
												"nullable": true
											},
											"billingAmount": {
												"type": "object",
												"properties": {
													"content": {
														"type": "number",
														"nullable": true,
														"format": "double"
													},
													"currencyCode": {
														"type": "string",
														"nullable": true,
														"title": "Currency"
													}
												}
											},
											"clearingDocument": {
												"type": "string",
												"nullable": true,
												"maxLength": 12,
												"title": "Clearing Document"
											},
											"status": {
												"type": "string",
												"nullable": true,
												"maxLength": 1,
												"title": "Status"
											},
											"printDate": {
												"type": "string",
												"format": "date",
												"nullable": true
											},
											"paymentDate": {
												"type": "string",
												"format": "date",
												"nullable": true
											},
											"printDocument": {
												"type": "string",
												"nullable": true,
												"maxLength": 12,
												"title": "Print Document"
											}
										}
									}
								},
								"audit": {
									"type": "object",
									"properties": {
										"userId": {
											"type": "string",
											"nullable": true,
											"title": "User ID"
										},
										"businessSystemId": {
											"type": "string",
											"nullable": true,
											"title": "Business System ID"
										}
									}
								}
							}
						}
					}
				}
			},
			"info": {
				"type": "object",
				"properties": {
					"info": {
						"type": "object",
						"properties": {
							"code": {
								"type": "string"
							},
							"details": {
								"type": "array",
								"items": {
									"type": "object",
									"properties": {
										"message": {
											"type": "string"
										},
										"target": {
											"type": "string"
										},
										"code": {
											"type": "string"
										},
										"severity": {
											"type": "string",
											"enum": [
												"ERROR",
												"WARNING",
												"INFO"
											]
										}
									}
								}
							},
							"message": {
								"type": "string"
							},
							"target": {
								"type": "string"
							},
							"severity": {
								"type": "string",
								"enum": [
									"ERROR",
									"WARNING",
									"INFO"
								]
							}
						}
					}
				}
			},
			"BudgetBillingPlancreaterequest": {
				"title": "Budget Billing Plan create request",
				"type": "object",
				"properties": {
					"actionCode": {
						"type": "string",
						"nullable": true,
						"maxLength": 1,
						"title": "Action Code"
					},
					"procedure": {
						"type": "string",
						"nullable": true,
						"maxLength": 1,
						"title": "Procedure"
					},
					"businessPartnerId": {
						"type": "string",
						"nullable": true,
						"maxLength": 10,
						"title": "Business Partner ID"
					},
					"contractAccountId": {
						"type": "string",
						"nullable": true,
						"maxLength": 12,
						"title": "Contract Account ID"
					},
					"contract": {
						"type": "string",
						"nullable": true,
						"maxLength": 10,
						"title": "Contract"
					},
					"documentNumber": {
						"type": "string",
						"nullable": true,
						"maxLength": 12,
						"title": "Document Number"
					},
					"division": {
						"type": "string",
						"nullable": true,
						"maxLength": 2,
						"title": "lbl_division"
					},
					"fetchContracts": {
						"type": "boolean",
						"nullable": true
					},
					"budgetBillingItemFlag": {
						"type": "boolean",
						"nullable": true
					},
					"date": {
						"type": "string",
						"format": "date",
						"nullable": true
					},
					"startPeriod": {
						"type": "string",
						"format": "date",
						"nullable": true
					},
					"endPeriod": {
						"type": "string",
						"format": "date",
						"nullable": true
					},
					"divisionCategory": {
						"type": "string",
						"nullable": true,
						"maxLength": 2,
						"title": "lbl_division_category"
					},
					"budgetBillingCycle": {
						"type": "string",
						"nullable": true,
						"maxLength": 2,
						"title": "Budget Billing Cycle"
					},
					"amount": {
						"type": "object",
						"properties": {
							"content": {
								"type": "number",
								"nullable": true,
								"format": "double"
							},
							"currencyCode": {
								"type": "string",
								"nullable": true,
								"title": "Currency"
							}
						}
					},
					"budgetBillingText": {
						"type": "string",
						"nullable": true,
						"maxLength": 132,
						"title": "Text for Budget Billing"
					},
					"updateEverTable": {
						"type": "boolean",
						"nullable": true
					},
					"alternativeContractAccount": {
						"type": "string",
						"nullable": true,
						"maxLength": 12,
						"title": "Alternative Contract Account"
					},
					"billingDocument": {
						"type": "string",
						"nullable": true,
						"maxLength": 12,
						"title": "Billing Document"
					},
					"remainingAmount": {
						"type": "string",
						"nullable": true,
						"maxLength": 1,
						"title": "Remaining Amount"
					},
					"numberOfContracts": {
						"type": "string",
						"nullable": true,
						"maxLength": 4,
						"title": "Number of Contracts"
					},
					"companyCode": {
						"type": "string",
						"nullable": true,
						"maxLength": 4,
						"title": "Company Code"
					},
					"currentDifferenceAmount": {
						"type": "object",
						"properties": {
							"content": {
								"type": "number",
								"nullable": true,
								"format": "double"
							},
							"currencyCode": {
								"type": "string",
								"nullable": true,
								"title": "Currency"
							}
						}
					},
					"budgetBillingPlanItem": {
						"type": "array",
						"items": {
							"type": "object",
							"properties": {
								"repetitionItem": {
									"type": "string",
									"nullable": true,
									"maxLength": 3,
									"title": "Repetition Item"
								},
								"itemNumber": {
									"type": "string",
									"nullable": true,
									"maxLength": 4,
									"title": "Item Number"
								},
								"subItemNumber": {
									"type": "string",
									"nullable": true,
									"maxLength": 3,
									"title": "Sub Item Number"
								},
								"companyCode": {
									"type": "string",
									"nullable": true,
									"maxLength": 4,
									"title": "Company Code"
								},
								"clearingStatus": {
									"type": "string",
									"nullable": true,
									"maxLength": 1,
									"title": "Clearing Status"
								},
								"mainTransaction": {
									"type": "string",
									"nullable": true,
									"maxLength": 4,
									"title": "Transaction"
								},
								"subTransaction": {
									"type": "string",
									"nullable": true,
									"maxLength": 4,
									"title": "Sub Transaction"
								},
								"accountDeterminationId": {
									"type": "string",
									"nullable": true,
									"maxLength": 2,
									"title": "Account Determination ID"
								},
								"division": {
									"type": "string",
									"nullable": true,
									"maxLength": 2,
									"title": "lbl_division"
								},
								"ledgerAccount": {
									"type": "string",
									"nullable": true,
									"maxLength": 10,
									"title": "Ledger Account"
								},
								"documentNumber": {
									"type": "string",
									"nullable": true,
									"maxLength": 12,
									"title": "Document Number"
								},
								"divisionCategory": {
									"type": "string",
									"nullable": true,
									"maxLength": 2,
									"title": "lbl_division_category"
								},
								"documentDate": {
									"type": "string",
									"format": "date",
									"nullable": true
								},
								"postingDate": {
									"type": "string",
									"format": "date",
									"nullable": true
								},
								"dueDate": {
									"type": "string",
									"format": "date",
									"nullable": true
								},
								"billingAmount": {
									"type": "object",
									"properties": {
										"content": {
											"type": "number",
											"nullable": true,
											"format": "double"
										},
										"currencyCode": {
											"type": "string",
											"nullable": true,
											"title": "Currency"
										}
									}
								},
								"clearingDocument": {
									"type": "string",
									"nullable": true,
									"maxLength": 12,
									"title": "Clearing Document"
								},
								"status": {
									"type": "string",
									"nullable": true,
									"maxLength": 1,
									"title": "Status"
								},
								"printDate": {
									"type": "string",
									"format": "date",
									"nullable": true
								},
								"paymentDate": {
									"type": "string",
									"format": "date",
									"nullable": true
								},
								"printDocument": {
									"type": "string",
									"nullable": true,
									"maxLength": 12,
									"title": "Print Document"
								}
							}
						}
					},
					"audit": {
						"type": "object",
						"properties": {
							"userId": {
								"type": "string",
								"nullable": true,
								"title": "User ID"
							},
							"businessSystemId": {
								"type": "string",
								"nullable": true,
								"title": "Business System ID"
							}
						}
					}
				}
			},
			"BudgetBillingPlanfile": {
				"title": "Budget Billing Plan file",
				"type": "object",
				"properties": {
					"value": {
						"type": "object",
						"properties": {
							"actionCode": {
								"type": "string",
								"nullable": true,
								"maxLength": 1,
								"title": "Action Code"
							},
							"language": {
								"type": "string",
								"nullable": true,
								"maxLength": 2,
								"title": "lbl_lang"
							},
							"procedure": {
								"type": "string",
								"nullable": true,
								"maxLength": 1,
								"title": "Procedure"
							},
							"businessPartnerId": {
								"type": "string",
								"nullable": true,
								"maxLength": 10,
								"title": "Business Partner ID"
							},
							"contractAccountId": {
								"type": "string",
								"nullable": true,
								"maxLength": 12,
								"title": "Contract Account ID"
							},
							"contract": {
								"type": "string",
								"nullable": true,
								"maxLength": 10,
								"title": "Contract"
							},
							"documentNumber": {
								"type": "string",
								"nullable": true,
								"maxLength": 12,
								"title": "Document Number"
							},
							"division": {
								"type": "string",
								"nullable": true,
								"maxLength": 2,
								"title": "lbl_division"
							},
							"fetchContracts": {
								"type": "boolean",
								"nullable": true
							},
							"budgetBillingItemFlag": {
								"type": "boolean",
								"nullable": true
							},
							"date": {
								"type": "string",
								"format": "date",
								"nullable": true
							},
							"startPeriod": {
								"type": "string",
								"format": "date",
								"nullable": true
							},
							"endPeriod": {
								"type": "string",
								"format": "date",
								"nullable": true
							},
							"stopDate": {
								"type": "string",
								"format": "date",
								"nullable": true
							},
							"divisionCategory": {
								"type": "string",
								"nullable": true,
								"maxLength": 2,
								"title": "lbl_division_category"
							},
							"creationDate": {
								"type": "string",
								"format": "date",
								"nullable": true
							},
							"budgetBillingCycle": {
								"type": "string",
								"nullable": true,
								"maxLength": 2,
								"title": "Budget Billing Cycle"
							},
							"amount": {
								"type": "object",
								"properties": {
									"content": {
										"type": "number",
										"nullable": true,
										"format": "double"
									},
									"currencyCode": {
										"type": "string",
										"nullable": true,
										"title": "Currency"
									}
								}
							},
							"budgetBillingText": {
								"type": "string",
								"nullable": true,
								"maxLength": 132,
								"title": "Text for Budget Billing"
							},
							"updateEverTable": {
								"type": "boolean",
								"nullable": true
							},
							"alternativeContractAccount": {
								"type": "string",
								"nullable": true,
								"maxLength": 12,
								"title": "Alternative Contract Account"
							},
							"billingDocument": {
								"type": "string",
								"nullable": true,
								"maxLength": 12,
								"title": "Billing Document"
							},
							"remainingAmount": {
								"type": "string",
								"nullable": true,
								"maxLength": 1,
								"title": "Remaining Amount"
							},
							"numberOfContracts": {
								"type": "string",
								"nullable": true,
								"maxLength": 4,
								"title": "Number of Contracts"
							},
							"companyCode": {
								"type": "string",
								"nullable": true,
								"maxLength": 4,
								"title": "Company Code"
							},
							"moveInDate": {
								"type": "string",
								"format": "date",
								"nullable": true
							},
							"moveOutDate": {
								"type": "string",
								"format": "date",
								"nullable": true
							},
							"currentDifferenceAmount": {
								"type": "object",
								"properties": {
									"content": {
										"type": "number",
										"nullable": true,
										"format": "double"
									},
									"currencyCode": {
										"type": "string",
										"nullable": true,
										"title": "Currency"
									}
								}
							},
							"budgetBillingPlanItem": {
								"type": "array",
								"items": {
									"type": "object",
									"properties": {
										"repetitionItem": {
											"type": "string",
											"nullable": true,
											"maxLength": 3,
											"title": "Repetition Item"
										},
										"itemNumber": {
											"type": "string",
											"nullable": true,
											"maxLength": 4,
											"title": "Item Number"
										},
										"subItemNumber": {
											"type": "string",
											"nullable": true,
											"maxLength": 3,
											"title": "Sub Item Number"
										},
										"companyCode": {
											"type": "string",
											"nullable": true,
											"maxLength": 4,
											"title": "Company Code"
										},
										"clearingStatus": {
											"type": "string",
											"nullable": true,
											"maxLength": 1,
											"title": "Clearing Status"
										},
										"mainTransaction": {
											"type": "string",
											"nullable": true,
											"maxLength": 4,
											"title": "Transaction"
										},
										"subTransaction": {
											"type": "string",
											"nullable": true,
											"maxLength": 4,
											"title": "Sub Transaction"
										},
										"accountDeterminationId": {
											"type": "string",
											"nullable": true,
											"maxLength": 2,
											"title": "Account Determination ID"
										},
										"division": {
											"type": "string",
											"nullable": true,
											"maxLength": 2,
											"title": "lbl_division"
										},
										"ledgerAccount": {
											"type": "string",
											"nullable": true,
											"maxLength": 10,
											"title": "Ledger Account"
										},
										"documentNumber": {
											"type": "string",
											"nullable": true,
											"maxLength": 12,
											"title": "Document Number"
										},
										"divisionCategory": {
											"type": "string",
											"nullable": true,
											"maxLength": 2,
											"title": "lbl_division_category"
										},
										"documentDate": {
											"type": "string",
											"format": "date",
											"nullable": true
										},
										"postingDate": {
											"type": "string",
											"format": "date",
											"nullable": true
										},
										"dueDate": {
											"type": "string",
											"format": "date",
											"nullable": true
										},
										"billingAmount": {
											"type": "object",
											"properties": {
												"content": {
													"type": "number",
													"nullable": true,
													"format": "double"
												},
												"currencyCode": {
													"type": "string",
													"nullable": true,
													"title": "Currency"
												}
											}
										},
										"clearingDocument": {
											"type": "string",
											"nullable": true,
											"maxLength": 12,
											"title": "Clearing Document"
										},
										"status": {
											"type": "string",
											"nullable": true,
											"maxLength": 1,
											"title": "Status"
										},
										"printDate": {
											"type": "string",
											"format": "date",
											"nullable": true
										},
										"paymentDate": {
											"type": "string",
											"format": "date",
											"nullable": true
										},
										"printDocument": {
											"type": "string",
											"nullable": true,
											"maxLength": 12,
											"title": "Print Document"
										}
									}
								}
							},
							"audit": {
								"type": "object",
								"properties": {
									"userId": {
										"type": "string",
										"nullable": true,
										"title": "User ID"
									},
									"businessSystemId": {
										"type": "string",
										"nullable": true,
										"title": "Business System ID"
									}
								}
							}
						}
					}
				}
			}
		}
	},
	"security": [
		{
			"basicAuthentication": []
		}
	],
	"paths": {
		"/sap/c4c/api/v1/financials-integration-service/budgetBillingPlan": {
			"get": {
				"operationId": "queryfinancialsservice_budgetBillingPlan",
				"tags": [
					"BudgetBillingPlan"
				],
				"summary": "Retrieve Budget Billing Plan information from the system.",
				"description": "Specify query parameters to return desired Budget Billing Plan records from the system.",
				"parameters": [
					{
						"name": "$filter",
						"in": "query",
						"required": true,
						"schema": {
							"type": "string"
						},
						"examples": {
							"one": {
								"value": "contractAccountId eq 000002023000 and contract eq 0000049809 and budgetBillingItemFlag eq X and actionCode eq 3 and procedure eq 1 and businessPartnerId eq 7000004120 and date eq 2020-01-01",
								"summary": "Get Budget Billing Plan"
							},
							"two": {
								"value": "contractAccountId eq 000002023000 and contract eq 0000049809 and budgetBillingItemFlag eq X and actionCode eq 3 and procedure eq 1 and businessPartnerId eq 7000004120 and date eq 2020-01-01 and fetchContracts eq X",
								"summary": "Get Contracts for Budget Billing Plan"
							}
						},
						"description": "Filter Budget Billing Plan by attribute."
					}
				],
				"responses": {
					"200": {
						"description": "Retrieved Budget Billing Plans.",
						"content": {
							"application/json": {
								"schema": {
									"allOf": [
										{
											"$ref": "#/components/schemas/BudgetBillingPlanqueryresponse"
										},
										{
											"$ref": "#/components/schemas/info"
										}
									]
								}
							}
						}
					},
					"401": {
						"description": "Unauthorized.\n\nThis error is caused when the request has not been applied because there are no valid authentication credentials for the target resource."
					},
					"403": {
						"description": "Forbidden.\n\nThis client error code indicates that the server understood the request but refuses to authorize it."
					},
					"500": {
						"description": "Internal Server Error.\n\nFailed to query Budget Billing Plan.",
						"content": {
							"application/json": {
								"schema": {
									"$ref": "#/components/schemas/error"
								}
							}
						}
					}
				}
			},
			"post": {
				"operationId": "createfinancialsservice_budgetBillingPlan",
				"tags": [
					"BudgetBillingPlan"
				],
				"summary": "Update Budget Billing Plan",
				"description": "Update Budget Billing Plan",
				"parameters": [],
				"requestBody": {
					"content": {
						"application/json": {
							"schema": {
								"$ref": "#/components/schemas/BudgetBillingPlancreaterequest"
							},
							"examples": {
								"one": {
									"value": {
										"actionCode": "5",
										"procedure": "1",
										"contract": "0000052119",
										"date": "2023-07-13"
									},
									"summary": "Simulate Budget Billing Plan"
								},
								"two": {
									"value": {
										"contract": "0000052119",
										"documentNumber": "800001613",
										"procedure": "1",
										"actionCode": "2",
										"budgetBillingPlanItem": [
											{
												"repetitionItem": "001",
												"itemNumber": "0001",
												"subItemNumber": "000",
												"documentNumber": "800001613",
												"companyCode": "U100",
												"clearingStatus": "9",
												"mainTransaction": "0050",
												"subTransaction": "0120",
												"accountDeterminationId": "01",
												"division": "01",
												"ledgerAccount": "0000170012",
												"documentDate": "2023-07-13",
												"postingDate": "2023-07-13",
												"dueDate": "2023-02-28",
												"billingAmount": {
													"content": 0,
													"currencyCode": "EUR"
												},
												"clearingDocument": "",
												"status": "4",
												"printDate": "2023-02-28",
												"paymentDate": "",
												"printDocument": ""
											},
											{
												"repetitionItem": "002",
												"itemNumber": "0001",
												"subItemNumber": "000",
												"documentNumber": "800001613",
												"companyCode": "U100",
												"clearingStatus": "9",
												"mainTransaction": "0050",
												"subTransaction": "0120",
												"accountDeterminationId": "01",
												"division": "01",
												"ledgerAccount": "0000170012",
												"documentDate": "2023-07-13",
												"postingDate": "2023-07-13",
												"dueDate": "2023-03-31",
												"billingAmount": {
													"content": 0,
													"currencyCode": "EUR"
												},
												"clearingDocument": "",
												"status": "4",
												"printDate": "2023-03-31",
												"paymentDate": "",
												"printDocument": ""
											},
											{
												"repetitionItem": "003",
												"itemNumber": "0001",
												"subItemNumber": "000",
												"documentNumber": "800001613",
												"companyCode": "U100",
												"clearingStatus": "9",
												"mainTransaction": "0050",
												"subTransaction": "0120",
												"accountDeterminationId": "01",
												"division": "01",
												"ledgerAccount": "0000170012",
												"documentDate": "2023-07-13",
												"postingDate": "2023-07-13",
												"dueDate": "2023-05-02",
												"billingAmount": {
													"content": 0,
													"currencyCode": "EUR"
												},
												"clearingDocument": "*",
												"status": "4",
												"printDate": "2023-04-30",
												"paymentDate": "",
												"printDocument": ""
											},
											{
												"repetitionItem": "004",
												"itemNumber": "0001",
												"subItemNumber": "000",
												"documentNumber": "800001613",
												"companyCode": "U100",
												"clearingStatus": "9",
												"mainTransaction": "0050",
												"subTransaction": "0120",
												"accountDeterminationId": "01",
												"division": "01",
												"ledgerAccount": "0000170012",
												"documentDate": "2023-07-13",
												"postingDate": "2023-0713",
												"dueDate": "2023-05-31",
												"billingAmount": {
													"content": 0,
													"currencyCode": "EUR"
												},
												"clearingDocument": "*",
												"status": "4",
												"printDate": "2023-05-31",
												"paymentDate": "",
												"printDocument": ""
											},
											{
												"repetitionItem": "005",
												"itemNumber": "0001",
												"subItemNumber": "000",
												"documentNumber": "800001613",
												"companyCode": "U100",
												"clearingStatus": "9",
												"mainTransaction": "0050",
												"subTransaction": "0120",
												"accountDeterminationId": "01",
												"division": "01",
												"ledgerAccount": "0000170012",
												"documentDate": "2023-07-13",
												"postingDate": "2023-07-13",
												"dueDate": "2023-06-30",
												"billingAmount": {
													"content": 0,
													"currencyCode": "EUR"
												},
												"clearingDocument": "*",
												"status": "4",
												"printDate": "2023-06-30",
												"paymentDate": "",
												"printDocument": ""
											},
											{
												"repetitionItem": "006",
												"itemNumber": "0001",
												"subItemNumber": "000",
												"documentNumber": "800001613",
												"companyCode": "U100",
												"clearingStatus": "",
												"mainTransaction": "0050",
												"subTransaction": "0120",
												"accountDeterminationId": "01",
												"division": "01",
												"ledgerAccount": "0000170012",
												"documentDate": "2023-07-13",
												"postingDate": "2023-07-13",
												"dueDate": "2023-07-31",
												"billingAmount": {
													"content": 150,
													"currencyCode": "EUR"
												},
												"clearingDocument": "",
												"status": "2",
												"printDate": "2023-07-31",
												"paymentDate": "00000000",
												"printDocument": ""
											},
											{
												"repetitionItem": "007",
												"itemNumber": "0001",
												"subItemNumber": "000",
												"documentNumber": "800001613",
												"companyCode": "U100",
												"clearingStatus": "",
												"mainTransaction": "0050",
												"subTransaction": "0120",
												"accountDeterminationId": "01",
												"division": "01",
												"ledgerAccount": "0000170012",
												"documentDate": "2023-07-13",
												"postingDate": "2023-07-13",
												"dueDate": "2023-08-31",
												"billingAmount": {
													"content": 150,
													"currencyCode": "EUR"
												},
												"clearingDocument": "",
												"status": "2",
												"printDate": "2023-08-31",
												"paymentDate": "00000000",
												"printDocument": ""
											},
											{
												"repetitionItem": "008",
												"itemNumber": "0001",
												"subItemNumber": "000",
												"documentNumber": "800001613",
												"companyCode": "U100",
												"clearingStatus": "",
												"mainTransaction": "0050",
												"subTransaction": "0120",
												"accountDeterminationId": "01",
												"division": "01",
												"ledgerAccount": "0000170012",
												"documentDate": "2023-07-13",
												"postingDate": "2023-07-13",
												"dueDate": "2023-10-02",
												"billingAmount": {
													"content": 150,
													"currencyCode": "EUR"
												},
												"clearingDocument": "",
												"status": "2",
												"printDate": "2023-09-30",
												"paymentDate": "00000000",
												"printDocument": ""
											},
											{
												"repetitionItem": "009",
												"itemNumber": "0001",
												"subItemNumber": "000",
												"documentNumber": "800001613",
												"companyCode": "U100",
												"clearingStatus": "",
												"mainTransaction": "0050",
												"subTransaction": "0120",
												"accountDeterminationId": "01",
												"division": "01",
												"ledgerAccount": "0000170012",
												"documentDate": "2023-07-13",
												"postingDate": "2023-07-13",
												"dueDate": "2023-10-31",
												"billingAmount": {
													"content": 150,
													"currencyCode": "EUR"
												},
												"clearingDocument": "",
												"status": "2",
												"printDate": "2023-10-31",
												"paymentDate": "00000000",
												"printDocument": ""
											},
											{
												"repetitionItem": "010",
												"itemNumber": "0001",
												"subItemNumber": "000",
												"documentNumber": "800001613",
												"companyCode": "U100",
												"clearingStatus": "",
												"mainTransaction": "0050",
												"subTransaction": "0120",
												"accountDeterminationId": "01",
												"division": "01",
												"ledgerAccount": "0000170012",
												"documentDate": "2023-07-13",
												"postingDate": "2023-07-13",
												"dueDate": "2023-11-30",
												"billingAmount": {
													"content": 150,
													"currencyCode": "EUR"
												},
												"clearingDocument": "",
												"status": "2",
												"printDate": "2023-11-30",
												"paymentDate": "00000000",
												"printDocument": ""
											},
											{
												"repetitionItem": "011",
												"itemNumber": "0001",
												"subItemNumber": "000",
												"documentNumber": "800001613",
												"companyCode": "U100",
												"clearingStatus": "",
												"mainTransaction": "0050",
												"subTransaction": "0120",
												"accountDeterminationId": "01",
												"division": "01",
												"ledgerAccount": "0000170012",
												"documentDate": "2023-07-13",
												"postingDate": "2023-07-13",
												"dueDate": "2024-01-02",
												"billingAmount": {
													"content": 150,
													"currencyCode": "EUR"
												},
												"clearingDocument": "",
												"status": "2",
												"printDate": "2023-12-31",
												"paymentDate": "00000000",
												"printDocument": ""
											},
											{
												"repetitionItem": "012",
												"itemNumber": "0001",
												"subItemNumber": "000",
												"documentNumber": "800001613",
												"companyCode": "U100",
												"clearingStatus": "",
												"mainTransaction": "0050",
												"subTransaction": "0120",
												"accountDeterminationId": "01",
												"division": "01",
												"ledgerAccount": "0000170012",
												"documentDate": "2023-07-13",
												"postingDate": "2023-07-13",
												"dueDate": "2024-01-31",
												"billingAmount": {
													"content": 150,
													"currencyCode": "EUR"
												},
												"clearingDocument": "",
												"status": "2",
												"printDate": "2024-01-31",
												"paymentDate": "00000000",
												"printDocument": ""
											}
										]
									},
									"summary": "Create Budget Billing Plan"
								},
								"three": {
									"value": {
										"contract": "0000052119",
										"documentNumber": "800001613",
										"procedure": "1",
										"actionCode": "2",
										"budgetBillingPlanItem": [
											{
												"repetitionItem": "001",
												"itemNumber": "0001",
												"subItemNumber": "000",
												"documentNumber": "800001613",
												"companyCode": "U100",
												"clearingStatus": "9",
												"mainTransaction": "0050",
												"subTransaction": "0120",
												"accountDeterminationId": "01",
												"division": "01",
												"ledgerAccount": "0000170012",
												"documentDate": "2023-07-13",
												"postingDate": "2023-07-13",
												"dueDate": "2023-02-28",
												"billingAmount": {
													"content": 0,
													"currencyCode": "EUR"
												},
												"clearingDocument": "",
												"status": "4",
												"printDate": "2023-02-28",
												"paymentDate": "",
												"printDocument": ""
											},
											{
												"repetitionItem": "002",
												"itemNumber": "0001",
												"subItemNumber": "000",
												"documentNumber": "800001613",
												"companyCode": "U100",
												"clearingStatus": "9",
												"mainTransaction": "0050",
												"subTransaction": "0120",
												"accountDeterminationId": "01",
												"division": "01",
												"ledgerAccount": "0000170012",
												"documentDate": "2023-07-13",
												"postingDate": "2023-07-13",
												"dueDate": "2023-03-31",
												"billingAmount": {
													"content": 0,
													"currencyCode": "EUR"
												},
												"clearingDocument": "",
												"status": "4",
												"printDate": "2023-03-31",
												"paymentDate": "",
												"printDocument": ""
											},
											{
												"repetitionItem": "003",
												"itemNumber": "0001",
												"subItemNumber": "000",
												"documentNumber": "800001613",
												"companyCode": "U100",
												"clearingStatus": "9",
												"mainTransaction": "0050",
												"subTransaction": "0120",
												"accountDeterminationId": "01",
												"division": "01",
												"ledgerAccount": "0000170012",
												"documentDate": "2023-07-13",
												"postingDate": "2023-07-13",
												"dueDate": "2023-05-02",
												"billingAmount": {
													"content": 0,
													"currencyCode": "EUR"
												},
												"clearingDocument": "*",
												"status": "4",
												"printDate": "2023-04-30",
												"paymentDate": "",
												"printDocument": ""
											},
											{
												"repetitionItem": "004",
												"itemNumber": "0001",
												"subItemNumber": "000",
												"documentNumber": "800001613",
												"companyCode": "U100",
												"clearingStatus": "9",
												"mainTransaction": "0050",
												"subTransaction": "0120",
												"accountDeterminationId": "01",
												"division": "01",
												"ledgerAccount": "0000170012",
												"documentDate": "2023-07-13",
												"postingDate": "2023-0713",
												"dueDate": "2023-05-31",
												"billingAmount": {
													"content": 0,
													"currencyCode": "EUR"
												},
												"clearingDocument": "*",
												"status": "4",
												"printDate": "2023-05-31",
												"paymentDate": "",
												"printDocument": ""
											},
											{
												"repetitionItem": "005",
												"itemNumber": "0001",
												"subItemNumber": "000",
												"documentNumber": "800001613",
												"companyCode": "U100",
												"clearingStatus": "9",
												"mainTransaction": "0050",
												"subTransaction": "0120",
												"accountDeterminationId": "01",
												"division": "01",
												"ledgerAccount": "0000170012",
												"documentDate": "2023-07-13",
												"postingDate": "2023-07-13",
												"dueDate": "2023-06-30",
												"billingAmount": {
													"content": 0,
													"currencyCode": "EUR"
												},
												"clearingDocument": "*",
												"status": "4",
												"printDate": "2023-06-30",
												"paymentDate": "",
												"printDocument": ""
											},
											{
												"repetitionItem": "006",
												"itemNumber": "0001",
												"subItemNumber": "000",
												"documentNumber": "800001613",
												"companyCode": "U100",
												"clearingStatus": "",
												"mainTransaction": "0050",
												"subTransaction": "0120",
												"accountDeterminationId": "01",
												"division": "01",
												"ledgerAccount": "0000170012",
												"documentDate": "2023-07-13",
												"postingDate": "2023-07-13",
												"dueDate": "2023-07-31",
												"billingAmount": {
													"content": 150,
													"currencyCode": "EUR"
												},
												"clearingDocument": "",
												"status": "2",
												"printDate": "2023-07-31",
												"paymentDate": "00000000",
												"printDocument": ""
											},
											{
												"repetitionItem": "007",
												"itemNumber": "0001",
												"subItemNumber": "000",
												"documentNumber": "800001613",
												"companyCode": "U100",
												"clearingStatus": "",
												"mainTransaction": "0050",
												"subTransaction": "0120",
												"accountDeterminationId": "01",
												"division": "01",
												"ledgerAccount": "0000170012",
												"documentDate": "2023-07-13",
												"postingDate": "2023-07-13",
												"dueDate": "2023-08-31",
												"billingAmount": {
													"content": 150,
													"currencyCode": "EUR"
												},
												"clearingDocument": "",
												"status": "2",
												"printDate": "2023-08-31",
												"paymentDate": "00000000",
												"printDocument": ""
											},
											{
												"repetitionItem": "008",
												"itemNumber": "0001",
												"subItemNumber": "000",
												"documentNumber": "800001613",
												"companyCode": "U100",
												"clearingStatus": "",
												"mainTransaction": "0050",
												"subTransaction": "0120",
												"accountDeterminationId": "01",
												"division": "01",
												"ledgerAccount": "0000170012",
												"documentDate": "2023-07-13",
												"postingDate": "2023-07-13",
												"dueDate": "2023-10-02",
												"billingAmount": {
													"content": 150,
													"currencyCode": "EUR"
												},
												"clearingDocument": "",
												"status": "2",
												"printDate": "2023-09-30",
												"paymentDate": "00000000",
												"printDocument": ""
											},
											{
												"repetitionItem": "009",
												"itemNumber": "0001",
												"subItemNumber": "000",
												"documentNumber": "800001613",
												"companyCode": "U100",
												"clearingStatus": "",
												"mainTransaction": "0050",
												"subTransaction": "0120",
												"accountDeterminationId": "01",
												"division": "01",
												"ledgerAccount": "0000170012",
												"documentDate": "2023-07-13",
												"postingDate": "2023-07-13",
												"dueDate": "2023-10-31",
												"billingAmount": {
													"content": 150,
													"currencyCode": "EUR"
												},
												"clearingDocument": "",
												"status": "2",
												"printDate": "2023-10-31",
												"paymentDate": "00000000",
												"printDocument": ""
											},
											{
												"repetitionItem": "010",
												"itemNumber": "0001",
												"subItemNumber": "000",
												"documentNumber": "800001613",
												"companyCode": "U100",
												"clearingStatus": "",
												"mainTransaction": "0050",
												"subTransaction": "0120",
												"accountDeterminationId": "01",
												"division": "01",
												"ledgerAccount": "0000170012",
												"documentDate": "2023-07-13",
												"postingDate": "2023-07-13",
												"dueDate": "2023-11-30",
												"billingAmount": {
													"content": 150,
													"currencyCode": "EUR"
												},
												"clearingDocument": "",
												"status": "2",
												"printDate": "2023-11-30",
												"paymentDate": "00000000",
												"printDocument": ""
											},
											{
												"repetitionItem": "011",
												"itemNumber": "0001",
												"subItemNumber": "000",
												"documentNumber": "800001613",
												"companyCode": "U100",
												"clearingStatus": "",
												"mainTransaction": "0050",
												"subTransaction": "0120",
												"accountDeterminationId": "01",
												"division": "01",
												"ledgerAccount": "0000170012",
												"documentDate": "2023-07-13",
												"postingDate": "2023-07-13",
												"dueDate": "2024-01-02",
												"billingAmount": {
													"content": 150,
													"currencyCode": "EUR"
												},
												"clearingDocument": "",
												"status": "2",
												"printDate": "2023-12-31",
												"paymentDate": "00000000",
												"printDocument": ""
											},
											{
												"repetitionItem": "012",
												"itemNumber": "0001",
												"subItemNumber": "000",
												"documentNumber": "800001613",
												"companyCode": "U100",
												"clearingStatus": "",
												"mainTransaction": "0050",
												"subTransaction": "0120",
												"accountDeterminationId": "01",
												"division": "01",
												"ledgerAccount": "0000170012",
												"documentDate": "2023-07-13",
												"postingDate": "2023-07-13",
												"dueDate": "2024-01-31",
												"billingAmount": {
													"content": 150,
													"currencyCode": "EUR"
												},
												"clearingDocument": "",
												"status": "2",
												"printDate": "2024-01-31",
												"paymentDate": "00000000",
												"printDocument": ""
											}
										]
									},
									"summary": "Edit Budget Billing Plan"
								},
								"four": {
									"value": {
										"actionCode": "7",
										"procedure": "1",
										"documentNumber": "800001646",
										"updateEverTable": "X"
									},
									"summary": "Delete Budget Billing Plan"
								}
							}
						}
					}
				},
				"responses": {
					"200": {
						"description": "200 OK",
						"content": {
							"application/json": {
								"schema": {
									"allOf": [
										{
											"$ref": "#/components/schemas/BudgetBillingPlanfile"
										},
										{
											"$ref": "#/components/schemas/info"
										}
									]
								}
							}
						}
					},
					"400": {
						"description": "Bad Request.\n\nThe server cannot process the request due to a client error. For example, an invalid request.",
						"content": {
							"application/json": {
								"schema": {
									"$ref": "#/components/schemas/error"
								}
							}
						}
					},
					"401": {
						"description": "Unauthorized.\n\nThis error is caused when the request has not been applied because there are no valid authentication credentials for the target resource."
					},
					"403": {
						"description": "Forbidden.\n\nThis client error code indicates that the server understood the request but refuses to authorize it."
					},
					"500": {
						"description": "Internal Server Error.\n\nFailed to create the Budget Billing Plan.",
						"content": {
							"application/json": {
								"schema": {
									"$ref": "#/components/schemas/error"
								}
							}
						}
					}
				}
			}
		}
	},
	"x-sap-shortText": "Manage entities from Budget Billing Plan service.",
	"x-sap-extensible": {
		"supported": "automatic",
		"description": "You can create extension fields in the Budget Billing Plan Service API by following the steps mentioned in https://help.sap.com/docs/CX_NG_SVC/2c87cece32844c91836e535aef8f9642/d3bdfac0c6b141c0bac27408c3ed159f.html?locale=en-US. The newly created extensions will be available in the API request and response body."
	}
}