{
	"openapi": "3.0.3",
	"info": {
		"title": "Open Api Specification for rateCategory service",
		"version": "1.0.0",
		"description": "Get Rate Category \n\n Gets the list of Service Rate Categories for move In/Out"
	},
	"servers": [
		{
			"url": "https://{hostname}",
			"description": "Example of server url is https://my1234567.crm.cloud.sap",
			"variables": {
				"hostname": {
					"default": ""
				}
			}
		}
	],
	"components": {
		"securitySchemes": {
			"basicAuthentication": {
				"type": "http",
				"scheme": "basic"
			}
		},
		"schemas": {
			"error": {
				"type": "object",
				"properties": {
					"error": {
						"type": "object",
						"properties": {
							"code": {
								"type": "string"
							},
							"details": {
								"type": "array",
								"items": {
									"type": "object",
									"properties": {
										"message": {
											"type": "string"
										},
										"code": {
											"type": "string"
										},
										"target": {
											"type": "string"
										}
									}
								}
							},
							"message": {
								"type": "string"
							},
							"target": {
								"type": "string"
							}
						}
					}
				}
			},
			"RateCategoryqueryresponse": {
				"title": "RateCategory query response",
				"type": "object",
				"properties": {
					"count": {
						"type": "integer",
						"format": "int32"
					},
					"value": {
						"type": "array",
						"items": {
							"type": "object",
							"properties": {
								"installation": {
									"type": "string",
									"nullable": true,
									"maxLength": 10
								},
								"keydate": {
									"type": "string",
									"nullable": true,
									"maxLength": 10
								},
								"language": {
									"type": "string",
									"nullable": true,
									"maxLength": 2
								},
								"division": {
									"type": "string",
									"nullable": true,
									"maxLength": 2
								},
								"divisionCategory": {
									"type": "string",
									"nullable": true,
									"maxLength": 2
								},
								"billingClass": {
									"type": "string",
									"nullable": true,
									"maxLength": 4
								},
								"rateCategory": {
									"type": "string",
									"nullable": true,
									"maxLength": 10
								},
								"description": {
									"type": "string",
									"nullable": true,
									"maxLength": 40
								}
							}
						}
					}
				}
			},
			"info": {
				"type": "object",
				"properties": {
					"info": {
						"type": "object",
						"properties": {
							"code": {
								"type": "string"
							},
							"details": {
								"type": "array",
								"items": {
									"type": "object",
									"properties": {
										"message": {
											"type": "string"
										},
										"target": {
											"type": "string"
										},
										"code": {
											"type": "string"
										},
										"severity": {
											"type": "string",
											"enum": [
												"ERROR",
												"WARNING",
												"INFO"
											]
										}
									}
								}
							},
							"message": {
								"type": "string"
							},
							"target": {
								"type": "string"
							},
							"severity": {
								"type": "string",
								"enum": [
									"ERROR",
									"WARNING",
									"INFO"
								]
							}
						}
					}
				}
			}
		}
	},
	"security": [
		{
			"basicAuthentication": []
		}
	],
	"paths": {
		"/sap/c4c/api/v1/move-integration-service/ratecategory": {
			"get": {
				"operationId": "querymoveintegrationservice_rateCategory",
				"tags": [
					"RateCategory"
				],
				"summary": "Get Service Rate Category",
				"description": "Get Service Rate Category",
				"parameters": [
					{
						"name": "$filter",
						"in": "query",
						"required": true,
						"schema": {
							"type": "string"
						},
						"examples": {
							"one": {
								"value": "installation eq 193330",
								"summary": "Service Installation details to fetch Rate Categories"
							}
						},
						"description": "Retrieve services Rate Category"
					}
				],
				"responses": {
					"200": {
						"description": "Get Service Rate Category.",
						"content": {
							"application/json": {
								"schema": {
									"allOf": [
										{
											"$ref": "#/components/schemas/RateCategoryqueryresponse"
										},
										{
											"$ref": "#/components/schemas/info"
										}
									]
								}
							}
						}
					},
					"400": {
						"description": "Bad Request.\n\nThe server cannot process the request due to a client error. For example, an invalid request.",
						"content": {
							"application/json": {
								"schema": {
									"$ref": "#/components/schemas/error"
								}
							}
						}
					},
					"401": {
						"description": "Unauthorized.\n\nThis error is caused when the request has not been applied because there are no valid authentication credentials for the target resource."
					},
					"403": {
						"description": "Forbidden.\n\nThis client error code indicates that the server understood the request but refuses to authorize it."
					},
					"500": {
						"description": "Internal Server Error.\n\nGet Service Rate Category.",
						"content": {
							"application/json": {
								"schema": {
									"$ref": "#/components/schemas/error"
								}
							}
						}
					}
				}
			}
		}
	},
	"x-sap-shortText": "Manage entities from rateCategory service.",
	"x-sap-extensible": {
		"supported": "automatic",
		"description": "You can create extension fields in the rateCategory API by following the steps mentioned in https://help.sap.com/docs/CX_NG_SVC/2c87cece32844c91836e535aef8f9642/d3bdfac0c6b141c0bac27408c3ed159f.html?locale=en-US. The newly created extensions will be available in the API request and response body."
	}
}