<edmx:Edmx xmlns:edmx="http://schemas.microsoft.com/ado/2007/06/edmx" Version="1.0">
    <edmx:DataServices xmlns:m="http://schemas.microsoft.com/ado/2007/08/dataservices/metadata" m:DataServiceVersion="2.0">
        <Schema xmlns="http://schemas.microsoft.com/ado/2008/09/edm" Namespace="HybrisCommerceOData">
            <EntityType Name="SAPCpiOutboundCustomer">
                <Key>
                    <PropertyRef Name="integrationKey"/>
                </Key>
                <Property Name="responseStatus" Nullable="true" Type="Edm.String"/>
                <Property Name="responseMessage" Nullable="true" Type="Edm.String"/>
                <Property Name="baseStore" Nullable="true" Type="Edm.String"/>
                <Property Name="country" Nullable="true" Type="Edm.String"/>
                <Property Name="fax" Nullable="true" Type="Edm.String"/>
                <Property Name="streetNumber" Nullable="true" Type="Edm.String"/>
                <Property Name="street" Nullable="true" Type="Edm.String"/>
                <Property IsUnique="true" Name="customerId" Nullable="false" Type="Edm.String"/>
                <Property Name="firstName" Nullable="true" Type="Edm.String"/>
                <Property Name="lastName" Nullable="true" Type="Edm.String"/>
                <Property Name="phone" Nullable="true" Type="Edm.String"/>
                <Property Name="sessionLanguage" Nullable="true" Type="Edm.String"/>
                <Property Name="contactId" Nullable="true" Type="Edm.String"/>
                <Property Name="title" Nullable="true" Type="Edm.String"/>
                <Property Name="region" Nullable="true" Type="Edm.String"/>
                <Property Name="addressUsage" Nullable="true" Type="Edm.String"/>
                <Property Name="postalCode" Nullable="true" Type="Edm.String"/>
                <Property Name="town" Nullable="true" Type="Edm.String"/>
                <Property IsUnique="true" Name="uid" Nullable="false" Type="Edm.String"/>
                <Property Name="objType" Nullable="true" Type="Edm.String"/>
                <Property Name="revenueCloudCustomerId" Nullable="true" Type="Edm.String"/>
                <Property Alias="SAPCpiOutboundCustomer_customerId|SAPCpiOutboundCustomer_uid" Name="integrationKey" Nullable="false" Type="Edm.String"/>
                <NavigationProperty FromRole="SAPCpiOutboundCustomer" Name="sapCpiConfig" Nullable="true" Relationship="HybrisCommerceOData.FK_SAPCpiOutboundCustomer_SAPCpiOutboundConfig" ToRole="SAPCpiOutboundConfig"/>
            </EntityType>
            <EntityType Name="SAPCpiOutboundConfig">
                <Key>
                    <PropertyRef Name="integrationKey"/>
                </Key>
                <Property Name="url" Nullable="true" Type="Edm.String"/>
                <Property Name="senderName" Nullable="true" Type="Edm.String"/>
                <Property Name="username" Nullable="true" Type="Edm.String"/>
                <Property Name="receiverPort" Nullable="true" Type="Edm.String"/>
                <Property IsUnique="true" Name="client" Nullable="false" Type="Edm.String"/>
                <Property IsUnique="true" Name="receiverName" Nullable="false" Type="Edm.String"/>
                <Property Name="senderPort" Nullable="true" Type="Edm.String"/>
                <Property Alias="SAPCpiOutboundConfig_client|SAPCpiOutboundConfig_receiverName" Name="integrationKey" Nullable="false" Type="Edm.String"/>
            </EntityType>
            <Association Name="FK_SAPCpiOutboundCustomer_SAPCpiOutboundConfig">
                <End Multiplicity="0..1" Role="SAPCpiOutboundCustomer" Type="HybrisCommerceOData.SAPCpiOutboundCustomer"/>
                <End Multiplicity="0..1" Role="SAPCpiOutboundConfig" Type="HybrisCommerceOData.SAPCpiOutboundConfig"/>
            </Association>
            <EntityContainer Name="Container" m:IsDefaultEntityContainer="true">
                <EntitySet EntityType="HybrisCommerceOData.SAPCpiOutboundCustomer" Name="SAPCpiOutboundCustomers"/>
                <EntitySet EntityType="HybrisCommerceOData.SAPCpiOutboundConfig" Name="SAPCpiOutboundConfigs"/>
                <AssociationSet Association="HybrisCommerceOData.FK_SAPCpiOutboundCustomer_SAPCpiOutboundConfig" Name="SAPCpiOutboundCustomer_SAPCpiOutboundConfigs">
                    <End EntitySet="SAPCpiOutboundCustomers" Role="SAPCpiOutboundCustomer"/>
                    <End EntitySet="SAPCpiOutboundConfigs" Role="SAPCpiOutboundConfig"/>
                </AssociationSet>
            </EntityContainer>
        </Schema>
    </edmx:DataServices>
</edmx:Edmx>
