{
  "openapi": "3.0.3",
  "info": {
    "title": "Quote PDF Outbound Retrieval",
    "version": "1.0.0",
    "description": "This API retrieves the PDF of the follow-up quote from SAP S/4HANA."
  },
  "servers": [
    {
      "url": "https://{hostname}",
      "description": "Example of server url is https://my1234567.crm.cloud.sap",
      "variables": {
        "hostname": {
          "default": ""
        }
      }
    }
  ],
  "components": {
    "securitySchemes": {
      "basicAuthentication": {
        "type": "http",
        "scheme": "basic"
      }
    },
    "schemas": {
      "error": {
        "type": "object",
        "properties": {
          "error": {
            "type": "object",
            "properties": {
              "code": {
                "type": "string"
              },
              "details": {
                "type": "array",
                "items": {
                  "type": "object",
                  "properties": {
                    "message": {
                      "type": "string"
                    },
                    "code": {
                      "type": "string"
                    },
                    "target": {
                      "type": "string"
                    }
                  }
                }
              },
              "message": {
                "type": "string"
              },
              "target": {
                "type": "string"
              }
            }
          }
        }
      },
      "QuotePDFOutboundRetrievalcreaterequest": {
        "title": "Quote PDF Outbound Retrieval create request",
        "type": "object",
        "properties": {
          "externalSalesDocumentPDF": {
            "type": "array",
            "items": {
              "type": "object",
              "properties": {
                "receiverDisplayId": {
                  "type": "string",
                  "nullable": true,
                  "title": "lbl_receiverDisplayId"
                },
                "PDFContent": {
                  "type": "string",
                  "nullable": true,
                  "title": "lbl_PDFContent"
                }
              }
            }
          }
        }
      },
      "QuotePDFOutboundRetrievalfile": {
        "title": "Quote PDF Outbound Retrieval file",
        "type": "object",
        "properties": {
          "value": {
            "type": "object",
            "properties": {
              "externalSalesDocumentPDF": {
                "type": "array",
                "items": {
                  "type": "object",
                  "properties": {
                    "receiverDisplayId": {
                      "type": "string",
                      "nullable": true,
                      "title": "lbl_receiverDisplayId"
                    },
                    "PDFContent": {
                      "type": "string",
                      "nullable": true,
                      "title": "lbl_PDFContent"
                    }
                  }
                }
              }
            }
          }
        }
      }
    }
  },
  "security": [
    {
      "basicAuthentication": []
    }
  ],
  "paths": {
    "/sap/c4c/api/v1/http/c4c/s4/getSalesDocumentPDFOut": {
      "post": {
        "operationId": "createopportunityservice_getSalesDocumentPDFOut",
        "tags": [
          "GetSalesDocumentPDFOut"
        ],
        "summary": "Create data",
        "parameters": [],
        "requestBody": {
          "content": {
            "application/json": {
              "schema": {
                "$ref": "#/components/schemas/QuotePDFOutboundRetrievalcreaterequest"
              }
            }
          }
        },
        "responses": {
          "201": {
            "description": "201 CREATED",
            "content": {
              "application/json": {
                "schema": {
                  "$ref": "#/components/schemas/QuotePDFOutboundRetrievalfile"
                }
              }
            }
          },
          "400": {
            "description": "400 BAD_REQUEST",
            "content": {
              "application/json": {
                "schema": {
                  "$ref": "#/components/schemas/error"
                }
              }
            }
          },
          "401": {
            "description": "401 UNAUTHORIZED"
          },
          "403": {
            "description": "403 FORBIDDEN"
          },
          "404": {
            "description": "404 NOT_FOUND"
          },
          "500": {
            "description": "500 INTERNAL_SERVER_ERROR",
            "content": {
              "application/json": {
                "schema": {
                  "$ref": "#/components/schemas/error"
                }
              }
            }
          }
        }
      }
    }
  },
  "x-sap-shortText": "Manage entities from Quote PDF Outbound Retrieval service."
}