{
	"internalID": "Field1",
	"description": {
		"language": "en",
		"long": "location",
		"short": "location"
	},
	"installationLocation": {
		"additionalInformation": "EPIP Zone",
		"additionalSpot": "138",
		"additionalSpotName": "EPIP Zone",
		"addressLine1": "SAP Labs India",
		"addressLine2": "Whitefield",
		"city": "Bangalore",
		"contacts": [{
			"email": "dvh@sap.com",
			"isPrimary": true,
			"name": "DVH",
			"phoneNumber": "8734279242"
		}],
		"country": "IN",
		"imageUrl": "94vfLuia40NusoKHrB4DoE_50cs06XdEPHri5IqmCzM",
		"postalCode": "560066",
		"region": "10"
	}
}