{
	"openapi": "3.0.3",
	"info": {
		"title": "Promise to Pay Service",
		"version": "1.0.0",
		"description": "Promise to Pay \n\nUse this API to view, create,replace and edit the promise to pay."
	},
	"servers": [
		{
			"url": "https://{hostname}",
			"description": "Example of server url is https://my1234567.crm.cloud.sap",
			"variables": {
				"hostname": {
					"default": ""
				}
			}
		}
	],
	"components": {
		"securitySchemes": {
			"basicAuthentication": {
				"type": "http",
				"scheme": "basic"
			}
		},
		"schemas": {
			"error": {
				"type": "object",
				"properties": {
					"error": {
						"type": "object",
						"properties": {
							"code": {
								"type": "string"
							},
							"details": {
								"type": "array",
								"items": {
									"type": "object",
									"properties": {
										"message": {
											"type": "string"
										},
										"code": {
											"type": "string"
										},
										"target": {
											"type": "string"
										}
									}
								}
							},
							"message": {
								"type": "string"
							},
							"target": {
								"type": "string"
							}
						}
					}
				}
			},
			"PromisetoPayqueryresponse": {
				"title": "Promise to Pay query response",
				"type": "object",
				"properties": {
					"count": {
						"type": "integer",
						"format": "int32"
					},
					"value": {
						"type": "array",
						"items": {
							"type": "object",
							"properties": {
								"id": {
									"type": "string",
									"nullable": true,
									"title": "ID"
								},
								"promiseToPayId": {
									"type": "string",
									"nullable": true,
									"maxLength": 12,
									"title": "Promise To Pay ID"
								},
								"promisedPartner": {
									"type": "string",
									"nullable": true,
									"maxLength": 10,
									"title": "Promised Partner"
								},
								"businessPartnerId": {
									"type": "string",
									"nullable": true,
									"maxLength": 10,
									"title": "Business Partner ID"
								},
								"contractAccountId": {
									"type": "string",
									"nullable": true,
									"maxLength": 12,
									"title": "Contract Account ID"
								},
								"contract": {
									"type": "string",
									"nullable": true,
									"maxLength": 20,
									"title": "Contract"
								},
								"companyCode": {
									"type": "string",
									"nullable": true,
									"maxLength": 4,
									"title": "Company Code"
								},
								"companyCodeDescription": {
									"type": "string",
									"nullable": true,
									"title": "Company Code Description"
								},
								"reason": {
									"type": "string",
									"nullable": true,
									"maxLength": 2,
									"title": "Reason"
								},
								"reasonDescription": {
									"type": "string",
									"nullable": true,
									"title": "Reason Description"
								},
								"withdrawReason": {
									"type": "string",
									"nullable": true,
									"maxLength": 2,
									"title": "Withdraw Reason"
								},
								"withdrawReasonDescription": {
									"type": "string",
									"nullable": true,
									"title": "Withdraw Reason Description"
								},
								"category": {
									"type": "string",
									"nullable": true,
									"title": "Category"
								},
								"categoryDescription": {
									"type": "string",
									"nullable": true,
									"title": "Category Description"
								},
								"promisedAmount": {
									"type": "object",
									"properties": {
										"content": {
											"type": "number",
											"nullable": true,
											"format": "double"
										},
										"currencyCode": {
											"type": "string",
											"nullable": true,
											"title": "Currency"
										}
									}
								},
								"charges": {
									"type": "object",
									"properties": {
										"content": {
											"type": "number",
											"nullable": true,
											"format": "double"
										},
										"currencyCode": {
											"type": "string",
											"nullable": true,
											"title": "Currency"
										}
									}
								},
								"interest": {
									"type": "object",
									"properties": {
										"content": {
											"type": "number",
											"nullable": true,
											"format": "double"
										},
										"currencyCode": {
											"type": "string",
											"nullable": true,
											"title": "Currency"
										}
									}
								},
								"clearedAmount": {
									"type": "object",
									"properties": {
										"content": {
											"type": "number",
											"nullable": true,
											"format": "double"
										},
										"currencyCode": {
											"type": "string",
											"nullable": true,
											"title": "Currency"
										}
									}
								},
								"paymentAmount": {
									"type": "object",
									"properties": {
										"content": {
											"type": "number",
											"nullable": true,
											"format": "double"
										},
										"currencyCode": {
											"type": "string",
											"nullable": true,
											"title": "Currency"
										}
									}
								},
								"createdBy": {
									"type": "string",
									"nullable": true,
									"maxLength": 12,
									"title": "Created By"
								},
								"createdOn": {
									"type": "string",
									"format": "date",
									"nullable": true
								},
								"checkedDate": {
									"type": "string",
									"format": "date",
									"nullable": true
								},
								"status": {
									"type": "string",
									"nullable": true,
									"maxLength": 1,
									"title": "Status"
								},
								"statusDescription": {
									"type": "string",
									"nullable": true,
									"title": "Status Description"
								},
								"levelFulfillment": {
									"type": "number",
									"nullable": true,
									"format": "float"
								},
								"replacedPromiseToPayId": {
									"type": "string",
									"nullable": true,
									"maxLength": 12,
									"title": "Replaced Promise To Pay ID"
								},
								"paymentPromisedByToday": {
									"type": "object",
									"properties": {
										"content": {
											"type": "number",
											"nullable": true,
											"format": "double"
										},
										"currencyCode": {
											"type": "string",
											"nullable": true,
											"title": "Currency"
										}
									}
								},
								"amountPaidByToday": {
									"type": "object",
									"properties": {
										"content": {
											"type": "number",
											"nullable": true,
											"format": "double"
										},
										"currencyCode": {
											"type": "string",
											"nullable": true,
											"title": "Currency"
										}
									}
								},
								"currentLevelFulfillment": {
									"type": "number",
									"nullable": true,
									"format": "float"
								},
								"lastPaymentDate": {
									"type": "string",
									"format": "date",
									"nullable": true
								},
								"confirmation": {
									"type": "string",
									"nullable": true,
									"maxLength": 1,
									"title": "Confirmation"
								},
								"customerName": {
									"type": "string",
									"nullable": true,
									"title": "Customer Name"
								},
								"noOfPayments": {
									"type": "string",
									"nullable": true,
									"maxLength": 10,
									"title": "Number of Payments"
								},
								"firstPaymentDate": {
									"type": "string",
									"format": "date",
									"nullable": true
								},
								"paymentPeriod": {
									"type": "string",
									"nullable": true,
									"maxLength": 2,
									"title": "Payment Period"
								},
								"paymentPeriodDescription": {
									"type": "string",
									"nullable": true,
									"title": "Payment Period Description"
								},
								"numberOfDates": {
									"type": "string",
									"nullable": true,
									"maxLength": 2,
									"title": "Number of Dates"
								},
								"maximumPerPayment": {
									"type": "object",
									"properties": {
										"content": {
											"type": "number",
											"nullable": true,
											"format": "double"
										},
										"currencyCode": {
											"type": "string",
											"nullable": true,
											"title": "Currency"
										}
									}
								},
								"comments": {
									"type": "string",
									"nullable": true,
									"title": "Comments"
								},
								"withdrawalInitiator": {
									"type": "string",
									"nullable": true,
									"maxLength": 1,
									"title": "Withdrawal Initiator"
								},
								"withdrawalInitiatorDescription": {
									"type": "string",
									"nullable": true,
									"title": "Withdrawal Initiator Description"
								},
								"maximumCount": {
									"type": "integer",
									"nullable": true,
									"format": "int32"
								},
								"isCalculateCharge": {
									"type": "boolean",
									"nullable": true
								},
								"isGenerateProposal": {
									"type": "boolean",
									"nullable": true
								},
								"isWithdraw": {
									"type": "boolean",
									"nullable": true
								},
								"isStatusChange": {
									"type": "boolean",
									"nullable": true
								},
								"isReactivate": {
									"type": "boolean",
									"nullable": true
								},
								"isReplace": {
									"type": "boolean",
									"nullable": true
								},
								"paymentDetails": {
									"type": "array",
									"items": {
										"type": "object",
										"properties": {
											"paymentDate": {
												"type": "string",
												"format": "date",
												"nullable": true
											},
											"paymentAmount": {
												"type": "object",
												"properties": {
													"content": {
														"type": "number",
														"nullable": true,
														"format": "double"
													},
													"currencyCode": {
														"type": "string",
														"nullable": true,
														"title": "Currency"
													}
												}
											},
											"openPaymentAmount": {
												"type": "object",
												"properties": {
													"content": {
														"type": "number",
														"nullable": true,
														"format": "double"
													},
													"currencyCode": {
														"type": "string",
														"nullable": true,
														"title": "Currency"
													}
												}
											},
											"paymentStatus": {
												"type": "string",
												"nullable": true,
												"maxLength": 2,
												"title": "Payment Status"
											},
											"paymentStatusDescription": {
												"type": "string",
												"nullable": true,
												"title": "Payment Status Description"
											}
										}
									}
								},
								"openItems": {
									"type": "array",
									"items": {
										"type": "object",
										"properties": {
											"businessPartnerId": {
												"type": "string",
												"nullable": true,
												"maxLength": 10,
												"title": "Business Partner ID"
											},
											"contractAccountId": {
												"type": "string",
												"nullable": true,
												"maxLength": 12,
												"title": "Contract Account ID"
											},
											"replacedPromiseToPayId": {
												"type": "string",
												"nullable": true,
												"maxLength": 12,
												"title": "lbl_replaced_promise_to_pay_id"
											},
											"isReplacedOpenItems": {
												"type": "boolean",
												"nullable": true
											},
											"isAllOpenItems": {
												"type": "boolean",
												"nullable": true
											},
											"isFilteredOpenItems": {
												"type": "boolean",
												"nullable": true
											},
											"maximumCount": {
												"type": "integer",
												"nullable": true,
												"format": "int32"
											},
											"createDateFrom": {
												"type": "string",
												"format": "date",
												"nullable": true
											},
											"createDateTo": {
												"type": "string",
												"format": "date",
												"nullable": true
											},
											"postingDateFrom": {
												"type": "string",
												"format": "date",
												"nullable": true
											},
											"postingDateTo": {
												"type": "string",
												"format": "date",
												"nullable": true
											},
											"dueDateFrom": {
												"type": "string",
												"format": "date",
												"nullable": true
											},
											"dueDateTo": {
												"type": "string",
												"format": "date",
												"nullable": true
											},
											"documentNumber": {
												"type": "string",
												"nullable": true,
												"maxLength": 12,
												"title": "Document Number"
											},
											"repetitionItem": {
												"type": "string",
												"nullable": true,
												"maxLength": 3,
												"title": "Repetition Item"
											},
											"itemNumber": {
												"type": "string",
												"nullable": true,
												"maxLength": 4,
												"title": "Item Number"
											},
											"subItem": {
												"type": "string",
												"nullable": true,
												"maxLength": 3,
												"title": "Sub Item"
											},
											"mainTransaction": {
												"type": "string",
												"nullable": true,
												"maxLength": 50,
												"title": "Transaction"
											},
											"subTransaction": {
												"type": "string",
												"nullable": true,
												"maxLength": 50,
												"title": "Sub Transaction"
											},
											"amount": {
												"type": "object",
												"properties": {
													"content": {
														"type": "number",
														"nullable": true,
														"format": "double"
													},
													"currencyCode": {
														"type": "string",
														"nullable": true,
														"title": "Currency"
													}
												}
											},
											"clearedAmount": {
												"type": "object",
												"properties": {
													"content": {
														"type": "number",
														"nullable": true,
														"format": "double"
													},
													"currencyCode": {
														"type": "string",
														"nullable": true,
														"title": "Currency"
													}
												}
											},
											"dueDate": {
												"type": "string",
												"format": "date",
												"nullable": true
											},
											"documentDate": {
												"type": "string",
												"format": "date",
												"nullable": true
											},
											"postingDate": {
												"type": "string",
												"format": "date",
												"nullable": true
											},
											"itemSelected": {
												"type": "string",
												"nullable": true,
												"maxLength": 1,
												"title": "Item Selected"
											},
											"clearingStatus": {
												"type": "string",
												"nullable": true,
												"maxLength": 1,
												"title": "Clearing Status"
											},
											"clearingStatusDescription": {
												"type": "string",
												"nullable": true,
												"title": "Clearing Status Description"
											},
											"lockedStatus": {
												"type": "boolean",
												"nullable": true
											},
											"dunningLevel": {
												"type": "string",
												"nullable": true,
												"maxLength": 2,
												"title": "Dunning Level"
											},
											"dunningText": {
												"type": "string",
												"nullable": true,
												"maxLength": 50,
												"title": "lbl_dunning_Text"
											},
											"dunningStep": {
												"type": "string",
												"nullable": true,
												"maxLength": 4,
												"title": "Dunning Step"
											},
											"stepName": {
												"type": "string",
												"nullable": true,
												"maxLength": 50,
												"title": "Step Name"
											},
											"clearingRestriction": {
												"type": "string",
												"nullable": true,
												"maxLength": 1,
												"title": "Clearing Restriction"
											},
											"daysPast": {
												"type": "string",
												"nullable": true,
												"maxLength": 6,
												"title": "Days Past Due Date"
											}
										}
									}
								},
								"audit": {
									"type": "object",
									"properties": {
										"userId": {
											"type": "string",
											"nullable": true,
											"title": "User ID"
										},
										"businessSystemId": {
											"type": "string",
											"nullable": true,
											"title": "Business System ID"
										}
									}
								}
							}
						}
					}
				}
			},
			"info": {
				"type": "object",
				"properties": {
					"info": {
						"type": "object",
						"properties": {
							"code": {
								"type": "string"
							},
							"details": {
								"type": "array",
								"items": {
									"type": "object",
									"properties": {
										"message": {
											"type": "string"
										},
										"target": {
											"type": "string"
										},
										"code": {
											"type": "string"
										},
										"severity": {
											"type": "string",
											"enum": [
												"ERROR",
												"WARNING",
												"INFO"
											]
										}
									}
								}
							},
							"message": {
								"type": "string"
							},
							"target": {
								"type": "string"
							},
							"severity": {
								"type": "string",
								"enum": [
									"ERROR",
									"WARNING",
									"INFO"
								]
							}
						}
					}
				}
			},
			"PromisetoPaycreaterequest": {
				"title": "Promise to Pay create request",
				"type": "object",
				"properties": {
					"id": {
						"type": "string",
						"nullable": true,
						"title": "ID"
					},
					"promiseToPayId": {
						"type": "string",
						"nullable": true,
						"maxLength": 12,
						"title": "Promise To Pay ID"
					},
					"promisedPartner": {
						"type": "string",
						"nullable": true,
						"maxLength": 10,
						"title": "Promised Partner"
					},
					"businessPartnerId": {
						"type": "string",
						"nullable": true,
						"maxLength": 10,
						"title": "Business Partner ID"
					},
					"contractAccountId": {
						"type": "string",
						"nullable": true,
						"maxLength": 12,
						"title": "Contract Account ID"
					},
					"contract": {
						"type": "string",
						"nullable": true,
						"maxLength": 20,
						"title": "Contract"
					},
					"companyCode": {
						"type": "string",
						"nullable": true,
						"maxLength": 4,
						"title": "Company Code"
					},
					"companyCodeDescription": {
						"type": "string",
						"nullable": true,
						"title": "Company Code Description"
					},
					"reason": {
						"type": "string",
						"nullable": true,
						"maxLength": 2,
						"title": "Reason"
					},
					"reasonDescription": {
						"type": "string",
						"nullable": true,
						"title": "Reason Description"
					},
					"withdrawReason": {
						"type": "string",
						"nullable": true,
						"maxLength": 2,
						"title": "Withdraw Reason"
					},
					"withdrawReasonDescription": {
						"type": "string",
						"nullable": true,
						"title": "Withdraw Reason Description"
					},
					"category": {
						"type": "string",
						"nullable": true,
						"title": "Category"
					},
					"categoryDescription": {
						"type": "string",
						"nullable": true,
						"title": "Category Description"
					},
					"promisedAmount": {
						"type": "object",
						"properties": {
							"content": {
								"type": "number",
								"nullable": true,
								"format": "double"
							},
							"currencyCode": {
								"type": "string",
								"nullable": true,
								"title": "Currency"
							}
						}
					},
					"charges": {
						"type": "object",
						"properties": {
							"content": {
								"type": "number",
								"nullable": true,
								"format": "double"
							},
							"currencyCode": {
								"type": "string",
								"nullable": true,
								"title": "Currency"
							}
						}
					},
					"interest": {
						"type": "object",
						"properties": {
							"content": {
								"type": "number",
								"nullable": true,
								"format": "double"
							},
							"currencyCode": {
								"type": "string",
								"nullable": true,
								"title": "Currency"
							}
						}
					},
					"clearedAmount": {
						"type": "object",
						"properties": {
							"content": {
								"type": "number",
								"nullable": true,
								"format": "double"
							},
							"currencyCode": {
								"type": "string",
								"nullable": true,
								"title": "Currency"
							}
						}
					},
					"paymentAmount": {
						"type": "object",
						"properties": {
							"content": {
								"type": "number",
								"nullable": true,
								"format": "double"
							},
							"currencyCode": {
								"type": "string",
								"nullable": true,
								"title": "Currency"
							}
						}
					},
					"createdBy": {
						"type": "string",
						"nullable": true,
						"maxLength": 12,
						"title": "Created By"
					},
					"createdOn": {
						"type": "string",
						"format": "date",
						"nullable": true
					},
					"checkedDate": {
						"type": "string",
						"format": "date",
						"nullable": true
					},
					"status": {
						"type": "string",
						"nullable": true,
						"maxLength": 1,
						"title": "Status"
					},
					"statusDescription": {
						"type": "string",
						"nullable": true,
						"title": "Status Description"
					},
					"levelFulfillment": {
						"type": "number",
						"nullable": true,
						"format": "float"
					},
					"replacedPromiseToPayId": {
						"type": "string",
						"nullable": true,
						"maxLength": 12,
						"title": "Replaced Promise To Pay ID"
					},
					"paymentPromisedByToday": {
						"type": "object",
						"properties": {
							"content": {
								"type": "number",
								"nullable": true,
								"format": "double"
							},
							"currencyCode": {
								"type": "string",
								"nullable": true,
								"title": "Currency"
							}
						}
					},
					"amountPaidByToday": {
						"type": "object",
						"properties": {
							"content": {
								"type": "number",
								"nullable": true,
								"format": "double"
							},
							"currencyCode": {
								"type": "string",
								"nullable": true,
								"title": "Currency"
							}
						}
					},
					"currentLevelFulfillment": {
						"type": "number",
						"nullable": true,
						"format": "float"
					},
					"lastPaymentDate": {
						"type": "string",
						"format": "date",
						"nullable": true
					},
					"confirmation": {
						"type": "string",
						"nullable": true,
						"maxLength": 1,
						"title": "Confirmation"
					},
					"customerName": {
						"type": "string",
						"nullable": true,
						"title": "Customer Name"
					},
					"noOfPayments": {
						"type": "string",
						"nullable": true,
						"maxLength": 10,
						"title": "Number of Payments"
					},
					"firstPaymentDate": {
						"type": "string",
						"format": "date",
						"nullable": true
					},
					"paymentPeriod": {
						"type": "string",
						"nullable": true,
						"maxLength": 2,
						"title": "Payment Period"
					},
					"paymentPeriodDescription": {
						"type": "string",
						"nullable": true,
						"title": "Payment Period Description"
					},
					"numberOfDates": {
						"type": "string",
						"nullable": true,
						"maxLength": 2,
						"title": "Number of Dates"
					},
					"maximumPerPayment": {
						"type": "object",
						"properties": {
							"content": {
								"type": "number",
								"nullable": true,
								"format": "double"
							},
							"currencyCode": {
								"type": "string",
								"nullable": true,
								"title": "Currency"
							}
						}
					},
					"comments": {
						"type": "string",
						"nullable": true,
						"title": "Comments"
					},
					"withdrawalInitiator": {
						"type": "string",
						"nullable": true,
						"maxLength": 1,
						"title": "Withdrawal Initiator"
					},
					"withdrawalInitiatorDescription": {
						"type": "string",
						"nullable": true,
						"title": "Withdrawal Initiator Description"
					},
					"maximumCount": {
						"type": "integer",
						"nullable": true,
						"format": "int32"
					},
					"isCalculateCharge": {
						"type": "boolean",
						"nullable": true
					},
					"isGenerateProposal": {
						"type": "boolean",
						"nullable": true
					},
					"isWithdraw": {
						"type": "boolean",
						"nullable": true
					},
					"isStatusChange": {
						"type": "boolean",
						"nullable": true
					},
					"isReactivate": {
						"type": "boolean",
						"nullable": true
					},
					"isReplace": {
						"type": "boolean",
						"nullable": true
					},
					"paymentDetails": {
						"type": "array",
						"items": {
							"type": "object",
							"properties": {
								"paymentDate": {
									"type": "string",
									"format": "date",
									"nullable": true
								},
								"paymentAmount": {
									"type": "object",
									"properties": {
										"content": {
											"type": "number",
											"nullable": true,
											"format": "double"
										},
										"currencyCode": {
											"type": "string",
											"nullable": true,
											"title": "Currency"
										}
									}
								},
								"openPaymentAmount": {
									"type": "object",
									"properties": {
										"content": {
											"type": "number",
											"nullable": true,
											"format": "double"
										},
										"currencyCode": {
											"type": "string",
											"nullable": true,
											"title": "Currency"
										}
									}
								},
								"paymentStatus": {
									"type": "string",
									"nullable": true,
									"maxLength": 2,
									"title": "Payment Status"
								},
								"paymentStatusDescription": {
									"type": "string",
									"nullable": true,
									"title": "Payment Status Description"
								}
							}
						}
					},
					"openItems": {
						"type": "array",
						"items": {
							"type": "object",
							"properties": {
								"businessPartnerId": {
									"type": "string",
									"nullable": true,
									"maxLength": 10,
									"title": "Business Partner ID"
								},
								"contractAccountId": {
									"type": "string",
									"nullable": true,
									"maxLength": 12,
									"title": "Contract Account ID"
								},
								"replacedPromiseToPayId": {
									"type": "string",
									"nullable": true,
									"maxLength": 12,
									"title": "lbl_replaced_promise_to_pay_id"
								},
								"isReplacedOpenItems": {
									"type": "boolean",
									"nullable": true
								},
								"isAllOpenItems": {
									"type": "boolean",
									"nullable": true
								},
								"isFilteredOpenItems": {
									"type": "boolean",
									"nullable": true
								},
								"maximumCount": {
									"type": "integer",
									"nullable": true,
									"format": "int32"
								},
								"createDateFrom": {
									"type": "string",
									"format": "date",
									"nullable": true
								},
								"createDateTo": {
									"type": "string",
									"format": "date",
									"nullable": true
								},
								"postingDateFrom": {
									"type": "string",
									"format": "date",
									"nullable": true
								},
								"postingDateTo": {
									"type": "string",
									"format": "date",
									"nullable": true
								},
								"dueDateFrom": {
									"type": "string",
									"format": "date",
									"nullable": true
								},
								"dueDateTo": {
									"type": "string",
									"format": "date",
									"nullable": true
								},
								"documentNumber": {
									"type": "string",
									"nullable": true,
									"maxLength": 12,
									"title": "Document Number"
								},
								"repetitionItem": {
									"type": "string",
									"nullable": true,
									"maxLength": 3,
									"title": "Repetition Item"
								},
								"itemNumber": {
									"type": "string",
									"nullable": true,
									"maxLength": 4,
									"title": "Item Number"
								},
								"subItem": {
									"type": "string",
									"nullable": true,
									"maxLength": 3,
									"title": "Sub Item"
								},
								"mainTransaction": {
									"type": "string",
									"nullable": true,
									"maxLength": 50,
									"title": "Transaction"
								},
								"subTransaction": {
									"type": "string",
									"nullable": true,
									"maxLength": 50,
									"title": "Sub Transaction"
								},
								"amount": {
									"type": "object",
									"properties": {
										"content": {
											"type": "number",
											"nullable": true,
											"format": "double"
										},
										"currencyCode": {
											"type": "string",
											"nullable": true,
											"title": "Currency"
										}
									}
								},
								"clearedAmount": {
									"type": "object",
									"properties": {
										"content": {
											"type": "number",
											"nullable": true,
											"format": "double"
										},
										"currencyCode": {
											"type": "string",
											"nullable": true,
											"title": "Currency"
										}
									}
								},
								"dueDate": {
									"type": "string",
									"format": "date",
									"nullable": true
								},
								"documentDate": {
									"type": "string",
									"format": "date",
									"nullable": true
								},
								"postingDate": {
									"type": "string",
									"format": "date",
									"nullable": true
								},
								"itemSelected": {
									"type": "string",
									"nullable": true,
									"maxLength": 1,
									"title": "Item Selected"
								},
								"clearingStatus": {
									"type": "string",
									"nullable": true,
									"maxLength": 1,
									"title": "Clearing Status"
								},
								"clearingStatusDescription": {
									"type": "string",
									"nullable": true,
									"title": "Clearing Status Description"
								},
								"lockedStatus": {
									"type": "boolean",
									"nullable": true
								},
								"dunningLevel": {
									"type": "string",
									"nullable": true,
									"maxLength": 2,
									"title": "Dunning Level"
								},
								"dunningText": {
									"type": "string",
									"nullable": true,
									"maxLength": 50,
									"title": "lbl_dunning_Text"
								},
								"dunningStep": {
									"type": "string",
									"nullable": true,
									"maxLength": 4,
									"title": "Dunning Step"
								},
								"stepName": {
									"type": "string",
									"nullable": true,
									"maxLength": 50,
									"title": "Step Name"
								},
								"clearingRestriction": {
									"type": "string",
									"nullable": true,
									"maxLength": 1,
									"title": "Clearing Restriction"
								},
								"daysPast": {
									"type": "string",
									"nullable": true,
									"maxLength": 6,
									"title": "Days Past Due Date"
								}
							}
						}
					},
					"audit": {
						"type": "object",
						"properties": {
							"userId": {
								"type": "string",
								"nullable": true,
								"title": "User ID"
							},
							"businessSystemId": {
								"type": "string",
								"nullable": true,
								"title": "Business System ID"
							}
						}
					}
				}
			},
			"PromisetoPayfile": {
				"title": "Promise to Pay file",
				"type": "object",
				"properties": {
					"value": {
						"type": "object",
						"properties": {
							"id": {
								"type": "string",
								"nullable": true,
								"title": "ID"
							},
							"promiseToPayId": {
								"type": "string",
								"nullable": true,
								"maxLength": 12,
								"title": "Promise To Pay ID"
							},
							"promisedPartner": {
								"type": "string",
								"nullable": true,
								"maxLength": 10,
								"title": "Promised Partner"
							},
							"businessPartnerId": {
								"type": "string",
								"nullable": true,
								"maxLength": 10,
								"title": "Business Partner ID"
							},
							"contractAccountId": {
								"type": "string",
								"nullable": true,
								"maxLength": 12,
								"title": "Contract Account ID"
							},
							"contract": {
								"type": "string",
								"nullable": true,
								"maxLength": 20,
								"title": "Contract"
							},
							"companyCode": {
								"type": "string",
								"nullable": true,
								"maxLength": 4,
								"title": "Company Code"
							},
							"companyCodeDescription": {
								"type": "string",
								"nullable": true,
								"title": "Company Code Description"
							},
							"reason": {
								"type": "string",
								"nullable": true,
								"maxLength": 2,
								"title": "Reason"
							},
							"reasonDescription": {
								"type": "string",
								"nullable": true,
								"title": "Reason Description"
							},
							"withdrawReason": {
								"type": "string",
								"nullable": true,
								"maxLength": 2,
								"title": "Withdraw Reason"
							},
							"withdrawReasonDescription": {
								"type": "string",
								"nullable": true,
								"title": "Withdraw Reason Description"
							},
							"category": {
								"type": "string",
								"nullable": true,
								"title": "Category"
							},
							"categoryDescription": {
								"type": "string",
								"nullable": true,
								"title": "Category Description"
							},
							"promisedAmount": {
								"type": "object",
								"properties": {
									"content": {
										"type": "number",
										"nullable": true,
										"format": "double"
									},
									"currencyCode": {
										"type": "string",
										"nullable": true,
										"title": "Currency"
									}
								}
							},
							"charges": {
								"type": "object",
								"properties": {
									"content": {
										"type": "number",
										"nullable": true,
										"format": "double"
									},
									"currencyCode": {
										"type": "string",
										"nullable": true,
										"title": "Currency"
									}
								}
							},
							"interest": {
								"type": "object",
								"properties": {
									"content": {
										"type": "number",
										"nullable": true,
										"format": "double"
									},
									"currencyCode": {
										"type": "string",
										"nullable": true,
										"title": "Currency"
									}
								}
							},
							"clearedAmount": {
								"type": "object",
								"properties": {
									"content": {
										"type": "number",
										"nullable": true,
										"format": "double"
									},
									"currencyCode": {
										"type": "string",
										"nullable": true,
										"title": "Currency"
									}
								}
							},
							"paymentAmount": {
								"type": "object",
								"properties": {
									"content": {
										"type": "number",
										"nullable": true,
										"format": "double"
									},
									"currencyCode": {
										"type": "string",
										"nullable": true,
										"title": "Currency"
									}
								}
							},
							"createdBy": {
								"type": "string",
								"nullable": true,
								"maxLength": 12,
								"title": "Created By"
							},
							"createdOn": {
								"type": "string",
								"format": "date",
								"nullable": true
							},
							"checkedDate": {
								"type": "string",
								"format": "date",
								"nullable": true
							},
							"status": {
								"type": "string",
								"nullable": true,
								"maxLength": 1,
								"title": "Status"
							},
							"statusDescription": {
								"type": "string",
								"nullable": true,
								"title": "Status Description"
							},
							"levelFulfillment": {
								"type": "number",
								"nullable": true,
								"format": "float"
							},
							"replacedPromiseToPayId": {
								"type": "string",
								"nullable": true,
								"maxLength": 12,
								"title": "Replaced Promise To Pay ID"
							},
							"paymentPromisedByToday": {
								"type": "object",
								"properties": {
									"content": {
										"type": "number",
										"nullable": true,
										"format": "double"
									},
									"currencyCode": {
										"type": "string",
										"nullable": true,
										"title": "Currency"
									}
								}
							},
							"amountPaidByToday": {
								"type": "object",
								"properties": {
									"content": {
										"type": "number",
										"nullable": true,
										"format": "double"
									},
									"currencyCode": {
										"type": "string",
										"nullable": true,
										"title": "Currency"
									}
								}
							},
							"currentLevelFulfillment": {
								"type": "number",
								"nullable": true,
								"format": "float"
							},
							"lastPaymentDate": {
								"type": "string",
								"format": "date",
								"nullable": true
							},
							"confirmation": {
								"type": "string",
								"nullable": true,
								"maxLength": 1,
								"title": "Confirmation"
							},
							"customerName": {
								"type": "string",
								"nullable": true,
								"title": "Customer Name"
							},
							"noOfPayments": {
								"type": "string",
								"nullable": true,
								"maxLength": 10,
								"title": "Number of Payments"
							},
							"firstPaymentDate": {
								"type": "string",
								"format": "date",
								"nullable": true
							},
							"paymentPeriod": {
								"type": "string",
								"nullable": true,
								"maxLength": 2,
								"title": "Payment Period"
							},
							"paymentPeriodDescription": {
								"type": "string",
								"nullable": true,
								"title": "Payment Period Description"
							},
							"numberOfDates": {
								"type": "string",
								"nullable": true,
								"maxLength": 2,
								"title": "Number of Dates"
							},
							"maximumPerPayment": {
								"type": "object",
								"properties": {
									"content": {
										"type": "number",
										"nullable": true,
										"format": "double"
									},
									"currencyCode": {
										"type": "string",
										"nullable": true,
										"title": "Currency"
									}
								}
							},
							"comments": {
								"type": "string",
								"nullable": true,
								"title": "Comments"
							},
							"withdrawalInitiator": {
								"type": "string",
								"nullable": true,
								"maxLength": 1,
								"title": "Withdrawal Initiator"
							},
							"withdrawalInitiatorDescription": {
								"type": "string",
								"nullable": true,
								"title": "Withdrawal Initiator Description"
							},
							"maximumCount": {
								"type": "integer",
								"nullable": true,
								"format": "int32"
							},
							"isCalculateCharge": {
								"type": "boolean",
								"nullable": true
							},
							"isGenerateProposal": {
								"type": "boolean",
								"nullable": true
							},
							"isWithdraw": {
								"type": "boolean",
								"nullable": true
							},
							"isStatusChange": {
								"type": "boolean",
								"nullable": true
							},
							"isReactivate": {
								"type": "boolean",
								"nullable": true
							},
							"isReplace": {
								"type": "boolean",
								"nullable": true
							},
							"paymentDetails": {
								"type": "array",
								"items": {
									"type": "object",
									"properties": {
										"paymentDate": {
											"type": "string",
											"format": "date",
											"nullable": true
										},
										"paymentAmount": {
											"type": "object",
											"properties": {
												"content": {
													"type": "number",
													"nullable": true,
													"format": "double"
												},
												"currencyCode": {
													"type": "string",
													"nullable": true,
													"title": "Currency"
												}
											}
										},
										"openPaymentAmount": {
											"type": "object",
											"properties": {
												"content": {
													"type": "number",
													"nullable": true,
													"format": "double"
												},
												"currencyCode": {
													"type": "string",
													"nullable": true,
													"title": "Currency"
												}
											}
										},
										"paymentStatus": {
											"type": "string",
											"nullable": true,
											"maxLength": 2,
											"title": "Payment Status"
										},
										"paymentStatusDescription": {
											"type": "string",
											"nullable": true,
											"title": "Payment Status Description"
										}
									}
								}
							},
							"openItems": {
								"type": "array",
								"items": {
									"type": "object",
									"properties": {
										"businessPartnerId": {
											"type": "string",
											"nullable": true,
											"maxLength": 10,
											"title": "Business Partner ID"
										},
										"contractAccountId": {
											"type": "string",
											"nullable": true,
											"maxLength": 12,
											"title": "Contract Account ID"
										},
										"replacedPromiseToPayId": {
											"type": "string",
											"nullable": true,
											"maxLength": 12,
											"title": "lbl_replaced_promise_to_pay_id"
										},
										"isReplacedOpenItems": {
											"type": "boolean",
											"nullable": true
										},
										"isAllOpenItems": {
											"type": "boolean",
											"nullable": true
										},
										"isFilteredOpenItems": {
											"type": "boolean",
											"nullable": true
										},
										"maximumCount": {
											"type": "integer",
											"nullable": true,
											"format": "int32"
										},
										"createDateFrom": {
											"type": "string",
											"format": "date",
											"nullable": true
										},
										"createDateTo": {
											"type": "string",
											"format": "date",
											"nullable": true
										},
										"postingDateFrom": {
											"type": "string",
											"format": "date",
											"nullable": true
										},
										"postingDateTo": {
											"type": "string",
											"format": "date",
											"nullable": true
										},
										"dueDateFrom": {
											"type": "string",
											"format": "date",
											"nullable": true
										},
										"dueDateTo": {
											"type": "string",
											"format": "date",
											"nullable": true
										},
										"documentNumber": {
											"type": "string",
											"nullable": true,
											"maxLength": 12,
											"title": "Document Number"
										},
										"repetitionItem": {
											"type": "string",
											"nullable": true,
											"maxLength": 3,
											"title": "Repetition Item"
										},
										"itemNumber": {
											"type": "string",
											"nullable": true,
											"maxLength": 4,
											"title": "Item Number"
										},
										"subItem": {
											"type": "string",
											"nullable": true,
											"maxLength": 3,
											"title": "Sub Item"
										},
										"mainTransaction": {
											"type": "string",
											"nullable": true,
											"maxLength": 50,
											"title": "Transaction"
										},
										"subTransaction": {
											"type": "string",
											"nullable": true,
											"maxLength": 50,
											"title": "Sub Transaction"
										},
										"amount": {
											"type": "object",
											"properties": {
												"content": {
													"type": "number",
													"nullable": true,
													"format": "double"
												},
												"currencyCode": {
													"type": "string",
													"nullable": true,
													"title": "Currency"
												}
											}
										},
										"clearedAmount": {
											"type": "object",
											"properties": {
												"content": {
													"type": "number",
													"nullable": true,
													"format": "double"
												},
												"currencyCode": {
													"type": "string",
													"nullable": true,
													"title": "Currency"
												}
											}
										},
										"dueDate": {
											"type": "string",
											"format": "date",
											"nullable": true
										},
										"documentDate": {
											"type": "string",
											"format": "date",
											"nullable": true
										},
										"postingDate": {
											"type": "string",
											"format": "date",
											"nullable": true
										},
										"itemSelected": {
											"type": "string",
											"nullable": true,
											"maxLength": 1,
											"title": "Item Selected"
										},
										"clearingStatus": {
											"type": "string",
											"nullable": true,
											"maxLength": 1,
											"title": "Clearing Status"
										},
										"clearingStatusDescription": {
											"type": "string",
											"nullable": true,
											"title": "Clearing Status Description"
										},
										"lockedStatus": {
											"type": "boolean",
											"nullable": true
										},
										"dunningLevel": {
											"type": "string",
											"nullable": true,
											"maxLength": 2,
											"title": "Dunning Level"
										},
										"dunningText": {
											"type": "string",
											"nullable": true,
											"maxLength": 50,
											"title": "lbl_dunning_Text"
										},
										"dunningStep": {
											"type": "string",
											"nullable": true,
											"maxLength": 4,
											"title": "Dunning Step"
										},
										"stepName": {
											"type": "string",
											"nullable": true,
											"maxLength": 50,
											"title": "Step Name"
										},
										"clearingRestriction": {
											"type": "string",
											"nullable": true,
											"maxLength": 1,
											"title": "Clearing Restriction"
										},
										"daysPast": {
											"type": "string",
											"nullable": true,
											"maxLength": 6,
											"title": "Days Past Due Date"
										}
									}
								}
							},
							"audit": {
								"type": "object",
								"properties": {
									"userId": {
										"type": "string",
										"nullable": true,
										"title": "User ID"
									},
									"businessSystemId": {
										"type": "string",
										"nullable": true,
										"title": "Business System ID"
									}
								}
							}
						}
					}
				}
			}
		}
	},
	"security": [
		{
			"basicAuthentication": []
		}
	],
	"paths": {
		"/sap/c4c/api/v1/financials-integration-service/promiseToPay": {
			"get": {
				"operationId": "queryfinancialsservice_promiseToPay",
				"tags": [
					"PromiseToPay"
				],
				"summary": "Retrieve Promise to Pay information from the system.",
				"description": "Specify query parameters to return desired Promise to Pay records from the system.",
				"parameters": [
					{
						"name": "$filter",
						"in": "query",
						"required": true,
						"schema": {
							"type": "string"
						},
						"examples": {
							"one": {
								"value": "businessPartnerId eq 7000004172 and contractAccountId eq 2025601",
								"summary": "Get Promise to Pay"
							}
						},
						"description": "Filter Promise to Pay by attribute."
					}
				],
				"responses": {
					"200": {
						"description": "Retrieved Promise to Pay.",
						"content": {
							"application/json": {
								"schema": {
									"allOf": [
										{
											"$ref": "#/components/schemas/PromisetoPayqueryresponse"
										},
										{
											"$ref": "#/components/schemas/info"
										}
									]
								}
							}
						}
					},
					"401": {
						"description": "Unauthorized.\n\nThis error is caused when the request has not been applied because there are no valid authentication credentials for the target resource."
					},
					"403": {
						"description": "Forbidden.\n\nThis client error code indicates that the server understood the request but refuses to authorize it."
					},
					"500": {
						"description": "Internal Server Error.\n\nFailed to query Promise to Pay.",
						"content": {
							"application/json": {
								"schema": {
									"$ref": "#/components/schemas/error"
								}
							}
						}
					}
				}
			},
			"post": {
				"operationId": "createfinancialsservice_promiseToPay",
				"tags": [
					"PromiseToPay"
				],
				"summary": "Promise to Pay Actions",
				"description": "Promise to Pay information is sent to the system to create,replace and edit the promise to pay.",
				"parameters": [],
				"requestBody": {
					"content": {
						"application/json": {
							"schema": {
								"$ref": "#/components/schemas/PromisetoPaycreaterequest"
							},
							"examples": {
								"one": {
									"value": {
										"actionCode": "01",
										"businessPartnerId": "7000004172",
										"contractAccountId": "2025601",
										"category": "01",
										"reason": "01",
										"companyCode": "U100",
										"promisedAmount": {
											"content": 50,
											"currencyCode": "EUR"
										},
										"charges": {
											"content": 0,
											"currencyCode": "EUR"
										},
										"interest": {
											"content": 0,
											"currencyCode": "EUR"
										},
										"audit": {
											"userId": "user.usa",
											"businessSystemId": "C4C"
										},
										"openItems": [
											{
												"businessPartnerId": "7000004172",
												"contractAccountId": "000002025601",
												"documentNumber": "000100008704",
												"repetitionItem": "000",
												"itemNumber": "0001",
												"subItem": "000",
												"mainTransaction": "On Account",
												"subTransaction": "Payment on Account",
												"replacedPromiseToPayId": null,
												"isReplacedOpenItems": null,
												"isAllOpenItems": null,
												"isFilteredOpenItems": null,
												"amount": {
													"content": 50,
													"currencyCode": "EUR"
												},
												"clearedAmount": {
													"content": 50,
													"currencyCode": "EUR"
												},
												"dueDate": "20220926",
												"itemSelected": "X",
												"clearingStatus": "",
												"clearingStatusDescription": null,
												"extensions": null
											}
										],
										"paymentDetails": [
											{
												"paymentDate": "20230815",
												"paymentAmount": {
													"content": 50,
													"currencyCode": "0.00"
												},
												"openPaymentAmount": {
													"content": 0,
													"currencyCode": "0.00"
												},
												"paymentStatus": "",
												"paymentStatusDescription": ""
											}
										]
									},
									"summary": "Create Promise to Pay"
								},
								"two": {
									"value": {
										"category": "01",
										"reason": "01",
										"companyCode": "U100",
										"promisedAmount": {
											"content": "50",
											"currencyCode": "EUR"
										},
										"firstPaymentDate": "20230815",
										"numberOfDates": "10",
										"paymentPeriod": "92",
										"actionCode": "13",
										"audit": {
											"userId": "user.usa",
											"businessSystemId": "C4C"
										}
									},
									"summary": "Generate Proposal Promise to Pay"
								},
								"three": {
									"value": {
										"promiseToPayId": "000000000831",
										"actionCode": "02",
										"comments": "change fulfillment",
										"levelFulfillment": "85",
										"audit": {
											"userId": "user.usa",
											"businessSystemId": "C4C"
										}
									},
									"summary": "Status change for promise to pay"
								},
								"four": {
									"value": {
										"promiseToPayId": "000000001404",
										"actionCode": "03",
										"withdrawalInitiator": "4",
										"withdrawReason": "03",
										"audit": {
											"userId": "user.usa",
											"businessSystemId": "C4C"
										}
									},
									"summary": "Withdraw promise to pay"
								},
								"five": {
									"value": {
										"promiseToPayId": "000000001204",
										"actionCode": "04",
										"audit": {
											"userId": "user.usa",
											"businessSystemId": "C4C"
										}
									},
									"summary": "Reactivate promise to pay"
								},
								"six": {
									"value": {
										"businessPartnerId": "7000004172",
										"contractAccountId": "2025601",
										"companyCode": "U100",
										"category": "03",
										"reason": "01",
										"actionCode": "12",
										"audit": {
											"userId": "user.usa",
											"businessSystemId": "C4C"
										},
										"openItems": [
											{
												"businessPartnerId": "7000004172",
												"contractAccountId": "000002025601",
												"documentNumber": "000100009683",
												"repetitionItem": "000",
												"itemNumber": "0001",
												"subItem": "000",
												"mainTransaction": "On Account",
												"subTransaction": "Payment on Account",
												"amount": {
													"content": 98.56,
													"currencyCode": "EUR"
												},
												"clearedAmount": {
													"content": 98.56,
													"currencyCode": "EUR"
												},
												"dueDate": "20230703",
												"itemSelected": "X",
												"clearingStatus": "",
												"clearingStatusDescription": null
											}
										]
									},
									"summary": "Calculate charges for promise to pay"
								},
								"seven": {
									"value": {
										"actionCode": "05",
										"businessPartnerId": "7000004172",
										"contractAccountId": "2025601",
										"replacedPromiseToPayId": "000000001404",
										"withdrawalInitiator": "4",
										"withdrawReason": "03",
										"category": "01",
										"reason": "01",
										"companyCode": "U100",
										"promisedAmount": {
											"content": 50,
											"currencyCode": "EUR"
										},
										"charges": {
											"content": 0,
											"currencyCode": "EUR"
										},
										"interest": {
											"content": 0,
											"currencyCode": "EUR"
										},
										"audit": {
											"userId": "user.usa",
											"businessSystemId": "C4C"
										},
										"openItems": [
											{
												"businessPartnerId": "7000004172",
												"contractAccountId": "000002025601",
												"documentNumber": "000100008704",
												"repetitionItem": "000",
												"itemNumber": "0001",
												"subItem": "000",
												"mainTransaction": "On Account",
												"subTransaction": "Payment on Account",
												"replacedPromiseToPayId": null,
												"isReplacedOpenItems": null,
												"isAllOpenItems": null,
												"isFilteredOpenItems": null,
												"amount": {
													"content": 50,
													"currencyCode": "EUR"
												},
												"clearedAmount": {
													"content": 50,
													"currencyCode": "EUR"
												},
												"dueDate": "20220926",
												"itemSelected": "X",
												"clearingStatus": "",
												"clearingStatusDescription": null,
												"extensions": null
											}
										],
										"paymentDetails": [
											{
												"paymentDate": "20230815",
												"paymentAmount": {
													"content": 50,
													"currencyCode": "0.00"
												},
												"openPaymentAmount": {
													"content": 0,
													"currencyCode": "0.00"
												},
												"paymentStatus": "",
												"paymentStatusDescription": ""
											}
										]
									},
									"summary": "Replace Promise to Pay"
								}
							}
						}
					}
				},
				"responses": {
					"201": {
						"description": "Promise to Pay created or changed.",
						"content": {
							"application/json": {
								"schema": {
									"allOf": [
										{
											"$ref": "#/components/schemas/PromisetoPayfile"
										},
										{
											"$ref": "#/components/schemas/info"
										}
									]
								}
							}
						}
					},
					"400": {
						"description": "Bad Request.\n\nThe server cannot process the request due to a client error. For example, an invalid request.",
						"content": {
							"application/json": {
								"schema": {
									"$ref": "#/components/schemas/error"
								}
							}
						}
					},
					"401": {
						"description": "Unauthorized.\n\nThis error is caused when the request has not been applied because there are no valid authentication credentials for the target resource."
					},
					"403": {
						"description": "Forbidden.\n\nThis client error code indicates that the server understood the request but refuses to authorize it."
					},
					"500": {
						"description": "Internal Server Error.\n\nFailed to create the promise to pay.",
						"content": {
							"application/json": {
								"schema": {
									"$ref": "#/components/schemas/error"
								}
							}
						}
					}
				}
			}
		}
	},
	"x-sap-shortText": "Manage entities from Promise to Pay service.",
	"x-sap-extensible": {
		"supported": "automatic",
		"description": "You can create extension fields in the Promise to Pay Service API by following the steps mentioned in https://help.sap.com/docs/CX_NG_SVC/2c87cece32844c91836e535aef8f9642/d3bdfac0c6b141c0bac27408c3ed159f.html?locale=en-US. The newly created extensions will be available in the API request and response body."
	}
}