{
  "openapi": "3.0.3",
  "info": {
    "title": "Quote Details Outbound Retrieval",
    "version": "1.0.0",
    "description": "This API retrieves the follow-up quote details from SAP S/4HANA."
  },
  "servers": [
    {
      "url": "https://{hostname}",
      "description": "Example of server url is https://my1234567.crm.cloud.sap",
      "variables": {
        "hostname": {
          "default": ""
        }
      }
    }
  ],
  "components": {
    "securitySchemes": {
      "basicAuthentication": {
        "type": "http",
        "scheme": "basic"
      }
    },
    "schemas": {
      "error": {
        "type": "object",
        "properties": {
          "error": {
            "type": "object",
            "properties": {
              "code": {
                "type": "string"
              },
              "details": {
                "type": "array",
                "items": {
                  "type": "object",
                  "properties": {
                    "message": {
                      "type": "string"
                    },
                    "code": {
                      "type": "string"
                    },
                    "target": {
                      "type": "string"
                    }
                  }
                }
              },
              "message": {
                "type": "string"
              },
              "target": {
                "type": "string"
              }
            }
          }
        }
      },
      "QuoteDetailsOutboundRetrievalcreaterequest": {
        "title": "Quote Details Outbound Retrieval create request",
        "type": "object",
        "properties": {
          "externalQuoteDetails": {
            "type": "array",
            "items": {
              "type": "object",
              "properties": {
                "displayId": {
                  "type": "string",
                  "nullable": true,
                  "title": "lbl_displayId"
                },
                "date": {
                  "type": "string",
                  "format": "date-time",
                  "nullable": true
                },
                "customerReferenceId": {
                  "type": "string",
                  "nullable": true
                },
                "soldToPartyDisplayId": {
                  "type": "string",
                  "nullable": true,
                  "title": "lbl_soldToPartyDisplayId"
                },
                "documentReason": {
                  "type": "string",
                  "nullable": true,
                  "title": "lbl_documentReason"
                },
                "netAmount": {
                  "type": "object",
                  "properties": {
                    "content": {
                      "type": "number",
                      "nullable": true,
                      "format": "double"
                    },
                    "currencyCode": {
                      "type": "string",
                      "nullable": true
                    }
                  }
                },
                "processingStatus": {
                  "type": "string",
                  "nullable": true,
                  "title": "lbl_processingStatus"
                },
                "rejectionStatus": {
                  "type": "string",
                  "nullable": true,
                  "title": "lbl_rejectionStatus"
                },
                "approvalStatus": {
                  "type": "string",
                  "nullable": true,
                  "title": "lbl_approvalStatus"
                },
                "creditCheckStatus": {
                  "type": "string",
                  "nullable": true,
                  "title": "lbl_creditCheckStatus"
                }
              }
            }
          },
          "logs": {
            "type": "array",
            "items": {
              "type": "object",
              "properties": {
                "severity": {
                  "type": "string",
                  "nullable": true,
                  "title": "Severity"
                },
                "note": {
                  "type": "string",
                  "nullable": true,
                  "title": "Note"
                }
              }
            }
          }
        }
      },
      "QuoteDetailsOutboundRetrievalfile": {
        "title": "Quote Details Outbound Retrieval file",
        "type": "object",
        "properties": {
          "value": {
            "type": "object",
            "properties": {
              "externalQuoteDetails": {
                "type": "array",
                "items": {
                  "type": "object",
                  "properties": {
                    "displayId": {
                      "type": "string",
                      "nullable": true,
                      "title": "lbl_displayId"
                    },
                    "date": {
                      "type": "string",
                      "format": "date-time",
                      "nullable": true
                    },
                    "customerReferenceId": {
                      "type": "string",
                      "nullable": true
                    },
                    "soldToPartyDisplayId": {
                      "type": "string",
                      "nullable": true,
                      "title": "lbl_soldToPartyDisplayId"
                    },
                    "documentReason": {
                      "type": "string",
                      "nullable": true,
                      "title": "lbl_documentReason"
                    },
                    "netAmount": {
                      "type": "object",
                      "properties": {
                        "content": {
                          "type": "number",
                          "nullable": true,
                          "format": "double"
                        },
                        "currencyCode": {
                          "type": "string",
                          "nullable": true
                        }
                      }
                    },
                    "processingStatus": {
                      "type": "string",
                      "nullable": true,
                      "title": "lbl_processingStatus"
                    },
                    "rejectionStatus": {
                      "type": "string",
                      "nullable": true,
                      "title": "lbl_rejectionStatus"
                    },
                    "approvalStatus": {
                      "type": "string",
                      "nullable": true,
                      "title": "lbl_approvalStatus"
                    },
                    "creditCheckStatus": {
                      "type": "string",
                      "nullable": true,
                      "title": "lbl_creditCheckStatus"
                    }
                  }
                }
              },
              "logs": {
                "type": "array",
                "items": {
                  "type": "object",
                  "properties": {
                    "severity": {
                      "type": "string",
                      "nullable": true,
                      "title": "Severity"
                    },
                    "note": {
                      "type": "string",
                      "nullable": true,
                      "title": "Note"
                    }
                  }
                }
              }
            }
          }
        }
      }
    }
  },
  "security": [
    {
      "basicAuthentication": []
    }
  ],
  "paths": {
    "/sap/c4c/api/v1/http/c4c/s4/getExternalQuoteDetailsOut": {
      "post": {
        "operationId": "createopportunityservice_getExternalQuoteDetailsOut",
        "tags": [
          "GetExternalQuoteDetailsOut"
        ],
        "summary": "Create data",
        "parameters": [],
        "requestBody": {
          "content": {
            "application/json": {
              "schema": {
                "$ref": "#/components/schemas/QuoteDetailsOutboundRetrievalcreaterequest"
              }
            }
          }
        },
        "responses": {
          "201": {
            "description": "201 CREATED",
            "content": {
              "application/json": {
                "schema": {
                  "$ref": "#/components/schemas/QuoteDetailsOutboundRetrievalfile"
                }
              }
            }
          },
          "400": {
            "description": "400 BAD_REQUEST",
            "content": {
              "application/json": {
                "schema": {
                  "$ref": "#/components/schemas/error"
                }
              }
            }
          },
          "401": {
            "description": "401 UNAUTHORIZED"
          },
          "403": {
            "description": "403 FORBIDDEN"
          },
          "404": {
            "description": "404 NOT_FOUND"
          },
          "500": {
            "description": "500 INTERNAL_SERVER_ERROR",
            "content": {
              "application/json": {
                "schema": {
                  "$ref": "#/components/schemas/error"
                }
              }
            }
          }
        }
      }
    }
  },
  "x-sap-shortText": "Manage entities from Quote Details Outbound Retrieval service."
}