{
    "openapi": "3.0.3",
    "info": {
        "title": "Open Api Specification for consumption service",
        "version": "1.0.0",
        "description": "Get consumption data for a premise"
    },
    "servers": [
        {
            "url": "https://{hostname}",
            "description": "Example of server url is https://my1234567.crm.cloud.sap",
            "variables": {
                "hostname": {
                    "default": ""
                }
            }
        }
    ],
    "components": {
        "securitySchemes": {
            "basicAuthentication": {
                "type": "http",
                "scheme": "basic"
            }
        },
        "schemas": {
            "error": {
                "type": "object",
                "properties": {
                    "error": {
                        "type": "object",
                        "properties": {
                            "code": {
                                "type": "string"
                            },
                            "details": {
                                "type": "array",
                                "items": {
                                    "type": "object",
                                    "properties": {
                                        "message": {
                                            "type": "string"
                                        },
                                        "code": {
                                            "type": "string"
                                        },
                                        "target": {
                                            "type": "string"
                                        }
                                    }
                                }
                            },
                            "message": {
                                "type": "string"
                            },
                            "target": {
                                "type": "string"
                            }
                        }
                    }
                }
            },
            "Consumptionqueryresponse": {
                "title": "Consumption query response",
                "type": "object",
                "properties": {
                    "count": {
                        "type": "integer",
                        "format": "int32"
                    },
                    "value": {
                        "type": "array",
                        "items": {
                            "type": "object",
                            "properties": {
                                "premise": {
                                    "type": "string",
                                    "nullable": true,
                                    "maxLength": 10,
                                    "title": "Premise"
                                },
                                "numberOfCycles": {
                                    "type": "integer",
                                    "nullable": true,
                                    "format": "int32"
                                },
                                "consumptionData": {
                                    "type": "array",
                                    "items": {
                                        "type": "object",
                                        "properties": {
                                            "installation": {
                                                "type": "string",
                                                "nullable": true,
                                                "maxLength": 10,
                                                "title": "Installation"
                                            },
                                            "periodStartDate": {
                                                "type": "string",
                                                "format": "date",
                                                "nullable": true
                                            },
                                            "periodEndDate": {
                                                "type": "string",
                                                "format": "date",
                                                "nullable": true
                                            },
                                            "period": {
                                                "type": "string",
                                                "nullable": true,
                                                "maxLength": 10,
                                                "title": "Period"
                                            },
                                            "averageConsumption": {
                                                "type": "string",
                                                "nullable": true,
                                                "maxLength": 36,
                                                "title": "Average Consumption"
                                            },
                                            "unitOfMeasurement": {
                                                "type": "string",
                                                "nullable": true,
                                                "maxLength": 3,
                                                "title": "Unit of Measurement"
                                            },
                                            "numberOfDays": {
                                                "type": "integer",
                                                "nullable": true,
                                                "format": "int32"
                                            },
                                            "rateCategory": {
                                                "type": "string",
                                                "nullable": true,
                                                "maxLength": 10,
                                                "title": "Rate Category"
                                            },
                                            "rateCategoryText": {
                                                "type": "string",
                                                "nullable": true,
                                                "maxLength": 40,
                                                "title": "Rate Category Text"
                                            },
                                            "contract": {
                                                "type": "string",
                                                "nullable": true,
                                                "maxLength": 10,
                                                "title": "Contract"
                                            },
                                            "contractAccount": {
                                                "type": "string",
                                                "nullable": true,
                                                "maxLength": 12,
                                                "title": "Contract Account"
                                            },
                                            "customer": {
                                                "type": "string",
                                                "nullable": true,
                                                "maxLength": 10,
                                                "title": "Customer"
                                            },
                                            "customerCategory": {
                                                "type": "integer",
                                                "nullable": true,
                                                "format": "int32"
                                            },
                                            "firstName": {
                                                "type": "string",
                                                "nullable": true,
                                                "maxLength": 10
                                            },
                                            "lastName": {
                                                "type": "string",
                                                "nullable": true,
                                                "maxLength": 10
                                            },
                                            "activeContract": {
                                                "type": "boolean",
                                                "nullable": true
                                            }
                                        }
                                    }
                                },
                                "consumptionComparisonData": {
                                    "type": "array",
                                    "items": {
                                        "type": "object",
                                        "properties": {
                                            "installation": {
                                                "type": "string",
                                                "nullable": true,
                                                "maxLength": 10,
                                                "title": "Installation"
                                            },
                                            "periodStartDate": {
                                                "type": "string",
                                                "format": "date",
                                                "nullable": true
                                            },
                                            "periodEndDate": {
                                                "type": "string",
                                                "format": "date",
                                                "nullable": true
                                            },
                                            "period": {
                                                "type": "string",
                                                "nullable": true,
                                                "maxLength": 10,
                                                "title": "Period"
                                            },
                                            "averageConsumption": {
                                                "type": "string",
                                                "nullable": true,
                                                "maxLength": 36,
                                                "title": "Average Consumption"
                                            },
                                            "unitOfMeasurement": {
                                                "type": "string",
                                                "nullable": true,
                                                "maxLength": 3,
                                                "title": "Unit of Measurement"
                                            },
                                            "numberOfDays": {
                                                "type": "integer",
                                                "nullable": true,
                                                "format": "int32"
                                            },
                                            "rateCategory": {
                                                "type": "string",
                                                "nullable": true,
                                                "maxLength": 10,
                                                "title": "Rate Category"
                                            },
                                            "rateCategoryText": {
                                                "type": "string",
                                                "nullable": true,
                                                "maxLength": 40,
                                                "title": "Rate Category Text"
                                            },
                                            "contract": {
                                                "type": "string",
                                                "nullable": true,
                                                "maxLength": 10,
                                                "title": "Contract"
                                            },
                                            "contractAccount": {
                                                "type": "string",
                                                "nullable": true,
                                                "maxLength": 12,
                                                "title": "Contract Account"
                                            },
                                            "customer": {
                                                "type": "string",
                                                "nullable": true,
                                                "maxLength": 10,
                                                "title": "Customer"
                                            },
                                            "customerCategory": {
                                                "type": "integer",
                                                "nullable": true,
                                                "format": "int32"
                                            },
                                            "firstName": {
                                                "type": "string",
                                                "nullable": true,
                                                "maxLength": 10
                                            },
                                            "lastName": {
                                                "type": "string",
                                                "nullable": true,
                                                "maxLength": 10
                                            },
                                            "activeContract": {
                                                "type": "boolean",
                                                "nullable": true
                                            }
                                        }
                                    }
                                },
                                "temperatureData": {
                                    "type": "array",
                                    "items": {
                                        "type": "object",
                                        "properties": {
                                            "period": {
                                                "type": "string",
                                                "nullable": true,
                                                "maxLength": 10,
                                                "title": "Period"
                                            },
                                            "temperature": {
                                                "type": "number",
                                                "nullable": true,
                                                "format": "float"
                                            },
                                            "unitOfMeasurement": {
                                                "type": "string",
                                                "nullable": true,
                                                "maxLength": 1,
                                                "title": "Unit of Measurement"
                                            }
                                        }
                                    }
                                },
                                "compareDescription": {
                                    "type": "string",
                                    "nullable": true,
                                    "maxLength": 100,
                                    "title": "Compare Descriptions"
                                }
                            }
                        }
                    }
                }
            },
            "info": {
                "type": "object",
                "properties": {
                    "info": {
                        "type": "object",
                        "properties": {
                            "code": {
                                "type": "string"
                            },
                            "details": {
                                "type": "array",
                                "items": {
                                    "type": "object",
                                    "properties": {
                                        "message": {
                                            "type": "string"
                                        },
                                        "target": {
                                            "type": "string"
                                        },
                                        "code": {
                                            "type": "string"
                                        },
                                        "severity": {
                                            "type": "string",
                                            "enum": [
                                                "ERROR",
                                                "WARNING",
                                                "INFO"
                                            ]
                                        }
                                    }
                                }
                            },
                            "message": {
                                "type": "string"
                            },
                            "target": {
                                "type": "string"
                            },
                            "severity": {
                                "type": "string",
                                "enum": [
                                    "ERROR",
                                    "WARNING",
                                    "INFO"
                                ]
                            }
                        }
                    }
                }
            }
        }
    },
    "security": [
        {
            "basicAuthentication": []
        }
    ],
    "paths": {
        "/sap/c4c/api/v1/premise-integration-service/consumption": {
            "get": {
                "operationId": "querypremiseservice_consumption",
                "tags": [
                    "Consumption"
                ],
                "summary": "Get consumption data for a premise.",
                "description": "Specify query parameters to retrieve consumption details.",
                "parameters": [
                    {
                        "name": "$filter",
                        "in": "query",
                        "required": true,
                        "schema": {
                            "type": "string"
                        },
                        "examples": {
                            "one": {
                                "value": "premise eq 713286 and numberOfMonths eq 12",
                                "summary": "Premise Consumption Data"
                            }
                        },
                        "description": "Retrieve consumption data for premise"
                    }
                ],
                "responses": {
                    "200": {
                        "description": "Retrieved consumption data.",
                        "content": {
                            "application/json": {
                                "schema": {
                                    "allOf": [
                                        {
                                            "$ref": "#/components/schemas/Consumptionqueryresponse"
                                        },
                                        {
                                            "$ref": "#/components/schemas/info"
                                        }
                                    ]
                                }
                            }
                        }
                    },
                    "401": {
                        "description": "Unauthorized.\n\nThis error is caused when the request has not been applied because there are no valid authentication credentials for the target resource."
                    },
                    "403": {
                        "description": "Forbidden.\n\nThis client error code indicates that the server understood the request but refuses to authorize it."
                    },
                    "500": {
                        "description": "Internal Server Error.\n\nFailed to query consumption data.",
                        "content": {
                            "application/json": {
                                "schema": {
                                    "$ref": "#/components/schemas/error"
                                }
                            }
                        }
                    }
                }
            }
        }
    },
    "x-sap-shortText": "Manage entities from consumption service.",
    "x-sap-extensible": {
        "supported": "automatic",
        "description": "You can create extension fields in the consumption API by following the steps mentioned in https://help.sap.com/docs/CX_NG_SVC/2c87cece32844c91836e535aef8f9642/d3bdfac0c6b141c0bac27408c3ed159f.html?locale=en-US. The newly created extensions will be available in the API request and response body."
    }
}