<edmx:Edmx xmlns:edmx="http://schemas.microsoft.com/ado/2007/06/edmx" Version="1.0">
    <edmx:DataServices xmlns:m="http://schemas.microsoft.com/ado/2007/08/dataservices/metadata" m:DataServiceVersion="2.0">
        <Schema xmlns="http://schemas.microsoft.com/ado/2008/09/edm" xmlns:s="http://schemas.sap.com/commerce" Namespace="HybrisCommerceOData" s:schema-version="1">
            <EntityType Name="SAPCPQOutboundQuote">
                <Key>
                    <PropertyRef Name="integrationKey"/>
                </Key>
                <Property Name="distributionChannel" Nullable="true" Type="Edm.String"/>
                <Property Name="marketID" Nullable="true" Type="Edm.String"/>
                <Property Name="globalComment" Nullable="true" Type="Edm.String"/>
                <Property Name="quoteId" Nullable="true" Type="Edm.String" s:IsUnique="true"/>
                <Property Name="marketCode" Nullable="true" Type="Edm.String"/>
                <Property Name="name" Nullable="true" Type="Edm.String"/>
                <Property Name="version" Nullable="true" Type="Edm.String" s:IsUnique="true"/>
                <Property Name="origin" Nullable="true" Type="Edm.String"/>
                <Property Name="creationDate" Nullable="true" Type="Edm.String"/>
                <Property Name="quoteStatus" Nullable="true" Type="Edm.String"/>
                <Property Name="divison" Nullable="true" Type="Edm.String"/>
                <Property Name="pricingProcedure" Nullable="true" Type="Edm.String"/>
                <Property Name="externalQuoteId" Nullable="true" Type="Edm.String"/>
                <Property Name="pricebookId" Nullable="true" Type="Edm.String"/>
                <Property Name="description" Nullable="true" Type="Edm.String"/>
                <Property Name="integrationKey" Nullable="false" Type="Edm.String" s:Alias="SAPCPQOutboundQuote_quoteId|SAPCPQOutboundQuote_version"/>
                <NavigationProperty FromRole="SAPCPQOutboundQuote" Name="sapCPQOutboundQuoteItems" Nullable="true" Relationship="HybrisCommerceOData.FK_SAPCPQOutboundQuote_sapCPQOutboundQuoteItems" ToRole="SAPCPQOutboundQuoteItem" s:IsAutoCreate="true" s:IsPartOf="true"/>
                <NavigationProperty FromRole="SAPCPQOutboundQuote" Name="sapCPQOutboundQuoteCustomers" Nullable="true" Relationship="HybrisCommerceOData.FK_SAPCPQOutboundQuote_sapCPQOutboundQuoteCustomers" ToRole="SAPCPQOutboundQuoteCustomer" s:IsAutoCreate="true" s:IsPartOf="true"/>
                <NavigationProperty FromRole="SAPCPQOutboundQuote" Name="sapCPQOutboundQuoteComments" Nullable="true" Relationship="HybrisCommerceOData.FK_SAPCPQOutboundQuote_sapCPQOutboundQuoteComments" ToRole="SAPCPQOutboundQuoteComment" s:IsAutoCreate="true" s:IsPartOf="true"/>
            </EntityType>
            <EntityType Name="SAPCPQOutboundQuoteItem">
                <Key>
                    <PropertyRef Name="integrationKey"/>
                </Key>
                <Property Name="partNumber" Nullable="true" Type="Edm.String"/>
                <Property Name="configurationId" Nullable="true" Type="Edm.String"/>
                <Property Name="price" Nullable="true" Type="Edm.String"/>
                <Property Name="itemNumber" Nullable="true" Type="Edm.Int32" s:IsUnique="true"/>
                <Property Name="productCode" Nullable="true" Type="Edm.String"/>
                <Property Name="quantity" Nullable="true" Type="Edm.String"/>
                <Property Name="externalConfigurationId" Nullable="true" Type="Edm.String"/>
                <Property Name="productSystemId" Nullable="true" Type="Edm.String"/>
                <Property Name="externalItemID" Nullable="true" Type="Edm.String"/>
                <Property Name="quoteId" Nullable="true" Type="Edm.String" s:IsUnique="true"/>
                <Property Name="integrationKey" Nullable="false" Type="Edm.String" s:Alias="SAPCPQOutboundQuoteItem_itemNumber|SAPCPQOutboundQuoteItem_quoteId"/>
                <NavigationProperty FromRole="SAPCPQOutboundQuoteItem" Name="sapCPQOutboundQuoteItemComments" Nullable="true" Relationship="HybrisCommerceOData.FK_SAPCPQOutboundQuoteItem_sapCPQOutboundQuoteItemComments" ToRole="SAPCPQOutboundQuoteComment" s:IsAutoCreate="true" s:IsPartOf="true"/>
            </EntityType>
            <EntityType Name="SAPCPQOutboundQuoteCustomer">
                <Key>
                    <PropertyRef Name="integrationKey"/>
                </Key>
                <Property Name="businessPartnerId" Nullable="true" Type="Edm.String" s:IsUnique="true"/>
                <Property Name="roleType" Nullable="true" Type="Edm.String"/>
                <Property Name="id" Nullable="true" Type="Edm.String" s:IsUnique="true"/>
                <Property Name="customerCode" Nullable="true" Type="Edm.String" s:IsUnique="true"/>
                <Property Name="integrationKey" Nullable="false" Type="Edm.String" s:Alias="SAPCPQOutboundQuoteCustomer_businessPartnerId|SAPCPQOutboundQuoteCustomer_customerCode|SAPCPQOutboundQuoteCustomer_id"/>
            </EntityType>
            <EntityType Name="SAPCPQOutboundQuoteComment">
                <Key>
                    <PropertyRef Name="integrationKey"/>
                </Key>
                <Property Name="commentId" Nullable="true" Type="Edm.String" s:IsUnique="true"/>
                <Property Name="userCompany" Nullable="true" Type="Edm.String"/>
                <Property Name="comment" Nullable="true" Type="Edm.String"/>
                <Property Name="source" Nullable="true" Type="Edm.String"/>
                <Property Name="userName" Nullable="true" Type="Edm.String"/>
                <Property Name="email" Nullable="true" Type="Edm.String"/>
                <Property Name="creationDate" Nullable="true" Type="Edm.String"/>
                <Property Name="quoteId" Nullable="true" Type="Edm.String" s:IsUnique="true"/>
                <Property Name="integrationKey" Nullable="false" Type="Edm.String" s:Alias="SAPCPQOutboundQuoteComment_commentId|SAPCPQOutboundQuoteComment_quoteId"/>
            </EntityType>
            <Association Name="FK_SAPCPQOutboundQuote_sapCPQOutboundQuoteItems">
                <End Multiplicity="0..1" Role="SAPCPQOutboundQuote" Type="HybrisCommerceOData.SAPCPQOutboundQuote"/>
                <End Multiplicity="*" Role="SAPCPQOutboundQuoteItem" Type="HybrisCommerceOData.SAPCPQOutboundQuoteItem"/>
            </Association>
            <Association Name="FK_SAPCPQOutboundQuote_sapCPQOutboundQuoteCustomers">
                <End Multiplicity="0..1" Role="SAPCPQOutboundQuote" Type="HybrisCommerceOData.SAPCPQOutboundQuote"/>
                <End Multiplicity="*" Role="SAPCPQOutboundQuoteCustomer" Type="HybrisCommerceOData.SAPCPQOutboundQuoteCustomer"/>
            </Association>
            <Association Name="FK_SAPCPQOutboundQuote_sapCPQOutboundQuoteComments">
                <End Multiplicity="0..1" Role="SAPCPQOutboundQuote" Type="HybrisCommerceOData.SAPCPQOutboundQuote"/>
                <End Multiplicity="*" Role="SAPCPQOutboundQuoteComment" Type="HybrisCommerceOData.SAPCPQOutboundQuoteComment"/>
            </Association>
            <Association Name="FK_SAPCPQOutboundQuoteItem_sapCPQOutboundQuoteItemComments">
                <End Multiplicity="0..1" Role="SAPCPQOutboundQuoteItem" Type="HybrisCommerceOData.SAPCPQOutboundQuoteItem"/>
                <End Multiplicity="*" Role="SAPCPQOutboundQuoteComment" Type="HybrisCommerceOData.SAPCPQOutboundQuoteComment"/>
            </Association>
            <EntityContainer Name="Container" m:IsDefaultEntityContainer="true">
                <EntitySet EntityType="HybrisCommerceOData.SAPCPQOutboundQuote" Name="SAPCPQOutboundQuotes"/>
                <EntitySet EntityType="HybrisCommerceOData.SAPCPQOutboundQuoteItem" Name="SAPCPQOutboundQuoteItems"/>
                <EntitySet EntityType="HybrisCommerceOData.SAPCPQOutboundQuoteCustomer" Name="SAPCPQOutboundQuoteCustomers"/>
                <EntitySet EntityType="HybrisCommerceOData.SAPCPQOutboundQuoteComment" Name="SAPCPQOutboundQuoteComments"/>
                <AssociationSet Association="HybrisCommerceOData.FK_SAPCPQOutboundQuote_sapCPQOutboundQuoteItems" Name="SAPCPQOutboundQuote_SAPCPQOutboundQuoteItems">
                    <End EntitySet="SAPCPQOutboundQuotes" Role="SAPCPQOutboundQuote"/>
                    <End EntitySet="SAPCPQOutboundQuoteItems" Role="SAPCPQOutboundQuoteItem"/>
                </AssociationSet>
                <AssociationSet Association="HybrisCommerceOData.FK_SAPCPQOutboundQuote_sapCPQOutboundQuoteCustomers" Name="SAPCPQOutboundQuote_SAPCPQOutboundQuoteCustomers">
                    <End EntitySet="SAPCPQOutboundQuotes" Role="SAPCPQOutboundQuote"/>
                    <End EntitySet="SAPCPQOutboundQuoteCustomers" Role="SAPCPQOutboundQuoteCustomer"/>
                </AssociationSet>
                <AssociationSet Association="HybrisCommerceOData.FK_SAPCPQOutboundQuote_sapCPQOutboundQuoteComments" Name="SAPCPQOutboundQuote_SAPCPQOutboundQuoteComments">
                    <End EntitySet="SAPCPQOutboundQuotes" Role="SAPCPQOutboundQuote"/>
                    <End EntitySet="SAPCPQOutboundQuoteComments" Role="SAPCPQOutboundQuoteComment"/>
                </AssociationSet>
                <AssociationSet Association="HybrisCommerceOData.FK_SAPCPQOutboundQuoteItem_sapCPQOutboundQuoteItemComments" Name="SAPCPQOutboundQuoteItem_SAPCPQOutboundQuoteComments">
                    <End EntitySet="SAPCPQOutboundQuoteItems" Role="SAPCPQOutboundQuoteItem"/>
                    <End EntitySet="SAPCPQOutboundQuoteComments" Role="SAPCPQOutboundQuoteComment"/>
                </AssociationSet>
            </EntityContainer>
        </Schema>
    </edmx:DataServices>
</edmx:Edmx>
