<edmx:Edmx xmlns:edmx="http://schemas.microsoft.com/ado/2007/06/edmx" Version="1.0">
    <edmx:DataServices xmlns:m="http://schemas.microsoft.com/ado/2007/08/dataservices/metadata" m:DataServiceVersion="2.0">
        <Schema xmlns="http://schemas.microsoft.com/ado/2008/09/edm" xmlns:s="http://schemas.sap.com/commerce" Namespace="HybrisCommerceOData" s:schema-version="1">
            <EntityType Name="SapRevenueCloudReplicationModeEnum">
                <Key>
                    <PropertyRef Name="integrationKey"/>
                </Key>
                <Property Name="code" Nullable="false" Type="Edm.String" s:IsUnique="true"/>
                <Property Name="integrationKey" Nullable="false" Type="Edm.String" s:Alias="SapRevenueCloudReplicationModeEnum_code"/>
            </EntityType>
            <EntityType Name="SapRevenueCloudProductCronjob">
                <Key>
                    <PropertyRef Name="integrationKey"/>
                </Key>
                <Property Name="code" Nullable="true" Type="Edm.String" s:IsUnique="true"/>
                <Property Name="replicationTime" Nullable="true" Type="Edm.DateTime"/>
                <Property Name="integrationKey" Nullable="false" Type="Edm.String" s:Alias="SapRevenueCloudProductCronjob_code|SapRevenueCloudReplicationModeEnum_code"/>
                <NavigationProperty FromRole="SapRevenueCloudProductCronjob" Name="replicationMode" Nullable="true" Relationship="HybrisCommerceOData.FK_SapRevenueCloudProductCronjob_replicationMode" ToRole="SapRevenueCloudReplicationModeEnum" s:IsUnique="true"/>
            </EntityType>
            <Association Name="FK_SapRevenueCloudProductCronjob_replicationMode">
                <End Multiplicity="0..1" Role="SapRevenueCloudProductCronjob" Type="HybrisCommerceOData.SapRevenueCloudProductCronjob"/>
                <End Multiplicity="0..1" Role="SapRevenueCloudReplicationModeEnum" Type="HybrisCommerceOData.SapRevenueCloudReplicationModeEnum"/>
            </Association>
            <EntityContainer Name="Container" m:IsDefaultEntityContainer="true">
                <EntitySet EntityType="HybrisCommerceOData.SapRevenueCloudReplicationModeEnum" Name="SapRevenueCloudReplicationModeEnums"/>
                <EntitySet EntityType="HybrisCommerceOData.SapRevenueCloudProductCronjob" Name="SapRevenueCloudProductCronjobs"/>
                <AssociationSet Association="HybrisCommerceOData.FK_SapRevenueCloudProductCronjob_replicationMode" Name="SapRevenueCloudProductCronjob_SapRevenueCloudReplicationModeEnums">
                    <End EntitySet="SapRevenueCloudProductCronjobs" Role="SapRevenueCloudProductCronjob"/>
                    <End EntitySet="SapRevenueCloudReplicationModeEnums" Role="SapRevenueCloudReplicationModeEnum"/>
                </AssociationSet>
            </EntityContainer>
        </Schema>
    </edmx:DataServices>
</edmx:Edmx>
