<edmx:Edmx xmlns:edmx="http://schemas.microsoft.com/ado/2007/06/edmx" Version="1.0">
    <edmx:DataServices xmlns:m="http://schemas.microsoft.com/ado/2007/08/dataservices/metadata" m:DataServiceVersion="2.0">
        <Schema xmlns="http://schemas.microsoft.com/ado/2008/09/edm" xmlns:s="http://schemas.sap.com/commerce" Namespace="HybrisCommerceOData" s:schema-version="1">
            <EntityType Name="SAPCpiOutboundReturnOrderPriceComponent">
                <Key>
                    <PropertyRef Name="integrationKey"/>
                </Key>
                <Property Name="refundDeliveryCost" Nullable="true" Type="Edm.String"/>
                <Property Name="value" Nullable="true" Type="Edm.String"/>
                <Property Name="conditionCode" Nullable="true" Type="Edm.String"/>
                <Property Name="conditionCounter" Nullable="true" Type="Edm.String"/>
                <Property Name="entryNumber" Nullable="true" Type="Edm.String" s:IsUnique="true"/>
                <Property Name="orderId" Nullable="true" Type="Edm.String" s:IsUnique="true"/>
                <Property Name="priceQuantity" Nullable="true" Type="Edm.String"/>
                <Property Name="currencyIsoCode" Nullable="true" Type="Edm.String"/>
                <Property Name="absolute" Nullable="true" Type="Edm.String"/>
                <Property Name="unit" Nullable="true" Type="Edm.String"/>
                <Property Name="integrationKey" Nullable="false" Type="Edm.String" s:Alias="SAPCpiOutboundReturnOrderPriceComponent_entryNumber|SAPCpiOutboundReturnOrderPriceComponent_orderId"/>
                <NavigationProperty FromRole="SAPCpiOutboundReturnOrderPriceComponent" Name="sapCpiOutboundOrder" Nullable="true" Relationship="HybrisCommerceOData.FK_SAPCpiOutboundReturnOrderPriceComponent_sapCpiOutboundOrder" ToRole="SAPCpiOutboundReturnOrder"/>
            </EntityType>
            <EntityType Name="SAPCpiOutboundConfig">
                <Key>
                    <PropertyRef Name="integrationKey"/>
                </Key>
                <Property Name="senderName" Nullable="true" Type="Edm.String"/>
                <Property Name="senderPort" Nullable="true" Type="Edm.String"/>
                <Property Name="url" Nullable="true" Type="Edm.String" s:IsUnique="true"/>
                <Property Name="username" Nullable="true" Type="Edm.String" s:IsUnique="true"/>
                <Property Name="client" Nullable="true" Type="Edm.String"/>
                <Property Name="receiverPort" Nullable="true" Type="Edm.String"/>
                <Property Name="receiverName" Nullable="true" Type="Edm.String"/>
                <Property Name="integrationKey" Nullable="false" Type="Edm.String" s:Alias="SAPCpiOutboundConfig_url|SAPCpiOutboundConfig_username"/>
            </EntityType>
            <EntityType Name="SAPCpiOutboundReturnOrder">
                <Key>
                    <PropertyRef Name="integrationKey"/>
                </Key>
                <Property Name="paymentMode" Nullable="true" Type="Edm.String"/>
                <Property Name="distributionChannel" Nullable="true" Type="Edm.String"/>
                <Property Name="rejectionReason" Nullable="true" Type="Edm.String"/>
                <Property Name="shippingCondition" Nullable="true" Type="Edm.String"/>
                <Property Name="deliveryMode" Nullable="true" Type="Edm.String"/>
                <Property Name="responseStatus" Nullable="true" Type="Edm.String"/>
                <Property Name="creationDate" Nullable="true" Type="Edm.String"/>
                <Property Name="cancellationReasonDescription" Nullable="true" Type="Edm.String"/>
                <Property Name="salesOrganization" Nullable="true" Type="Edm.String"/>
                <Property Name="RMA" Nullable="true" Type="Edm.String"/>
                <Property Name="division" Nullable="true" Type="Edm.String"/>
                <Property Name="orderId" Nullable="true" Type="Edm.String" s:IsUnique="true"/>
                <Property Name="channel" Nullable="true" Type="Edm.String"/>
                <Property Name="cancellationCode" Nullable="true" Type="Edm.String"/>
                <Property Name="purchaseOrderNumber" Nullable="true" Type="Edm.String"/>
                <Property Name="baseStoreUid" Nullable="true" Type="Edm.String"/>
                <Property Name="currencyIsoCode" Nullable="true" Type="Edm.String"/>
                <Property Name="preceedingDocumentId" Nullable="true" Type="Edm.String"/>
                <Property Name="transactionType" Nullable="true" Type="Edm.String"/>
                <Property Name="responseMessage" Nullable="true" Type="Edm.String"/>
                <Property Name="integrationKey" Nullable="false" Type="Edm.String" s:Alias="SAPCpiOutboundReturnOrder_orderId"/>
                <NavigationProperty FromRole="SAPCpiOutboundReturnOrder" Name="sapCpiOutboundPartnerRoles" Nullable="true" Relationship="HybrisCommerceOData.FK_SAPCpiOutboundReturnOrder_sapCpiOutboundPartnerRoles" ToRole="SAPCpiOutboundPartnerRole" s:IsAutoCreate="true" s:IsPartOf="true"/>
                <NavigationProperty FromRole="SAPCpiOutboundReturnOrder" Name="sapCpiOutboundOrderItems" Nullable="true" Relationship="HybrisCommerceOData.FK_SAPCpiOutboundReturnOrder_sapCpiOutboundOrderItems" ToRole="SAPCpiOutboundReturnOrderItem" s:IsAutoCreate="true" s:IsPartOf="true"/>
                <NavigationProperty FromRole="SAPCpiOutboundReturnOrder" Name="sapCpiConfig" Nullable="true" Relationship="HybrisCommerceOData.FK_SAPCpiOutboundReturnOrder_sapCpiConfig" ToRole="SAPCpiOutboundConfig"/>
                <NavigationProperty FromRole="SAPCpiOutboundReturnOrder" Name="sapCpiOutboundPriceComponents" Nullable="true" Relationship="HybrisCommerceOData.FK_SAPCpiOutboundReturnOrder_sapCpiOutboundPriceComponents" ToRole="SAPCpiOutboundReturnOrderPriceComponent" s:IsAutoCreate="true" s:IsPartOf="true"/>
            </EntityType>
            <EntityType Name="SAPCpiOutboundPartnerRole">
                <Key>
                    <PropertyRef Name="integrationKey"/>
                </Key>
                <Property Name="entryNumber" Nullable="true" Type="Edm.String" s:IsUnique="true"/>
                <Property Name="partnerId" Nullable="true" Type="Edm.String"/>
                <Property Name="documentAddressId" Nullable="true" Type="Edm.String"/>
                <Property Name="partnerRoleCode" Nullable="true" Type="Edm.String"/>
                <Property Name="orderId" Nullable="true" Type="Edm.String" s:IsUnique="true"/>
                <Property Name="integrationKey" Nullable="false" Type="Edm.String" s:Alias="SAPCpiOutboundPartnerRole_entryNumber|SAPCpiOutboundPartnerRole_orderId"/>
                <NavigationProperty FromRole="SAPCpiOutboundPartnerRole" Name="sapCpiOutboundOrder" Nullable="true" Relationship="HybrisCommerceOData.FK_SAPCpiOutboundPartnerRole_sapCpiOutboundOrder" ToRole="SAPCpiOutboundReturnOrder"/>
            </EntityType>
            <EntityType Name="SAPCpiOutboundReturnOrderItem">
                <Key>
                    <PropertyRef Name="integrationKey"/>
                </Key>
                <Property Name="productName" Nullable="true" Type="Edm.String"/>
                <Property Name="rejectionReason" Nullable="true" Type="Edm.String"/>
                <Property Name="cancellationCode" Nullable="true" Type="Edm.String"/>
                <Property Name="productCode" Nullable="true" Type="Edm.String"/>
                <Property Name="entryNumber" Nullable="true" Type="Edm.String" s:IsUnique="true"/>
                <Property Name="cancellationReasonDescription" Nullable="true" Type="Edm.String"/>
                <Property Name="plant" Nullable="true" Type="Edm.String"/>
                <Property Name="unit" Nullable="true" Type="Edm.String"/>
                <Property Name="quantity" Nullable="true" Type="Edm.String"/>
                <Property Name="orderId" Nullable="true" Type="Edm.String" s:IsUnique="true"/>
                <Property Name="integrationKey" Nullable="false" Type="Edm.String" s:Alias="SAPCpiOutboundReturnOrderItem_entryNumber|SAPCpiOutboundReturnOrderItem_orderId"/>
                <NavigationProperty FromRole="SAPCpiOutboundReturnOrderItem" Name="sapCpiOutboundOrder" Nullable="true" Relationship="HybrisCommerceOData.FK_SAPCpiOutboundReturnOrderItem_sapCpiOutboundOrder" ToRole="SAPCpiOutboundReturnOrder"/>
            </EntityType>
            <Association Name="FK_SAPCpiOutboundReturnOrder_sapCpiOutboundPartnerRoles">
                <End Multiplicity="0..1" Role="SAPCpiOutboundReturnOrder" Type="HybrisCommerceOData.SAPCpiOutboundReturnOrder"/>
                <End Multiplicity="*" Role="SAPCpiOutboundPartnerRole" Type="HybrisCommerceOData.SAPCpiOutboundPartnerRole"/>
            </Association>
            <Association Name="FK_SAPCpiOutboundReturnOrder_sapCpiOutboundOrderItems">
                <End Multiplicity="0..1" Role="SAPCpiOutboundReturnOrder" Type="HybrisCommerceOData.SAPCpiOutboundReturnOrder"/>
                <End Multiplicity="*" Role="SAPCpiOutboundReturnOrderItem" Type="HybrisCommerceOData.SAPCpiOutboundReturnOrderItem"/>
            </Association>
            <Association Name="FK_SAPCpiOutboundReturnOrder_sapCpiConfig">
                <End Multiplicity="0..1" Role="SAPCpiOutboundReturnOrder" Type="HybrisCommerceOData.SAPCpiOutboundReturnOrder"/>
                <End Multiplicity="0..1" Role="SAPCpiOutboundConfig" Type="HybrisCommerceOData.SAPCpiOutboundConfig"/>
            </Association>
            <Association Name="FK_SAPCpiOutboundReturnOrder_sapCpiOutboundPriceComponents">
                <End Multiplicity="0..1" Role="SAPCpiOutboundReturnOrder" Type="HybrisCommerceOData.SAPCpiOutboundReturnOrder"/>
                <End Multiplicity="*" Role="SAPCpiOutboundReturnOrderPriceComponent" Type="HybrisCommerceOData.SAPCpiOutboundReturnOrderPriceComponent"/>
            </Association>
            <Association Name="FK_SAPCpiOutboundReturnOrderItem_sapCpiOutboundOrder">
                <End Multiplicity="0..1" Role="SAPCpiOutboundReturnOrderItem" Type="HybrisCommerceOData.SAPCpiOutboundReturnOrderItem"/>
                <End Multiplicity="0..1" Role="SAPCpiOutboundReturnOrder" Type="HybrisCommerceOData.SAPCpiOutboundReturnOrder"/>
            </Association>
            <Association Name="FK_SAPCpiOutboundReturnOrderPriceComponent_sapCpiOutboundOrder">
                <End Multiplicity="0..1" Role="SAPCpiOutboundReturnOrderPriceComponent" Type="HybrisCommerceOData.SAPCpiOutboundReturnOrderPriceComponent"/>
                <End Multiplicity="0..1" Role="SAPCpiOutboundReturnOrder" Type="HybrisCommerceOData.SAPCpiOutboundReturnOrder"/>
            </Association>
            <Association Name="FK_SAPCpiOutboundPartnerRole_sapCpiOutboundOrder">
                <End Multiplicity="0..1" Role="SAPCpiOutboundPartnerRole" Type="HybrisCommerceOData.SAPCpiOutboundPartnerRole"/>
                <End Multiplicity="0..1" Role="SAPCpiOutboundReturnOrder" Type="HybrisCommerceOData.SAPCpiOutboundReturnOrder"/>
            </Association>
            <EntityContainer Name="Container" m:IsDefaultEntityContainer="true">
                <EntitySet EntityType="HybrisCommerceOData.SAPCpiOutboundReturnOrderPriceComponent" Name="SAPCpiOutboundReturnOrderPriceComponents"/>
                <EntitySet EntityType="HybrisCommerceOData.SAPCpiOutboundConfig" Name="SAPCpiOutboundConfigs"/>
                <EntitySet EntityType="HybrisCommerceOData.SAPCpiOutboundReturnOrder" Name="SAPCpiOutboundReturnOrders"/>
                <EntitySet EntityType="HybrisCommerceOData.SAPCpiOutboundPartnerRole" Name="SAPCpiOutboundPartnerRoles"/>
                <EntitySet EntityType="HybrisCommerceOData.SAPCpiOutboundReturnOrderItem" Name="SAPCpiOutboundReturnOrderItems"/>
                <AssociationSet Association="HybrisCommerceOData.FK_SAPCpiOutboundReturnOrder_sapCpiOutboundPartnerRoles" Name="SAPCpiOutboundReturnOrder_SAPCpiOutboundPartnerRoles">
                    <End EntitySet="SAPCpiOutboundReturnOrders" Role="SAPCpiOutboundReturnOrder"/>
                    <End EntitySet="SAPCpiOutboundPartnerRoles" Role="SAPCpiOutboundPartnerRole"/>
                </AssociationSet>
                <AssociationSet Association="HybrisCommerceOData.FK_SAPCpiOutboundReturnOrder_sapCpiOutboundOrderItems" Name="SAPCpiOutboundReturnOrder_SAPCpiOutboundReturnOrderItems">
                    <End EntitySet="SAPCpiOutboundReturnOrders" Role="SAPCpiOutboundReturnOrder"/>
                    <End EntitySet="SAPCpiOutboundReturnOrderItems" Role="SAPCpiOutboundReturnOrderItem"/>
                </AssociationSet>
                <AssociationSet Association="HybrisCommerceOData.FK_SAPCpiOutboundReturnOrder_sapCpiConfig" Name="SAPCpiOutboundReturnOrder_SAPCpiOutboundConfigs">
                    <End EntitySet="SAPCpiOutboundReturnOrders" Role="SAPCpiOutboundReturnOrder"/>
                    <End EntitySet="SAPCpiOutboundConfigs" Role="SAPCpiOutboundConfig"/>
                </AssociationSet>
                <AssociationSet Association="HybrisCommerceOData.FK_SAPCpiOutboundReturnOrder_sapCpiOutboundPriceComponents" Name="SAPCpiOutboundReturnOrder_SAPCpiOutboundReturnOrderPriceComponents">
                    <End EntitySet="SAPCpiOutboundReturnOrders" Role="SAPCpiOutboundReturnOrder"/>
                    <End EntitySet="SAPCpiOutboundReturnOrderPriceComponents" Role="SAPCpiOutboundReturnOrderPriceComponent"/>
                </AssociationSet>
                <AssociationSet Association="HybrisCommerceOData.FK_SAPCpiOutboundReturnOrderItem_sapCpiOutboundOrder" Name="SAPCpiOutboundReturnOrderItem_SAPCpiOutboundReturnOrders">
                    <End EntitySet="SAPCpiOutboundReturnOrderItems" Role="SAPCpiOutboundReturnOrderItem"/>
                    <End EntitySet="SAPCpiOutboundReturnOrders" Role="SAPCpiOutboundReturnOrder"/>
                </AssociationSet>
                <AssociationSet Association="HybrisCommerceOData.FK_SAPCpiOutboundReturnOrderPriceComponent_sapCpiOutboundOrder" Name="SAPCpiOutboundReturnOrderPriceComponent_SAPCpiOutboundReturnOrders">
                    <End EntitySet="SAPCpiOutboundReturnOrderPriceComponents" Role="SAPCpiOutboundReturnOrderPriceComponent"/>
                    <End EntitySet="SAPCpiOutboundReturnOrders" Role="SAPCpiOutboundReturnOrder"/>
                </AssociationSet>
                <AssociationSet Association="HybrisCommerceOData.FK_SAPCpiOutboundPartnerRole_sapCpiOutboundOrder" Name="SAPCpiOutboundPartnerRole_SAPCpiOutboundReturnOrders">
                    <End EntitySet="SAPCpiOutboundPartnerRoles" Role="SAPCpiOutboundPartnerRole"/>
                    <End EntitySet="SAPCpiOutboundReturnOrders" Role="SAPCpiOutboundReturnOrder"/>
                </AssociationSet>
            </EntityContainer>
        </Schema>
    </edmx:DataServices>
</edmx:Edmx>
