{
    "openapi": "3.0.3",
    "info": {
        "title": "Get Exception Details",
        "version": "1.0.0",
        "description": "Use this API to get exception details"
    },
    "servers": [
        {
            "url": "https://{hostname}",
            "description": "Example of server url is https://my1234567.crm.cloud.sap",
            "variables": {
                "hostname": {
                    "default": ""
                }
            }
        }
    ],
    "components": {
        "securitySchemes": {
            "basicAuthentication": {
                "type": "http",
                "scheme": "basic"
            }
        },
        "schemas": {
            "error": {
                "type": "object",
                "properties": {
                    "error": {
                        "type": "object",
                        "properties": {
                            "code": {
                                "type": "string"
                            },
                            "details": {
                                "type": "array",
                                "items": {
                                    "type": "object",
                                    "properties": {
                                        "message": {
                                            "type": "string"
                                        },
                                        "code": {
                                            "type": "string"
                                        },
                                        "target": {
                                            "type": "string"
                                        }
                                    }
                                }
                            },
                            "message": {
                                "type": "string"
                            },
                            "target": {
                                "type": "string"
                            }
                        }
                    }
                }
            },
            "GetExceptionDetailsqueryresponse": {
                "title": "Get Exception Details query response",
                "type": "object",
                "properties": {
                    "count": {
                        "type": "integer",
                        "format": "int32"
                    },
                    "value": {
                        "type": "array",
                        "items": {
                            "type": "object",
                            "properties": {
                                "contractAccount": {
                                    "type": "string",
                                    "nullable": true,
                                    "maxLength": 12,
                                    "title": "Contract Account"
                                },
                                "premise": {
                                    "type": "string",
                                    "nullable": true,
                                    "maxLength": 10,
                                    "title": "Premise"
                                },
                                "processingStatus": {
                                    "type": "string",
                                    "nullable": true,
                                    "maxLength": 1,
                                    "title": "Status"
                                },
                                "priority": {
                                    "type": "string",
                                    "nullable": true,
                                    "maxLength": 1,
                                    "title": "Priority"
                                },
                                "dueDateFrom": {
                                    "type": "string",
                                    "format": "date",
                                    "nullable": true
                                },
                                "dueDateTo": {
                                    "type": "string",
                                    "format": "date",
                                    "nullable": true
                                },
                                "maximumCount": {
                                    "type": "integer",
                                    "nullable": true,
                                    "format": "int32"
                                },
                                "id": {
                                    "type": "string",
                                    "nullable": true,
                                    "maxLength": 10,
                                    "title": "Exception ID"
                                },
                                "description": {
                                    "type": "string",
                                    "nullable": true,
                                    "maxLength": 60,
                                    "title": "Description"
                                },
                                "dueDate": {
                                    "type": "string",
                                    "format": "date",
                                    "nullable": true
                                },
                                "category": {
                                    "type": "string",
                                    "nullable": true,
                                    "maxLength": 4,
                                    "title": "Category"
                                },
                                "processorName": {
                                    "type": "string",
                                    "nullable": true,
                                    "maxLength": 80,
                                    "title": "Processor Name"
                                },
                                "processorId": {
                                    "type": "string",
                                    "nullable": true,
                                    "maxLength": 12,
                                    "title": "Processor ID"
                                },
                                "changedOn": {
                                    "type": "string",
                                    "format": "date",
                                    "nullable": true
                                },
                                "changedBy": {
                                    "type": "string",
                                    "nullable": true,
                                    "maxLength": 12,
                                    "title": "Changed By"
                                },
                                "customerExternalId": {
                                    "type": "string",
                                    "nullable": true,
                                    "maxLength": 10,
                                    "title": "Customer External ID"
                                },
                                "customerId": {
                                    "type": "string",
                                    "nullable": true,
                                    "maxLength": 10,
                                    "title": "Customer ID"
                                },
                                "customerName": {
                                    "type": "string",
                                    "nullable": true,
                                    "maxLength": 80,
                                    "title": "Customer Name"
                                },
                                "premiseId": {
                                    "type": "string",
                                    "nullable": true,
                                    "maxLength": 10,
                                    "title": "Premise ID"
                                },
                                "premiseExternalId": {
                                    "type": "string",
                                    "nullable": true,
                                    "maxLength": 10,
                                    "title": "Premise External ID"
                                },
                                "origDate": {
                                    "type": "string",
                                    "format": "date",
                                    "nullable": true
                                },
                                "origTime": {
                                    "type": "string",
                                    "format": "time",
                                    "nullable": true
                                },
                                "notes": {
                                    "type": "array",
                                    "items": {
                                        "type": "object",
                                        "properties": {
                                            "dateAndTime": {
                                                "type": "string",
                                                "format": "date-time",
                                                "nullable": true
                                            },
                                            "createdBy": {
                                                "type": "string",
                                                "nullable": true,
                                                "title": "Created By"
                                            },
                                            "notesData": {
                                                "type": "string",
                                                "nullable": true,
                                                "maxLength": 132,
                                                "title": "Notes Data"
                                            }
                                        }
                                    }
                                }
                            }
                        }
                    }
                }
            },
            "info": {
                "type": "object",
                "properties": {
                    "info": {
                        "type": "object",
                        "properties": {
                            "code": {
                                "type": "string"
                            },
                            "details": {
                                "type": "array",
                                "items": {
                                    "type": "object",
                                    "properties": {
                                        "message": {
                                            "type": "string"
                                        },
                                        "target": {
                                            "type": "string"
                                        },
                                        "code": {
                                            "type": "string"
                                        },
                                        "severity": {
                                            "type": "string",
                                            "enum": [
                                                "ERROR",
                                                "WARNING",
                                                "INFO"
                                            ]
                                        }
                                    }
                                }
                            },
                            "message": {
                                "type": "string"
                            },
                            "target": {
                                "type": "string"
                            },
                            "severity": {
                                "type": "string",
                                "enum": [
                                    "ERROR",
                                    "WARNING",
                                    "INFO"
                                ]
                            }
                        }
                    }
                }
            }
        }
    },
    "security": [
        {
            "basicAuthentication": []
        }
    ],
    "paths": {
        "/sap/c4c/api/v1/utilities-common-integration-service/exceptions": {
            "get": {
                "operationId": "querycommonintegrationservice_exceptions",
                "tags": [
                    "Exceptions"
                ],
                "summary": "Retrieve exception details",
                "description": "Specify query parameters to return exception details from the system.",
                "parameters": [
                    {
                        "name": "$filter",
                        "in": "query",
                        "required": true,
                        "schema": {
                            "type": "string"
                        },
                        "examples": {
                            "one": {
                                "value": "premise eq 730171",
                                "summary": "Exception Details Retrieval"
                            }
                        },
                        "description": "Filter Exception Details by premise."
                    }
                ],
                "responses": {
                    "200": {
                        "description": "Retrieved Exception Details",
                        "content": {
                            "application/json": {
                                "schema": {
                                    "allOf": [
                                        {
                                            "$ref": "#/components/schemas/GetExceptionDetailsqueryresponse"
                                        },
                                        {
                                            "$ref": "#/components/schemas/info"
                                        }
                                    ]
                                }
                            }
                        }
                    },
                    "401": {
                        "description": "Unauthorized.\n\nThis error is caused when the request has not been applied because there are no valid authentication credentials for the target resource."
                    },
                    "403": {
                        "description": "Forbidden.\n\nThis client error code indicates that the server understood the request but refuses to authorize it."
                    },
                    "500": {
                        "description": "Internal Server Error.\n\nFailed to retrieve Exception Details.",
                        "content": {
                            "application/json": {
                                "schema": {
                                    "$ref": "#/components/schemas/error"
                                }
                            }
                        }
                    }
                }
            }
        }
    },
    "x-sap-shortText": "Manage entities from Get Exception Details service.",
    "x-sap-extensible": {
        "supported": "automatic",
        "description": "You can create extension fields in the Get Exception Details API by following the steps mentioned in https://help.sap.com/docs/CX_NG_SVC/2c87cece32844c91836e535aef8f9642/d3bdfac0c6b141c0bac27408c3ed159f.html?locale=en-US. The newly created extensions will be available in the API request and response body."
    }
}