<?xml version="1.0" encoding="utf-8"?><edmx:Edmx Version="1.0" xmlns:edmx="http://schemas.microsoft.com/ado/2007/06/edmx" xmlns:m="http://schemas.microsoft.com/ado/2007/08/dataservices/metadata" xmlns:sap="http://www.sap.com/Protocols/SAPData"><edmx:DataServices m:DataServiceVersion="2.0"><Schema Namespace="HCM_EMPLOYEE_ECKEYMAP_SRV" xml:lang="en" sap:schema-version="0" xmlns="http://schemas.microsoft.com/ado/2008/09/edm"><EntityType Name="EmployeeECKeyMap" sap:content-version="1"><Key><PropertyRef Name="EmployeeID"/><PropertyRef Name="EmploymentID"/><PropertyRef Name="CompanyID"/></Key><Property Name="EmployeeID" Type="Edm.String" Nullable="false" MaxLength="38" sap:label="Employee ID" sap:creatable="false" sap:updatable="false" sap:sortable="false"/><Property Name="EmploymentID" Type="Edm.String" Nullable="false" MaxLength="38" sap:label="Employment ID" sap:creatable="false" sap:updatable="false" sap:sortable="false" sap:filterable="false"/><Property Name="CompanyID" Type="Edm.String" Nullable="false" MaxLength="4" sap:label="Company Code" sap:creatable="false" sap:updatable="false" sap:sortable="false" sap:filterable="false"/><Property Name="Pernr" Type="Edm.String" MaxLength="8" sap:label="Personnel No." sap:creatable="false" sap:updatable="false" sap:sortable="false" sap:filterable="false"/><Property Name="EmployeeIDExternal" Type="Edm.String" MaxLength="100" sap:label="Ext. Empl. ID" sap:creatable="false" sap:updatable="false" sap:sortable="false" sap:filterable="false"/><Property Name="UserID" Type="Edm.String" MaxLength="100" sap:label="User ID" sap:creatable="false" sap:updatable="false" sap:sortable="false" sap:filterable="false"/><Property Name="LastModifiedSince" Type="Edm.DateTime" Precision="0" sap:label="Changed on" sap:creatable="false" sap:updatable="false" sap:sortable="false"/></EntityType><EntityContainer Name="HCM_EMPLOYEE_ECKEYMAP_SRV_Entities" m:IsDefaultEntityContainer="true" sap:supported-formats="atom json"><EntitySet Name="EmployeeECKeyMapSet" EntityType="HCM_EMPLOYEE_ECKEYMAP_SRV.EmployeeECKeyMap" sap:creatable="false" sap:updatable="false" sap:deletable="false" sap:pageable="false" sap:addressable="false" sap:content-version="1"/></EntityContainer><atom:link rel="self" href="https://ldcigm4.wdf.sap.corp:44355/sap/opu/odata/sap/HCM_EMPLOYEE_ECKEYMAP_SRV/$metadata" xmlns:atom="http://www.w3.org/2005/Atom"/><atom:link rel="latest-version" href="https://ldcigm4.wdf.sap.corp:44355/sap/opu/odata/sap/HCM_EMPLOYEE_ECKEYMAP_SRV/$metadata" xmlns:atom="http://www.w3.org/2005/Atom"/></Schema></edmx:DataServices></edmx:Edmx>