{
	"openapi": "3.0.3",
	"info": {
		"title": "Contract Account Details",
		"version": "1.0.0",
		"description": "Contract Account Details \n\nUse this API to view the contract account details based on contract account external id"
	},
	"servers": [
		{
			"url": "https://{hostname}",
			"description": "Example of server url is https://my1234567.crm.cloud.sap",
			"variables": {
				"hostname": {
					"default": ""
				}
			}
		}
	],
	"components": {
		"securitySchemes": {
			"basicAuthentication": {
				"type": "http",
				"scheme": "basic"
			}
		},
		"schemas": {
			"error": {
				"type": "object",
				"properties": {
					"error": {
						"type": "object",
						"properties": {
							"code": {
								"type": "string"
							},
							"details": {
								"type": "array",
								"items": {
									"type": "object",
									"properties": {
										"message": {
											"type": "string"
										},
										"code": {
											"type": "string"
										},
										"target": {
											"type": "string"
										}
									}
								}
							},
							"message": {
								"type": "string"
							},
							"target": {
								"type": "string"
							}
						}
					}
				}
			},
			"ContractAccountDetailsqueryresponse": {
				"title": "Contract Account Details query response",
				"type": "object",
				"properties": {
					"count": {
						"type": "integer",
						"format": "int32"
					},
					"value": {
						"type": "array",
						"items": {
							"type": "object",
							"properties": {
								"contractAccountId": {
									"type": "string",
									"nullable": true,
									"maxLength": 12,
									"title": "Contract Account"
								},
								"name": {
									"type": "string",
									"nullable": true,
									"maxLength": 35,
									"title": "Contract Account Name"
								},
								"category": {
									"type": "string",
									"nullable": true,
									"maxLength": 2,
									"title": "Category"
								},
								"paymentMethodIn": {
									"type": "string",
									"nullable": true,
									"maxLength": 1,
									"title": "In Payment Method"
								},
								"paymentMethodInDescription": {
									"type": "string",
									"nullable": true,
									"maxLength": 30,
									"title": "Description for Payment Method IN"
								},
								"paymentMethodOut": {
									"type": "string",
									"nullable": true,
									"maxLength": 5,
									"title": "Out Payment Method"
								},
								"paymentMethodOutDescription": {
									"type": "string",
									"nullable": true,
									"maxLength": 30,
									"title": "Description for Payment Method OUT"
								},
								"dunningProcedure": {
									"type": "string",
									"nullable": true,
									"maxLength": 2,
									"title": "Dunning Procedure"
								},
								"taxJurisdictionCode": {
									"type": "string",
									"nullable": true,
									"maxLength": 15,
									"title": "Tax Jurisdiction Code"
								},
								"accountDeterminationId": {
									"type": "string",
									"nullable": true,
									"maxLength": 2,
									"title": "Account Determination ID"
								},
								"accountClass": {
									"type": "string",
									"nullable": true,
									"maxLength": 4,
									"title": "Account Class"
								},
								"invoiceDeliveryMethod": {
									"type": "string",
									"nullable": true,
									"maxLength": 4,
									"title": "Invoice Delivery Method"
								},
								"collectionStrategy": {
									"type": "string",
									"nullable": true,
									"maxLength": 2,
									"title": "Collection Strategy"
								},
								"paymentTerms": {
									"type": "string",
									"nullable": true,
									"maxLength": 4,
									"title": "lbl_payment_terms"
								},
								"toleranceGroup": {
									"type": "string",
									"nullable": true,
									"maxLength": 4,
									"title": "Tolerance Group"
								},
								"fixedAddressNo": {
									"type": "string",
									"nullable": true,
									"maxLength": 10,
									"title": "Fixed Address Number"
								},
								"fixedAddress": {
									"type": "string",
									"nullable": true,
									"maxLength": 60,
									"title": "Fixed Address"
								},
								"applicationForm": {
									"type": "string",
									"nullable": true,
									"maxLength": 30,
									"title": "Bill Form"
								},
								"ebvty": {
									"type": "string",
									"nullable": true,
									"maxLength": 4,
									"title": "Bank In ID"
								},
								"ebvtyt": {
									"type": "string",
									"nullable": true,
									"maxLength": 140,
									"title": "Bank In"
								},
								"abvty": {
									"type": "string",
									"nullable": true,
									"maxLength": 4,
									"title": "Bank Out ID"
								},
								"abvtyt": {
									"type": "string",
									"nullable": true,
									"maxLength": 140,
									"title": "Bank Out"
								},
								"cardIdIn": {
									"type": "string",
									"nullable": true,
									"maxLength": 6,
									"title": "Card In ID"
								},
								"cardInDescription": {
									"type": "string",
									"nullable": true,
									"maxLength": 140,
									"title": "Card In"
								},
								"cardOutId": {
									"type": "string",
									"nullable": true,
									"maxLength": 6,
									"title": "Card Out ID"
								},
								"cardOutDescription": {
									"type": "string",
									"nullable": true,
									"maxLength": 140,
									"title": "Card Out"
								}
							}
						}
					}
				}
			},
			"info": {
				"type": "object",
				"properties": {
					"info": {
						"type": "object",
						"properties": {
							"code": {
								"type": "string"
							},
							"details": {
								"type": "array",
								"items": {
									"type": "object",
									"properties": {
										"message": {
											"type": "string"
										},
										"target": {
											"type": "string"
										},
										"code": {
											"type": "string"
										},
										"severity": {
											"type": "string",
											"enum": [
												"ERROR",
												"WARNING",
												"INFO"
											]
										}
									}
								}
							},
							"message": {
								"type": "string"
							},
							"target": {
								"type": "string"
							},
							"severity": {
								"type": "string",
								"enum": [
									"ERROR",
									"WARNING",
									"INFO"
								]
							}
						}
					}
				}
			}
		}
	},
	"security": [
		{
			"basicAuthentication": []
		}
	],
	"paths": {
		"/sap/c4c/api/v1/utilities-common-integration-service/contractAccountDetails": {
			"get": {
				"operationId": "querycommonintegrationservice_contractAccountDetails",
				"tags": [
					"ContractAccountDetails"
				],
				"summary": "Retrieve contract account details from S4.",
				"description": "Specify query parameters to return desired contract account details from the S4 system.",
				"parameters": [
					{
						"name": "$filter",
						"in": "query",
						"required": true,
						"schema": {
							"type": "string"
						},
						"examples": {
							"one": {
								"value": "contractAccountId eq 1200004172",
								"summary": "Get Contract Account Details"
							}
						},
						"description": "Filter contract account details by contract account external id."
					}
				],
				"responses": {
					"200": {
						"description": "Retrieved contract account details.",
						"content": {
							"application/json": {
								"schema": {
									"allOf": [
										{
											"$ref": "#/components/schemas/ContractAccountDetailsqueryresponse"
										},
										{
											"$ref": "#/components/schemas/info"
										}
									]
								}
							}
						}
					},
					"401": {
						"description": "Unauthorized.\n\nThis error is caused when the request has not been applied because there are no valid authentication credentials for the target resource."
					},
					"403": {
						"description": "Forbidden.\n\nThis client error code indicates that the server understood the request but refuses to authorize it."
					},
					"500": {
						"description": "Internal Server Error.\n\nFailed to query contract account overview.",
						"content": {
							"application/json": {
								"schema": {
									"$ref": "#/components/schemas/error"
								}
							}
						}
					}
				}
			}
		}
	},
	"x-sap-shortText": "Manage entities from Contract Account Details service.",
	"x-sap-extensible": {
		"supported": "automatic",
		"description": "You can create extension fields in the Contract Account Details API by following the steps mentioned in https://help.sap.com/docs/CX_NG_SVC/2c87cece32844c91836e535aef8f9642/d3bdfac0c6b141c0bac27408c3ed159f.html?locale=en-US. The newly created extensions will be available in the API request and response body."
	}
}