{
    "openapi": "3.0.3",
    "info": {
        "title": "Meter Reading Service",
        "version": "1.0.0",
        "description": "Use this API for Meter Reading Actions"
    },
    "servers": [
        {
            "url": "https://{hostname}",
            "description": "Example of server url is https://my1234567.crm.cloud.sap",
            "variables": {
                "hostname": {
                    "default": ""
                }
            }
        }
    ],
    "components": {
        "securitySchemes": {
            "basicAuthentication": {
                "type": "http",
                "scheme": "basic"
            }
        },
        "schemas": {
            "error": {
                "type": "object",
                "properties": {
                    "error": {
                        "type": "object",
                        "properties": {
                            "code": {
                                "type": "string"
                            },
                            "details": {
                                "type": "array",
                                "items": {
                                    "type": "object",
                                    "properties": {
                                        "message": {
                                            "type": "string"
                                        },
                                        "code": {
                                            "type": "string"
                                        },
                                        "target": {
                                            "type": "string"
                                        }
                                    }
                                }
                            },
                            "message": {
                                "type": "string"
                            },
                            "target": {
                                "type": "string"
                            }
                        }
                    }
                }
            },
            "MeterReadingqueryresponse": {
                "title": "Meter Reading query response",
                "type": "object",
                "properties": {
                    "count": {
                        "type": "integer",
                        "format": "int32"
                    },
                    "value": {
                        "type": "array",
                        "items": {
                            "type": "object",
                            "properties": {
                                "premise": {
                                    "type": "string",
                                    "nullable": true,
                                    "maxLength": 10,
                                    "title": "Premise"
                                },
                                "limit": {
                                    "type": "integer",
                                    "nullable": true,
                                    "format": "int32"
                                },
                                "language": {
                                    "type": "string",
                                    "nullable": true,
                                    "maxLength": 1,
                                    "title": "lbl_language"
                                },
                                "isEdit": {
                                    "type": "boolean",
                                    "nullable": true
                                },
                                "isValidate": {
                                    "type": "boolean",
                                    "nullable": true
                                },
                                "isEstimate": {
                                    "type": "boolean",
                                    "nullable": true
                                },
                                "meterReadingDetails": {
                                    "type": "array",
                                    "items": {
                                        "type": "object",
                                        "properties": {
                                            "documentId": {
                                                "type": "string",
                                                "nullable": true,
                                                "maxLength": 20,
                                                "title": "lbl_meterReadDocumentId"
                                            },
                                            "reason": {
                                                "type": "string",
                                                "nullable": true,
                                                "maxLength": 2,
                                                "title": "lbl_meterReadingReason"
                                            },
                                            "equipmentNumber": {
                                                "type": "string",
                                                "nullable": true,
                                                "maxLength": 18,
                                                "title": "lbl_equipmentNumber"
                                            },
                                            "material": {
                                                "type": "string",
                                                "nullable": true,
                                                "maxLength": 40,
                                                "title": "lbl_material"
                                            },
                                            "serialNumber": {
                                                "type": "string",
                                                "nullable": true,
                                                "maxLength": 18,
                                                "title": "lbl_serialNumber"
                                            },
                                            "register": {
                                                "type": "integer",
                                                "nullable": true,
                                                "format": "int32"
                                            },
                                            "scheduledMeterReadingDate": {
                                                "type": "string",
                                                "format": "date",
                                                "nullable": true
                                            },
                                            "dateForBilling": {
                                                "type": "string",
                                                "format": "date",
                                                "nullable": true
                                            },
                                            "timeForBilling": {
                                                "type": "string",
                                                "format": "time",
                                                "nullable": true
                                            },
                                            "recorded": {
                                                "type": "string",
                                                "nullable": true,
                                                "maxLength": 32,
                                                "title": "lbl_meterReadingRecorded"
                                            },
                                            "previousMeterReading": {
                                                "type": "string",
                                                "nullable": true,
                                                "maxLength": 32,
                                                "title": "lbl_previousMeterReading"
                                            },
                                            "consumption": {
                                                "type": "string",
                                                "nullable": true,
                                                "maxLength": 32,
                                                "title": "lbl_consumption"
                                            },
                                            "expectedConsumption": {
                                                "type": "string",
                                                "nullable": true,
                                                "maxLength": 32,
                                                "title": "lbl_expectedConsumption"
                                            },
                                            "unitOfMeasure": {
                                                "type": "string",
                                                "nullable": true,
                                                "maxLength": 3,
                                                "title": "lbl_unitOfMeasure"
                                            },
                                            "type": {
                                                "type": "string",
                                                "nullable": true,
                                                "maxLength": 2,
                                                "title": "lbl_meterReadingType"
                                            },
                                            "status": {
                                                "type": "string",
                                                "nullable": true,
                                                "maxLength": 1,
                                                "title": "lbl_meterReadingStatus"
                                            },
                                            "active": {
                                                "type": "string",
                                                "nullable": true,
                                                "maxLength": 1,
                                                "title": "lbl_meterReadingActive"
                                            },
                                            "installation": {
                                                "type": "string",
                                                "nullable": true,
                                                "maxLength": 10,
                                                "title": "lbl_installation"
                                            },
                                            "multipleRegisters": {
                                                "type": "boolean",
                                                "nullable": true
                                            },
                                            "divisionCategory": {
                                                "type": "string",
                                                "nullable": true,
                                                "maxLength": 2,
                                                "title": "lbl_divisionCategory"
                                            },
                                            "division": {
                                                "type": "string",
                                                "nullable": true,
                                                "maxLength": 2,
                                                "title": "lbl_division"
                                            },
                                            "amiMeter": {
                                                "type": "boolean",
                                                "nullable": true
                                            },
                                            "contract": {
                                                "type": "string",
                                                "nullable": true,
                                                "maxLength": 10,
                                                "title": "Contract"
                                            },
                                            "moveInDocNumber": {
                                                "type": "string",
                                                "nullable": true,
                                                "maxLength": 12,
                                                "title": "lbl_moveInDocNumber"
                                            },
                                            "moveOutDocNumber": {
                                                "type": "string",
                                                "nullable": true,
                                                "maxLength": 12,
                                                "title": "lbl_moveOutDocNumber"
                                            },
                                            "meterReaderNote": {
                                                "type": "string",
                                                "nullable": true,
                                                "maxLength": 4,
                                                "title": "lbl_meterReaderNote"
                                            },
                                            "date": {
                                                "type": "string",
                                                "format": "date",
                                                "nullable": true
                                            },
                                            "estimatedMeterReading": {
                                                "type": "string",
                                                "nullable": true,
                                                "maxLength": 32,
                                                "title": "lbl_estimatedMeterReading"
                                            },
                                            "dateFrom": {
                                                "type": "string",
                                                "format": "date",
                                                "nullable": true
                                            },
                                            "dateTo": {
                                                "type": "string",
                                                "format": "date",
                                                "nullable": true
                                            },
                                            "documentType": {
                                                "type": "string",
                                                "nullable": true,
                                                "maxLength": 1,
                                                "title": "lbl_mrDocumentType"
                                            },
                                            "period": {
                                                "type": "integer",
                                                "nullable": true,
                                                "format": "int32"
                                            },
                                            "override": {
                                                "type": "boolean",
                                                "nullable": true
                                            }
                                        }
                                    }
                                },
                                "temperatureData": {
                                    "type": "array",
                                    "items": {
                                        "type": "object",
                                        "properties": {
                                            "date": {
                                                "type": "string",
                                                "format": "date",
                                                "nullable": true
                                            },
                                            "value": {
                                                "type": "number",
                                                "nullable": true,
                                                "format": "float"
                                            },
                                            "unit": {
                                                "type": "string",
                                                "nullable": true,
                                                "maxLength": 1,
                                                "title": "lbl_tempUnit"
                                            }
                                        }
                                    }
                                },
                                "meterreadingstatus": {
                                    "type": "string",
                                    "nullable": true,
                                    "enum": [
                                        "METER_READING_ORDER_CREATED",
                                        "BILLABLE",
                                        "AUTOMATICALLY_LOCKED",
                                        "LOCKED_BY_AGENT",
                                        "RELEASED_BY_AGENT",
                                        "CHECKED_INDEPENDENTLY",
                                        "BILLED",
                                        "PARTIALLY_BILLED"
                                    ],
                                    "title": "Meter Reading Status"
                                },
                                "audit": {
                                    "type": "object",
                                    "properties": {
                                        "userId": {
                                            "type": "string",
                                            "nullable": true
                                        },
                                        "businessSystemId": {
                                            "type": "string",
                                            "nullable": true
                                        }
                                    }
                                }
                            }
                        }
                    }
                }
            },
            "info": {
                "type": "object",
                "properties": {
                    "info": {
                        "type": "object",
                        "properties": {
                            "code": {
                                "type": "string"
                            },
                            "details": {
                                "type": "array",
                                "items": {
                                    "type": "object",
                                    "properties": {
                                        "message": {
                                            "type": "string"
                                        },
                                        "target": {
                                            "type": "string"
                                        },
                                        "code": {
                                            "type": "string"
                                        },
                                        "severity": {
                                            "type": "string",
                                            "enum": [
                                                "ERROR",
                                                "WARNING",
                                                "INFO"
                                            ]
                                        }
                                    }
                                }
                            },
                            "message": {
                                "type": "string"
                            },
                            "target": {
                                "type": "string"
                            },
                            "severity": {
                                "type": "string",
                                "enum": [
                                    "ERROR",
                                    "WARNING",
                                    "INFO"
                                ]
                            }
                        }
                    }
                }
            },
            "MeterReadingcreaterequest": {
                "title": "Meter Reading create request",
                "type": "object",
                "properties": {
                    "isEdit": {
                        "type": "boolean",
                        "nullable": true
                    },
                    "isValidate": {
                        "type": "boolean",
                        "nullable": true
                    },
                    "isEstimate": {
                        "type": "boolean",
                        "nullable": true
                    },
                    "meterReadingDetails": {
                        "type": "array",
                        "items": {
                            "type": "object",
                            "properties": {
                                "documentId": {
                                    "type": "string",
                                    "nullable": true,
                                    "maxLength": 20,
                                    "title": "lbl_meterReadDocumentId"
                                },
                                "reason": {
                                    "type": "string",
                                    "nullable": true,
                                    "maxLength": 2,
                                    "title": "lbl_meterReadingReason"
                                },
                                "equipmentNumber": {
                                    "type": "string",
                                    "nullable": true,
                                    "maxLength": 18,
                                    "title": "lbl_equipmentNumber"
                                },
                                "material": {
                                    "type": "string",
                                    "nullable": true,
                                    "maxLength": 40,
                                    "title": "lbl_material"
                                },
                                "serialNumber": {
                                    "type": "string",
                                    "nullable": true,
                                    "maxLength": 18,
                                    "title": "lbl_serialNumber"
                                },
                                "register": {
                                    "type": "integer",
                                    "nullable": true,
                                    "format": "int32"
                                },
                                "scheduledMeterReadingDate": {
                                    "type": "string",
                                    "format": "date",
                                    "nullable": true
                                },
                                "dateForBilling": {
                                    "type": "string",
                                    "format": "date",
                                    "nullable": true
                                },
                                "timeForBilling": {
                                    "type": "string",
                                    "format": "time",
                                    "nullable": true
                                },
                                "recorded": {
                                    "type": "string",
                                    "nullable": true,
                                    "maxLength": 32,
                                    "title": "lbl_meterReadingRecorded"
                                },
                                "previousMeterReading": {
                                    "type": "string",
                                    "nullable": true,
                                    "maxLength": 32,
                                    "title": "lbl_previousMeterReading"
                                },
                                "consumption": {
                                    "type": "string",
                                    "nullable": true,
                                    "maxLength": 32,
                                    "title": "lbl_consumption"
                                },
                                "expectedConsumption": {
                                    "type": "string",
                                    "nullable": true,
                                    "maxLength": 32,
                                    "title": "lbl_expectedConsumption"
                                },
                                "unitOfMeasure": {
                                    "type": "string",
                                    "nullable": true,
                                    "maxLength": 3,
                                    "title": "lbl_unitOfMeasure"
                                },
                                "type": {
                                    "type": "string",
                                    "nullable": true,
                                    "maxLength": 2,
                                    "title": "lbl_meterReadingType"
                                },
                                "status": {
                                    "type": "string",
                                    "nullable": true,
                                    "maxLength": 1,
                                    "title": "lbl_meterReadingStatus"
                                },
                                "active": {
                                    "type": "string",
                                    "nullable": true,
                                    "maxLength": 1,
                                    "title": "lbl_meterReadingActive"
                                },
                                "installation": {
                                    "type": "string",
                                    "nullable": true,
                                    "maxLength": 10,
                                    "title": "lbl_installation"
                                },
                                "multipleRegisters": {
                                    "type": "boolean",
                                    "nullable": true
                                },
                                "divisionCategory": {
                                    "type": "string",
                                    "nullable": true,
                                    "maxLength": 2,
                                    "title": "lbl_divisionCategory"
                                },
                                "division": {
                                    "type": "string",
                                    "nullable": true,
                                    "maxLength": 2,
                                    "title": "lbl_division"
                                },
                                "amiMeter": {
                                    "type": "boolean",
                                    "nullable": true
                                },
                                "contract": {
                                    "type": "string",
                                    "nullable": true,
                                    "maxLength": 10,
                                    "title": "Contract"
                                },
                                "moveInDocNumber": {
                                    "type": "string",
                                    "nullable": true,
                                    "maxLength": 12,
                                    "title": "lbl_moveInDocNumber"
                                },
                                "moveOutDocNumber": {
                                    "type": "string",
                                    "nullable": true,
                                    "maxLength": 12,
                                    "title": "lbl_moveOutDocNumber"
                                },
                                "meterReaderNote": {
                                    "type": "string",
                                    "nullable": true,
                                    "maxLength": 4,
                                    "title": "lbl_meterReaderNote"
                                },
                                "date": {
                                    "type": "string",
                                    "format": "date",
                                    "nullable": true
                                },
                                "estimatedMeterReading": {
                                    "type": "string",
                                    "nullable": true,
                                    "maxLength": 32,
                                    "title": "lbl_estimatedMeterReading"
                                },
                                "dateFrom": {
                                    "type": "string",
                                    "format": "date",
                                    "nullable": true
                                },
                                "dateTo": {
                                    "type": "string",
                                    "format": "date",
                                    "nullable": true
                                },
                                "documentType": {
                                    "type": "string",
                                    "nullable": true,
                                    "maxLength": 1,
                                    "title": "lbl_mrDocumentType"
                                },
                                "period": {
                                    "type": "integer",
                                    "nullable": true,
                                    "format": "int32"
                                },
                                "override": {
                                    "type": "boolean",
                                    "nullable": true
                                }
                            }
                        }
                    },
                    "meterreadingstatus": {
                        "type": "string",
                        "nullable": true,
                        "enum": [
                            "METER_READING_ORDER_CREATED",
                            "BILLABLE",
                            "AUTOMATICALLY_LOCKED",
                            "LOCKED_BY_AGENT",
                            "RELEASED_BY_AGENT",
                            "CHECKED_INDEPENDENTLY",
                            "BILLED",
                            "PARTIALLY_BILLED"
                        ],
                        "title": "Meter Reading Status"
                    },
                    "audit": {
                        "type": "object",
                        "properties": {
                            "userId": {
                                "type": "string",
                                "nullable": true
                            },
                            "businessSystemId": {
                                "type": "string",
                                "nullable": true
                            }
                        }
                    }
                }
            },
            "MeterReadingfile": {
                "title": "Meter Reading file",
                "type": "object",
                "properties": {
                    "value": {
                        "type": "object",
                        "properties": {
                            "premise": {
                                "type": "string",
                                "nullable": true,
                                "maxLength": 10,
                                "title": "Premise"
                            },
                            "limit": {
                                "type": "integer",
                                "nullable": true,
                                "format": "int32"
                            },
                            "language": {
                                "type": "string",
                                "nullable": true,
                                "maxLength": 1,
                                "title": "lbl_language"
                            },
                            "isEdit": {
                                "type": "boolean",
                                "nullable": true
                            },
                            "isValidate": {
                                "type": "boolean",
                                "nullable": true
                            },
                            "isEstimate": {
                                "type": "boolean",
                                "nullable": true
                            },
                            "meterReadingDetails": {
                                "type": "array",
                                "items": {
                                    "type": "object",
                                    "properties": {
                                        "documentId": {
                                            "type": "string",
                                            "nullable": true,
                                            "maxLength": 20,
                                            "title": "lbl_meterReadDocumentId"
                                        },
                                        "reason": {
                                            "type": "string",
                                            "nullable": true,
                                            "maxLength": 2,
                                            "title": "lbl_meterReadingReason"
                                        },
                                        "equipmentNumber": {
                                            "type": "string",
                                            "nullable": true,
                                            "maxLength": 18,
                                            "title": "lbl_equipmentNumber"
                                        },
                                        "material": {
                                            "type": "string",
                                            "nullable": true,
                                            "maxLength": 40,
                                            "title": "lbl_material"
                                        },
                                        "serialNumber": {
                                            "type": "string",
                                            "nullable": true,
                                            "maxLength": 18,
                                            "title": "lbl_serialNumber"
                                        },
                                        "register": {
                                            "type": "integer",
                                            "nullable": true,
                                            "format": "int32"
                                        },
                                        "scheduledMeterReadingDate": {
                                            "type": "string",
                                            "format": "date",
                                            "nullable": true
                                        },
                                        "dateForBilling": {
                                            "type": "string",
                                            "format": "date",
                                            "nullable": true
                                        },
                                        "timeForBilling": {
                                            "type": "string",
                                            "format": "time",
                                            "nullable": true
                                        },
                                        "recorded": {
                                            "type": "string",
                                            "nullable": true,
                                            "maxLength": 32,
                                            "title": "lbl_meterReadingRecorded"
                                        },
                                        "previousMeterReading": {
                                            "type": "string",
                                            "nullable": true,
                                            "maxLength": 32,
                                            "title": "lbl_previousMeterReading"
                                        },
                                        "consumption": {
                                            "type": "string",
                                            "nullable": true,
                                            "maxLength": 32,
                                            "title": "lbl_consumption"
                                        },
                                        "expectedConsumption": {
                                            "type": "string",
                                            "nullable": true,
                                            "maxLength": 32,
                                            "title": "lbl_expectedConsumption"
                                        },
                                        "unitOfMeasure": {
                                            "type": "string",
                                            "nullable": true,
                                            "maxLength": 3,
                                            "title": "lbl_unitOfMeasure"
                                        },
                                        "type": {
                                            "type": "string",
                                            "nullable": true,
                                            "maxLength": 2,
                                            "title": "lbl_meterReadingType"
                                        },
                                        "status": {
                                            "type": "string",
                                            "nullable": true,
                                            "maxLength": 1,
                                            "title": "lbl_meterReadingStatus"
                                        },
                                        "active": {
                                            "type": "string",
                                            "nullable": true,
                                            "maxLength": 1,
                                            "title": "lbl_meterReadingActive"
                                        },
                                        "installation": {
                                            "type": "string",
                                            "nullable": true,
                                            "maxLength": 10,
                                            "title": "lbl_installation"
                                        },
                                        "multipleRegisters": {
                                            "type": "boolean",
                                            "nullable": true
                                        },
                                        "divisionCategory": {
                                            "type": "string",
                                            "nullable": true,
                                            "maxLength": 2,
                                            "title": "lbl_divisionCategory"
                                        },
                                        "division": {
                                            "type": "string",
                                            "nullable": true,
                                            "maxLength": 2,
                                            "title": "lbl_division"
                                        },
                                        "amiMeter": {
                                            "type": "boolean",
                                            "nullable": true
                                        },
                                        "contract": {
                                            "type": "string",
                                            "nullable": true,
                                            "maxLength": 10,
                                            "title": "Contract"
                                        },
                                        "moveInDocNumber": {
                                            "type": "string",
                                            "nullable": true,
                                            "maxLength": 12,
                                            "title": "lbl_moveInDocNumber"
                                        },
                                        "moveOutDocNumber": {
                                            "type": "string",
                                            "nullable": true,
                                            "maxLength": 12,
                                            "title": "lbl_moveOutDocNumber"
                                        },
                                        "meterReaderNote": {
                                            "type": "string",
                                            "nullable": true,
                                            "maxLength": 4,
                                            "title": "lbl_meterReaderNote"
                                        },
                                        "date": {
                                            "type": "string",
                                            "format": "date",
                                            "nullable": true
                                        },
                                        "estimatedMeterReading": {
                                            "type": "string",
                                            "nullable": true,
                                            "maxLength": 32,
                                            "title": "lbl_estimatedMeterReading"
                                        },
                                        "dateFrom": {
                                            "type": "string",
                                            "format": "date",
                                            "nullable": true
                                        },
                                        "dateTo": {
                                            "type": "string",
                                            "format": "date",
                                            "nullable": true
                                        },
                                        "documentType": {
                                            "type": "string",
                                            "nullable": true,
                                            "maxLength": 1,
                                            "title": "lbl_mrDocumentType"
                                        },
                                        "period": {
                                            "type": "integer",
                                            "nullable": true,
                                            "format": "int32"
                                        },
                                        "override": {
                                            "type": "boolean",
                                            "nullable": true
                                        }
                                    }
                                }
                            },
                            "temperatureData": {
                                "type": "array",
                                "items": {
                                    "type": "object",
                                    "properties": {
                                        "date": {
                                            "type": "string",
                                            "format": "date",
                                            "nullable": true
                                        },
                                        "value": {
                                            "type": "number",
                                            "nullable": true,
                                            "format": "float"
                                        },
                                        "unit": {
                                            "type": "string",
                                            "nullable": true,
                                            "maxLength": 1,
                                            "title": "lbl_tempUnit"
                                        }
                                    }
                                }
                            },
                            "meterreadingstatus": {
                                "type": "string",
                                "nullable": true,
                                "enum": [
                                    "METER_READING_ORDER_CREATED",
                                    "BILLABLE",
                                    "AUTOMATICALLY_LOCKED",
                                    "LOCKED_BY_AGENT",
                                    "RELEASED_BY_AGENT",
                                    "CHECKED_INDEPENDENTLY",
                                    "BILLED",
                                    "PARTIALLY_BILLED"
                                ],
                                "title": "Meter Reading Status"
                            },
                            "audit": {
                                "type": "object",
                                "properties": {
                                    "userId": {
                                        "type": "string",
                                        "nullable": true
                                    },
                                    "businessSystemId": {
                                        "type": "string",
                                        "nullable": true
                                    }
                                }
                            }
                        }
                    }
                }
            },
            "MeterReadingupdaterequest": {
                "title": "Meter Reading update request",
                "type": "object",
                "properties": {
                    "isEdit": {
                        "type": "boolean",
                        "nullable": true
                    },
                    "isValidate": {
                        "type": "boolean",
                        "nullable": true
                    },
                    "isEstimate": {
                        "type": "boolean",
                        "nullable": true
                    },
                    "meterReadingDetails": {
                        "type": "array",
                        "items": {
                            "type": "object",
                            "properties": {
                                "documentId": {
                                    "type": "string",
                                    "nullable": true,
                                    "maxLength": 20,
                                    "title": "lbl_meterReadDocumentId"
                                },
                                "reason": {
                                    "type": "string",
                                    "nullable": true,
                                    "maxLength": 2,
                                    "title": "lbl_meterReadingReason"
                                },
                                "equipmentNumber": {
                                    "type": "string",
                                    "nullable": true,
                                    "maxLength": 18,
                                    "title": "lbl_equipmentNumber"
                                },
                                "material": {
                                    "type": "string",
                                    "nullable": true,
                                    "maxLength": 40,
                                    "title": "lbl_material"
                                },
                                "serialNumber": {
                                    "type": "string",
                                    "nullable": true,
                                    "maxLength": 18,
                                    "title": "lbl_serialNumber"
                                },
                                "register": {
                                    "type": "integer",
                                    "nullable": true,
                                    "format": "int32"
                                },
                                "scheduledMeterReadingDate": {
                                    "type": "string",
                                    "format": "date",
                                    "nullable": true
                                },
                                "dateForBilling": {
                                    "type": "string",
                                    "format": "date",
                                    "nullable": true
                                },
                                "timeForBilling": {
                                    "type": "string",
                                    "format": "time",
                                    "nullable": true
                                },
                                "recorded": {
                                    "type": "string",
                                    "nullable": true,
                                    "maxLength": 32,
                                    "title": "lbl_meterReadingRecorded"
                                },
                                "previousMeterReading": {
                                    "type": "string",
                                    "nullable": true,
                                    "maxLength": 32,
                                    "title": "lbl_previousMeterReading"
                                },
                                "consumption": {
                                    "type": "string",
                                    "nullable": true,
                                    "maxLength": 32,
                                    "title": "lbl_consumption"
                                },
                                "expectedConsumption": {
                                    "type": "string",
                                    "nullable": true,
                                    "maxLength": 32,
                                    "title": "lbl_expectedConsumption"
                                },
                                "unitOfMeasure": {
                                    "type": "string",
                                    "nullable": true,
                                    "maxLength": 3,
                                    "title": "lbl_unitOfMeasure"
                                },
                                "type": {
                                    "type": "string",
                                    "nullable": true,
                                    "maxLength": 2,
                                    "title": "lbl_meterReadingType"
                                },
                                "status": {
                                    "type": "string",
                                    "nullable": true,
                                    "maxLength": 1,
                                    "title": "lbl_meterReadingStatus"
                                },
                                "active": {
                                    "type": "string",
                                    "nullable": true,
                                    "maxLength": 1,
                                    "title": "lbl_meterReadingActive"
                                },
                                "installation": {
                                    "type": "string",
                                    "nullable": true,
                                    "maxLength": 10,
                                    "title": "lbl_installation"
                                },
                                "multipleRegisters": {
                                    "type": "boolean",
                                    "nullable": true
                                },
                                "divisionCategory": {
                                    "type": "string",
                                    "nullable": true,
                                    "maxLength": 2,
                                    "title": "lbl_divisionCategory"
                                },
                                "division": {
                                    "type": "string",
                                    "nullable": true,
                                    "maxLength": 2,
                                    "title": "lbl_division"
                                },
                                "amiMeter": {
                                    "type": "boolean",
                                    "nullable": true
                                },
                                "contract": {
                                    "type": "string",
                                    "nullable": true,
                                    "maxLength": 10,
                                    "title": "Contract"
                                },
                                "moveInDocNumber": {
                                    "type": "string",
                                    "nullable": true,
                                    "maxLength": 12,
                                    "title": "lbl_moveInDocNumber"
                                },
                                "moveOutDocNumber": {
                                    "type": "string",
                                    "nullable": true,
                                    "maxLength": 12,
                                    "title": "lbl_moveOutDocNumber"
                                },
                                "meterReaderNote": {
                                    "type": "string",
                                    "nullable": true,
                                    "maxLength": 4,
                                    "title": "lbl_meterReaderNote"
                                },
                                "date": {
                                    "type": "string",
                                    "format": "date",
                                    "nullable": true
                                },
                                "estimatedMeterReading": {
                                    "type": "string",
                                    "nullable": true,
                                    "maxLength": 32,
                                    "title": "lbl_estimatedMeterReading"
                                },
                                "dateFrom": {
                                    "type": "string",
                                    "format": "date",
                                    "nullable": true
                                },
                                "dateTo": {
                                    "type": "string",
                                    "format": "date",
                                    "nullable": true
                                },
                                "documentType": {
                                    "type": "string",
                                    "nullable": true,
                                    "maxLength": 1,
                                    "title": "lbl_mrDocumentType"
                                },
                                "period": {
                                    "type": "integer",
                                    "nullable": true,
                                    "format": "int32"
                                },
                                "override": {
                                    "type": "boolean",
                                    "nullable": true
                                }
                            }
                        }
                    },
                    "meterreadingstatus": {
                        "type": "string",
                        "nullable": true,
                        "enum": [
                            "METER_READING_ORDER_CREATED",
                            "BILLABLE",
                            "AUTOMATICALLY_LOCKED",
                            "LOCKED_BY_AGENT",
                            "RELEASED_BY_AGENT",
                            "CHECKED_INDEPENDENTLY",
                            "BILLED",
                            "PARTIALLY_BILLED"
                        ],
                        "title": "Meter Reading Status"
                    },
                    "audit": {
                        "type": "object",
                        "properties": {
                            "userId": {
                                "type": "string",
                                "nullable": true
                            },
                            "businessSystemId": {
                                "type": "string",
                                "nullable": true
                            }
                        }
                    }
                }
            }
        }
    },
    "security": [
        {
            "basicAuthentication": []
        }
    ],
    "paths": {
        "/sap/c4c/api/v1/premise-integration-service/meterReading": {
            "get": {
                "operationId": "querypremiseservice_meterReading",
                "tags": [
                    "MeterReading"
                ],
                "summary": "Get Meter Reading information from the system.",
                "description": "Specify query parameters to return desired Meter Reading records from the system.",
                "parameters": [
                    {
                        "name": "$filter",
                        "in": "query",
                        "required": true,
                        "schema": {
                            "type": "string"
                        },
                        "examples": {
                            "one": {
                                "value": "limit eq -1 and material eq 01 and serialNumber eq XYZ and documentType eq 3 and period eq 1",
                                "summary": "Get Meter Reading"
                            }
                        },
                        "description": "Filter Meter Reading by attribute."
                    }
                ],
                "responses": {
                    "200": {
                        "description": "Retrieved Meter Reading.",
                        "content": {
                            "application/json": {
                                "schema": {
                                    "allOf": [
                                        {
                                            "$ref": "#/components/schemas/MeterReadingqueryresponse"
                                        },
                                        {
                                            "$ref": "#/components/schemas/info"
                                        }
                                    ]
                                }
                            }
                        }
                    },
                    "401": {
                        "description": "Unauthorized.\n\nThis error is caused when the request has not been applied because there are no valid authentication credentials for the target resource."
                    },
                    "403": {
                        "description": "Forbidden.\n\nThis client error code indicates that the server understood the request but refuses to authorize it."
                    },
                    "500": {
                        "description": "Internal Server Error.\n\nFailed to query Meter Reading.",
                        "content": {
                            "application/json": {
                                "schema": {
                                    "$ref": "#/components/schemas/error"
                                }
                            }
                        }
                    }
                }
            },
            "post": {
                "operationId": "createpremiseservice_meterReading",
                "tags": [
                    "MeterReading"
                ],
                "summary": "Create Meter Reading",
                "description": "Create Meter Reading",
                "parameters": [],
                "requestBody": {
                    "content": {
                        "application/json": {
                            "schema": {
                                "$ref": "#/components/schemas/MeterReadingcreaterequest"
                            },
                            "examples": {
                                "one": {
                                    "value": {
                                        "meterReadingDetails": [
                                            {
                                                "register": "001",
                                                "serialNumber": "20220914081056",
                                                "meterReadingRecorded": "557",
                                                "meterReadingReason": "09",
                                                "material": "TD-SRA-00",
                                                "meterReadingDateForBilling": "20230720",
                                                "meterReadingType": "01"
                                            }
                                        ]
                                    },
                                    "summary": "Create Meter Reading"
                                },
                                "two": {
                                    "value": {
                                        "isEdit": true,
                                        "meterReadingDetails": [
                                            {
                                                "register": "001",
                                                "serialNumber": "20220914081056",
                                                "meterReadingRecorded": "557",
                                                "meterReadingReason": "09",
                                                "material": "TD-SRA-00",
                                                "meterReadingDateForBilling": "20230720",
                                                "meterReadingType": "01"
                                            }
                                        ]
                                    },
                                    "summary": "Edit Meter Reading"
                                },
                                "three": {
                                    "value": {
                                        "isValidate": true,
                                        "meterReadingDetails": [
                                            {
                                                "register": "001",
                                                "serialNumber": "20220914081056",
                                                "meterReadingRecorded": "558",
                                                "meterReadingReason": "09",
                                                "material": "TD-SRA-00",
                                                "meterReadingDateForBilling": "20230720",
                                                "meterReadingType": "01"
                                            }
                                        ]
                                    },
                                    "summary": "Validate Meter Reading"
                                },
                                "four": {
                                    "value": {
                                        "isEstimate": true,
                                        "meterReadingDetails": [
                                            {
                                                "equipmentNumber": "000000000010065072",
                                                "register": "1",
                                                "date": "2020-01-01",
                                                "serialNumber": "000020140514145966"
                                            }
                                        ]
                                    },
                                    "summary": "Validate Meter Reading"
                                }
                            }
                        }
                    }
                },
                "responses": {
                    "200": {
                        "description": "200 OK",
                        "content": {
                            "application/json": {
                                "schema": {
                                    "allOf": [
                                        {
                                            "$ref": "#/components/schemas/MeterReadingfile"
                                        },
                                        {
                                            "$ref": "#/components/schemas/info"
                                        }
                                    ]
                                }
                            }
                        }
                    },
                    "400": {
                        "description": "Bad Request.\n\nThe server cannot process the request due to a client error. For example, an invalid request.",
                        "content": {
                            "application/json": {
                                "schema": {
                                    "$ref": "#/components/schemas/error"
                                }
                            }
                        }
                    },
                    "401": {
                        "description": "Unauthorized.\n\nThis error is caused when the request has not been applied because there are no valid authentication credentials for the target resource."
                    },
                    "403": {
                        "description": "Forbidden.\n\nThis client error code indicates that the server understood the request but refuses to authorize it."
                    },
                    "500": {
                        "description": "Internal Server Error.\n\nFailed to create the Meter Reading.",
                        "content": {
                            "application/json": {
                                "schema": {
                                    "$ref": "#/components/schemas/error"
                                }
                            }
                        }
                    }
                }
            }
        },
        "/sap/c4c/api/v1/premise-integration-service/meterReading/{id}": {
            "put": {
                "operationId": "updatepremiseservice_meterReading",
                "tags": [
                    "MeterReading"
                ],
                "summary": "Create or Update data",
                "parameters": [
                    {
                        "name": "id",
                        "in": "path",
                        "required": true,
                        "schema": {
                            "type": "string",
                            "format": "uuid"
                        }
                    }
                ],
                "requestBody": {
                    "content": {
                        "application/json": {
                            "schema": {
                                "$ref": "#/components/schemas/MeterReadingupdaterequest"
                            }
                        }
                    }
                },
                "responses": {
                    "200": {
                        "description": "200 OK",
                        "content": {
                            "application/json": {
                                "schema": {
                                    "$ref": "#/components/schemas/MeterReadingfile"
                                }
                            }
                        }
                    },
                    "204": {
                        "description": "204 NO_CONTENT"
                    },
                    "400": {
                        "description": "400 BAD_REQUEST",
                        "content": {
                            "application/json": {
                                "schema": {
                                    "$ref": "#/components/schemas/error"
                                }
                            }
                        }
                    },
                    "401": {
                        "description": "401 UNAUTHORIZED"
                    },
                    "403": {
                        "description": "403 FORBIDDEN"
                    },
                    "404": {
                        "description": "404 NOT_FOUND"
                    },
                    "500": {
                        "description": "500 INTERNAL_SERVER_ERROR",
                        "content": {
                            "application/json": {
                                "schema": {
                                    "$ref": "#/components/schemas/error"
                                }
                            }
                        }
                    }
                }
            }
        }
    },
    "x-sap-shortText": "Manage entities from Meter Reading service.",
    "x-sap-extensible": {
        "supported": "automatic",
        "description": "You can create extension fields in the Meter Reading Service API by following the steps mentioned in https://help.sap.com/docs/CX_NG_SVC/2c87cece32844c91836e535aef8f9642/d3bdfac0c6b141c0bac27408c3ed159f.html?locale=en-US. The newly created extensions will be available in the API request and response body."
    }
}