{
  "swagger": "2.0",
  "info": {
    "title": "S/4 Credit Account",
    "version": "1.0.0"
  },
  "host": "creditaccount.sap.com",
  "basePath": "/creditAccount",
  "tags": [
    {
      "name": "creditAccount"
    }
  ],
  "schemes": ["https"],
  "paths": {
    "/creditAccount": {
      "get": {
        "tags": ["creditAccount"],
        "produces": ["application/json"],
        "parameters": [
          {
            "in": "body",
            "name": "creditAccountRequest",
            "schema": {
              "$ref": "#/definitions/CreditAccountRequestMessage"
            }
          }
        ],
        "responses": {
          "200": {
            "description": "Successful",
            "schema": {
              "$ref": "#/definitions/CreditAccountResponseMessage"
            }
          },
          "400": {
            "description": "Invalid Parameters"
          }
        },
        "security": [
          {
            "api_key": []
          }
        ]
      }
    }
  },
  "securityDefinitions": {
    "api_key": {
      "type": "apiKey",
      "name": "api_key",
      "in": "header"
    }
  },
  "definitions": {
    "CreditAccountRequestMessage": {
      "type": "object",
      "properties": {
        "messageHeader": {
          "type": "object",
          "properties": {
            "id": {
              "type": "string"
            }
          }
        },
        "messageRequests": {
          "type": "array",
          "items": {
            "type": "object",
            "properties": {
              "messageHeader": {
                "type": "object",
                "properties": {
                  "id": {
                    "type": "string"
                  }
                }
              },
              "body": {
                "type": "object",
                "properties": {
                  "businessPartnerId": {
                    "type": "string"
                  },
                  "creditSegmentId": {
                    "type": "string"
                  }
                }
              }
            }
          }
        }
      }
    },
    "CreditAccountResponseMessage": {
      "type": "object",
      "properties": {
        "messageResponses": {
          "type": "array",
          "items": {
            "type": "object",
            "properties": {
              "body": {
                "type": "object",
                "properties": {
                  "name":{
                    "type" : "string"
                  },
                  "title":{
                    "type" : "string"
                  },
                  "total": {
                    "type": "integer"
                  },
                  "totalDescription": {
                    "type": "string"
                  },
                  "extData": {
                    "type": "array",
                    "items": {
                    "type": "object",
                    "properties": {
                      "accountId": {
                        "type": "string"
                      },
                      "creditSegmentId": {
                        "type": "string"
                      },
                      "creditLimitAmount": {
                        "type": "number"
                      },
                      "exposureAmount": {
                        "type": "number"
                      },
                      "currencyCode": {
                        "type": "string"
                      },
                      "exposurePercent": {
                        "type": "number"
                      },
                      "isBlocked": {
                        "type": "boolean"
                      },
                      "blockingReasonCode": {
                        "type": "string"
                      },
                      "blockingReasonDescription": {
                        "type": "string"
                      }
                    }
                  }
                  }
                }
              }
            }
          }
        }
      }
    }
  }
}
