{
	"openapi": "3.0.3",
	"info": {
		"title": "Customer Bank Service",
		"version": "1.0.0",
		"description": "Customer Bank \n\nUse this API to view and manage the customer bank details"
	},
	"servers": [
		{
			"url": "https://{hostname}",
			"description": "Example of server url is https://my1234567.crm.cloud.sap",
			"variables": {
				"hostname": {
					"default": ""
				}
			}
		}
	],
	"components": {
		"securitySchemes": {
			"basicAuthentication": {
				"type": "http",
				"scheme": "basic"
			}
		},
		"schemas": {
			"error": {
				"type": "object",
				"properties": {
					"error": {
						"type": "object",
						"properties": {
							"code": {
								"type": "string"
							},
							"details": {
								"type": "array",
								"items": {
									"type": "object",
									"properties": {
										"message": {
											"type": "string"
										},
										"code": {
											"type": "string"
										},
										"target": {
											"type": "string"
										}
									}
								}
							},
							"message": {
								"type": "string"
							},
							"target": {
								"type": "string"
							}
						}
					}
				}
			},
			"CustomerBankqueryresponse": {
				"title": "Customer Bank query response",
				"type": "object",
				"properties": {
					"count": {
						"type": "integer",
						"format": "int32"
					},
					"value": {
						"type": "array",
						"items": {
							"type": "object",
							"properties": {
								"businessPartnerId": {
									"type": "string",
									"nullable": true,
									"maxLength": 10,
									"title": "Business Partner"
								},
								"contractAccountId": {
									"type": "string",
									"nullable": true,
									"maxLength": 12,
									"title": "lbl_contract_account"
								},
								"audit": {
									"type": "object",
									"properties": {
										"userId": {
											"type": "string",
											"nullable": true
										},
										"businessSystemId": {
											"type": "string",
											"nullable": true
										}
									}
								},
								"bankId": {
									"type": "string",
									"nullable": true,
									"maxLength": 4,
									"title": "lbl_bank_detail_id"
								},
								"bankCountry": {
									"type": "string",
									"nullable": true,
									"maxLength": 3,
									"title": "Bank"
								},
								"bankKey": {
									"type": "string",
									"nullable": true,
									"maxLength": 15,
									"title": "Bank Key"
								},
								"bankName": {
									"type": "string",
									"nullable": true,
									"maxLength": 60,
									"title": "Bank Name"
								},
								"swiftKey": {
									"type": "string",
									"nullable": true,
									"maxLength": 11,
									"title": "Swift/BIC"
								},
								"bankAccount": {
									"type": "string",
									"nullable": true,
									"maxLength": 18,
									"title": "lbl_bank_account"
								},
								"accountHolder": {
									"type": "string",
									"nullable": true,
									"maxLength": 60,
									"title": "lbl_account_holder"
								},
								"iban": {
									"type": "string",
									"nullable": true,
									"maxLength": 34,
									"title": "IBAN (International Bank Account Number)"
								},
								"validFrom": {
									"type": "string",
									"format": "date",
									"nullable": true
								},
								"validTo": {
									"type": "string",
									"format": "date",
									"nullable": true
								},
								"defaultBank": {
									"type": "boolean",
									"nullable": true
								}
							}
						}
					}
				}
			},
			"info": {
				"type": "object",
				"properties": {
					"info": {
						"type": "object",
						"properties": {
							"code": {
								"type": "string"
							},
							"details": {
								"type": "array",
								"items": {
									"type": "object",
									"properties": {
										"message": {
											"type": "string"
										},
										"target": {
											"type": "string"
										},
										"code": {
											"type": "string"
										},
										"severity": {
											"type": "string",
											"enum": [
												"ERROR",
												"WARNING",
												"INFO"
											]
										}
									}
								}
							},
							"message": {
								"type": "string"
							},
							"target": {
								"type": "string"
							},
							"severity": {
								"type": "string",
								"enum": [
									"ERROR",
									"WARNING",
									"INFO"
								]
							}
						}
					}
				}
			},
			"CustomerBankcreaterequest": {
				"title": "Customer Bank create request",
				"type": "object",
				"properties": {
					"businessPartnerId": {
						"type": "string",
						"nullable": true,
						"maxLength": 10,
						"title": "Business Partner"
					},
					"contractAccountId": {
						"type": "string",
						"nullable": true,
						"maxLength": 12,
						"title": "lbl_contract_account"
					},
					"audit": {
						"type": "object",
						"properties": {
							"userId": {
								"type": "string",
								"nullable": true
							},
							"businessSystemId": {
								"type": "string",
								"nullable": true
							}
						}
					},
					"bankId": {
						"type": "string",
						"nullable": true,
						"maxLength": 4,
						"title": "lbl_bank_detail_id"
					},
					"bankCountry": {
						"type": "string",
						"nullable": true,
						"maxLength": 3,
						"title": "Bank"
					},
					"bankKey": {
						"type": "string",
						"nullable": true,
						"maxLength": 15,
						"title": "Bank Key"
					},
					"bankName": {
						"type": "string",
						"nullable": true,
						"maxLength": 60,
						"title": "Bank Name"
					},
					"swiftKey": {
						"type": "string",
						"nullable": true,
						"maxLength": 11,
						"title": "Swift/BIC"
					},
					"bankAccount": {
						"type": "string",
						"nullable": true,
						"maxLength": 18,
						"title": "lbl_bank_account"
					},
					"accountHolder": {
						"type": "string",
						"nullable": true,
						"maxLength": 60,
						"title": "lbl_account_holder"
					},
					"iban": {
						"type": "string",
						"nullable": true,
						"maxLength": 34,
						"title": "IBAN (International Bank Account Number)"
					},
					"validFrom": {
						"type": "string",
						"format": "date",
						"nullable": true
					},
					"validTo": {
						"type": "string",
						"format": "date",
						"nullable": true
					},
					"defaultBank": {
						"type": "boolean",
						"nullable": true
					}
				}
			},
			"CustomerBankfile": {
				"title": "Customer Bank file",
				"type": "object",
				"properties": {
					"value": {
						"type": "object",
						"properties": {
							"businessPartnerId": {
								"type": "string",
								"nullable": true,
								"maxLength": 10,
								"title": "Business Partner"
							},
							"contractAccountId": {
								"type": "string",
								"nullable": true,
								"maxLength": 12,
								"title": "lbl_contract_account"
							},
							"audit": {
								"type": "object",
								"properties": {
									"userId": {
										"type": "string",
										"nullable": true
									},
									"businessSystemId": {
										"type": "string",
										"nullable": true
									}
								}
							},
							"bankId": {
								"type": "string",
								"nullable": true,
								"maxLength": 4,
								"title": "lbl_bank_detail_id"
							},
							"bankCountry": {
								"type": "string",
								"nullable": true,
								"maxLength": 3,
								"title": "Bank"
							},
							"bankKey": {
								"type": "string",
								"nullable": true,
								"maxLength": 15,
								"title": "Bank Key"
							},
							"bankName": {
								"type": "string",
								"nullable": true,
								"maxLength": 60,
								"title": "Bank Name"
							},
							"swiftKey": {
								"type": "string",
								"nullable": true,
								"maxLength": 11,
								"title": "Swift/BIC"
							},
							"bankAccount": {
								"type": "string",
								"nullable": true,
								"maxLength": 18,
								"title": "lbl_bank_account"
							},
							"accountHolder": {
								"type": "string",
								"nullable": true,
								"maxLength": 60,
								"title": "lbl_account_holder"
							},
							"iban": {
								"type": "string",
								"nullable": true,
								"maxLength": 34,
								"title": "IBAN (International Bank Account Number)"
							},
							"validFrom": {
								"type": "string",
								"format": "date",
								"nullable": true
							},
							"validTo": {
								"type": "string",
								"format": "date",
								"nullable": true
							},
							"defaultBank": {
								"type": "boolean",
								"nullable": true
							}
						}
					}
				}
			}
		}
	},
	"security": [
		{
			"basicAuthentication": []
		}
	],
	"paths": {
		"/sap/c4c/api/v1/utilities-common-integration-service/customerBank": {
			"get": {
				"operationId": "querycommonintegrationservice_customerBank",
				"tags": [
					"CustomerBank"
				],
				"summary": "Retrieve bank details for a business partner",
				"description": "Specify query parameters to return bank details of a customer from the system.",
				"parameters": [
					{
						"name": "$filter",
						"in": "query",
						"required": true,
						"schema": {
							"type": "string"
						},
						"examples": {
							"one": {
								"value": "businessPartnerId eq 7000003122 and contractAccountId eq 1843001",
								"summary": "Bank Details retrieval"
							}
						},
						"description": "Filter Bank Details by attribute."
					}
				],
				"responses": {
					"200": {
						"description": "Retrieved Bank Details",
						"content": {
							"application/json": {
								"schema": {
									"allOf": [
										{
											"$ref": "#/components/schemas/CustomerBankqueryresponse"
										},
										{
											"$ref": "#/components/schemas/info"
										}
									]
								}
							}
						}
					},
					"401": {
						"description": "Unauthorized.\n\nThis error is caused when the request has not been applied because there are no valid authentication credentials for the target resource."
					},
					"403": {
						"description": "Forbidden.\n\nThis client error code indicates that the server understood the request but refuses to authorize it."
					},
					"500": {
						"description": "Internal Server Error.\n\nFailed to retrieve Bank Details.",
						"content": {
							"application/json": {
								"schema": {
									"$ref": "#/components/schemas/error"
								}
							}
						}
					}
				}
			},
			"post": {
				"operationId": "createcommonintegrationservice_customerBank",
				"tags": [
					"CustomerBank"
				],
				"summary": "Creation of Bank",
				"description": "Creation of Bank",
				"parameters": [],
				"requestBody": {
					"content": {
						"application/json": {
							"schema": {
								"$ref": "#/components/schemas/CustomerBankcreaterequest"
							},
							"examples": {
								"one": {
									"value": {
										"bankCountry": "DE",
										"bankKey": "01010101",
										"bankAccount": "09899",
										"accountHolder": "AcctHolder1",
										"validFrom": "2023-07-20",
										"validTo": "9999-12-31",
										"businessPartnerId": "7000003122"
									},
									"summary": "Creation of Bank"
								}
							}
						}
					}
				},
				"responses": {
					"201": {
						"description": "Bank created",
						"content": {
							"application/json": {
								"schema": {
									"allOf": [
										{
											"$ref": "#/components/schemas/CustomerBankfile"
										},
										{
											"$ref": "#/components/schemas/info"
										}
									]
								}
							}
						}
					},
					"400": {
						"description": "Bad Request.\n\nThe server cannot process the request due to a client error. For example, an invalid request.",
						"content": {
							"application/json": {
								"schema": {
									"$ref": "#/components/schemas/error"
								}
							}
						}
					},
					"401": {
						"description": "Unauthorized.\n\nThis error is caused when the request has not been applied because there are no valid authentication credentials for the target resource."
					},
					"403": {
						"description": "Forbidden.\n\nThis client error code indicates that the server understood the request but refuses to authorize it."
					},
					"500": {
						"description": "Internal Server Error.\n\nFailed to create bank.",
						"content": {
							"application/json": {
								"schema": {
									"$ref": "#/components/schemas/error"
								}
							}
						}
					}
				}
			}
		}
	},
	"x-sap-shortText": "Manage entities from Customer Bank service.",
	"x-sap-extensible": {
		"supported": "automatic",
		"description": "You can create extension fields in the Customer Bank Service API by following the steps mentioned in https://help.sap.com/docs/CX_NG_SVC/2c87cece32844c91836e535aef8f9642/d3bdfac0c6b141c0bac27408c3ed159f.html?locale=en-US. The newly created extensions will be available in the API request and response body."
	}
}