<?xml version="1.0" encoding="UTF-8" standalone="no"?>
<parameters>
	<parameter>
		<key />
		<name>AuthenticationHost</name>
		<type>xsd:string</type>
		<isRequired>false</isRequired>
		<constraint />
		<description />
	</parameter>
	<parameter>
		<key />
		<name>maximumBodySize</name>
		<type>xsd:string</type>
		<isRequired>false</isRequired>
		<constraint />
		<description />
	</parameter>
	<parameter>
		<key />
		<name>CredentialClientSecretName</name>
		<type>xsd:string</type>
		<isRequired>false</isRequired>
		<constraint />
		<description />
	</parameter>
	<parameter>
		<key />
		<name>maximumAttachmentSize</name>
		<type>xsd:string</type>
		<isRequired>false</isRequired>
		<constraint />
		<description />
	</parameter>
	<parameter>
		<key />
		<name>IdocTransferAddress</name>
		<type>xsd:string</type>
		<isRequired>true</isRequired>
		<constraint />
		<description />
	</parameter>
	<parameter>
		<key />
		<name>CustomerOrderSourcingAPIHomePath</name>
		<type>xsd:string</type>
		<isRequired>false</isRequired>
		<constraint />
		<description />
	</parameter>
	<parameter>
		<key />
		<name>HttpAdapterTimeout</name>
		<type>xsd:string</type>
		<isRequired>false</isRequired>
		<constraint />
		<description />
	</parameter>
	<param_references>
		<reference attribute_category="S4HANA.Receiver.System"
			attribute_id="ctype::AdapterVariant/cname::IDOC/tp::HTTP/mp::IDoc SOAP/direction::Receiver/version::1.3.3/attrId::address"
			attribute_uilabel="Address" param_key="IdocTransferAddress" />
		<reference attribute_category="S4HANA"
			attribute_id="ctype::AdapterVariant/cname::IDOC/tp::HTTP/mp::IDoc SOAP/direction::Receiver/version::1.3.3/attrId::maximumBodySize"
			attribute_uilabel="" param_key="maximumBodySize" />
		<reference attribute_category="S4HANA"
			attribute_id="ctype::AdapterVariant/cname::IDOC/tp::HTTP/mp::IDoc SOAP/direction::Receiver/version::1.3.3/attrId::maximumAttachmentSize"
			attribute_uilabel="" param_key="maximumAttachmentSize" />
		<reference attribute_category="oAuth2Server"
			attribute_id="ctype::AdapterVariant/cname::HTTP/tp::HTTP/mp::None/direction::Receiver/version::1.4.3/attrId::httpRequestTimeout"
			attribute_uilabel="Timeout (in ms)" param_key="HttpAdapterTimeout" />
		<reference attribute_category="SAP_Customer_Order_Sourcing"
			attribute_id="ctype::AdapterVariant/cname::HTTP/tp::HTTP/mp::None/direction::Receiver/version::1.4.3/attrId::httpRequestTimeout"
			attribute_uilabel="Timeout (in ms)" param_key="HttpAdapterTimeout" />
	</param_references>
</parameters>