{
    "openapi": "3.0.3",
    "info": {
        "title": "Contact Address Replication In",
        "version": "1.0.0",
        "description": "Replicate contact address from SAP ERP"
    },
    "servers": [{
            "url": "https://{hostname}",
            "description": "Example of server url is https://my1234567.crm.cloud.sap",
            "variables": {
                "hostname": {
                    "default": ""
                }
            }
        }
    ],
    "components": {
        "securitySchemes": {
            "basicAuthentication": {
                "type": "http",
                "scheme": "basic"
            }
        },
        "schemas": {
            "error": {
                "type": "object",
                "properties": {
                    "error": {
                        "type": "object",
                        "properties": {
                            "code": {
                                "type": "string"
                            },
                            "details": {
                                "type": "array",
                                "items": {
                                    "type": "object",
                                    "properties": {
                                        "message": {
                                            "type": "string"
                                        },
                                        "code": {
                                            "type": "string"
                                        },
                                        "target": {
                                            "type": "string"
                                        }
                                    }
                                }
                            },
                            "message": {
                                "type": "string"
                            },
                            "target": {
                                "type": "string"
                            }
                        }
                    }
                }
            },
            "ContactAddressReplicationIncreaterequest": {
                "title": "Contact Address Replication In create request",
                "type": "object",
                "properties": {
                    "messageHeader": {
                        "type": "object",
                        "properties": {
                            "id": {
                                "type": "string",
                                "nullable": true,
                                "format": "uuid",
                                "title": "ID"
                            },
                            "senderCommunicationSystemDisplayId": {
                                "type": "string",
                                "nullable": true,
                                "title": "Sender Communication System Display ID"
                            },
                            "receiverCommunicationSystemDisplayId": {
                                "type": "string",
                                "nullable": true,
                                "title": "Receiver Communication System Display ID"
                            },
                            "creationDateTime": {
                                "type": "string",
                                "format": "date-time",
                                "nullable": true
                            }
                        }
                    },
                    "messageRequests": {
                        "type": "array",
                        "items": {
                            "type": "object",
                            "properties": {
                                "messageHeader": {
                                    "type": "object",
                                    "properties": {
                                        "id": {
                                            "type": "string",
                                            "nullable": true,
                                            "format": "uuid",
                                            "title": "ID"
                                        },
                                        "messageEntityName": {
                                            "type": "string",
                                            "nullable": true
                                        },
                                        "creationDateTime": {
                                            "type": "string",
                                            "format": "date-time",
                                            "nullable": true
                                        },
                                        "actionCode": {
                                            "type": "string",
                                            "nullable": true,
                                            "enum": ["CREATE", "DELETE", "SAVE", "QUERY"],
                                            "title": "Action Code"
                                        },
                                        "referenceMessageRequestId": {
                                            "type": "string",
                                            "nullable": true,
                                            "title": "Reference Message Request ID"
                                        }
                                    }
                                },
                                "body": {
                                    "type": "object",
                                    "properties": {
                                        "contactDisplayId": {
                                            "type": "string",
                                            "nullable": true
                                        },
                                        "customerDisplayId": {
                                            "type": "string",
                                            "nullable": true
                                        },
                                        "nameAndAddress": {
                                            "type": "array",
                                            "items": {
                                                "type": "object",
                                                "properties": {
                                                    "validFrom": {
                                                        "type": "string",
                                                        "format": "date",
                                                        "nullable": true
                                                    },
                                                    "validTo": {
                                                        "type": "string",
                                                        "format": "date",
                                                        "nullable": true
                                                    },
                                                    "addressRepresentation": {
                                                        "type": "string",
                                                        "nullable": true
                                                    },
                                                    "formOfAddress": {
                                                        "type": "string",
                                                        "nullable": true
                                                    },
                                                    "academicTitle": {
                                                        "type": "string",
                                                        "nullable": true
                                                    },
                                                    "givenName": {
                                                        "type": "string",
                                                        "nullable": true
                                                    },
                                                    "middleName": {
                                                        "type": "string",
                                                        "nullable": true
                                                    },
                                                    "namePrefix": {
                                                        "type": "string",
                                                        "nullable": true
                                                    },
                                                    "familyName": {
                                                        "type": "string",
                                                        "nullable": true
                                                    },
                                                    "additionalFamilyName": {
                                                        "type": "string",
                                                        "nullable": true
                                                    },
                                                    "initialsName": {
                                                        "type": "string",
                                                        "nullable": true
                                                    },
                                                    "nonVerbalCommunicationLanguage": {
                                                        "type": "string",
                                                        "nullable": true
                                                    },
                                                    "buildingId": {
                                                        "type": "string",
                                                        "nullable": true
                                                    },
                                                    "floorId": {
                                                        "type": "string",
                                                        "nullable": true
                                                    },
                                                    "roomId": {
                                                        "type": "string",
                                                        "nullable": true
                                                    },
                                                    "preferredCommunicationMediumType": {
                                                        "type": "string",
                                                        "nullable": true
                                                    },
                                                    "departmentName": {
                                                        "type": "string",
                                                        "nullable": true
                                                    },
                                                    "functionalTitleName": {
                                                        "type": "string",
                                                        "nullable": true
                                                    },
                                                    "gender": {
                                                        "type": "string",
                                                        "nullable": true
                                                    }
                                                }
                                            }
                                        },
                                        "telephone": {
                                            "type": "array",
                                            "items": {
                                                "type": "object",
                                                "properties": {
                                                    "validFrom": {
                                                        "type": "string",
                                                        "format": "date",
                                                        "nullable": true
                                                    },
                                                    "validTo": {
                                                        "type": "string",
                                                        "format": "date",
                                                        "nullable": true
                                                    },
                                                    "formattedNumber": {
                                                        "type": "string",
                                                        "nullable": true
                                                    },
                                                    "isDefaultMobile": {
                                                        "type": "boolean",
                                                        "nullable": true
                                                    },
                                                    "isDefaultLandline": {
                                                        "type": "boolean",
                                                        "nullable": true
                                                    }
                                                }
                                            }
                                        },
                                        "facsimile": {
                                            "type": "array",
                                            "items": {
                                                "type": "object",
                                                "properties": {
                                                    "validFrom": {
                                                        "type": "string",
                                                        "format": "date",
                                                        "nullable": true
                                                    },
                                                    "validTo": {
                                                        "type": "string",
                                                        "format": "date",
                                                        "nullable": true
                                                    },
                                                    "formattedNumber": {
                                                        "type": "string",
                                                        "nullable": true
                                                    },
                                                    "isDefault": {
                                                        "type": "boolean",
                                                        "nullable": true
                                                    }
                                                }
                                            }
                                        },
                                        "email": {
                                            "type": "array",
                                            "items": {
                                                "type": "object",
                                                "properties": {
                                                    "validFrom": {
                                                        "type": "string",
                                                        "format": "date",
                                                        "nullable": true
                                                    },
                                                    "validTo": {
                                                        "type": "string",
                                                        "format": "date",
                                                        "nullable": true
                                                    },
                                                    "uri": {
                                                        "type": "string",
                                                        "nullable": true
                                                    },
                                                    "isDefault": {
                                                        "type": "boolean",
                                                        "nullable": true
                                                    }
                                                }
                                            }
                                        }
									}
                                }
                            }
                        }
                    }
                }
            },
            "ContactAddressReplicationInfile": {
                "title": "Contact Address Replication In file",
                "type": "object",
                "properties": {
                    "value": {
                        "type": "object",
                        "properties": {
                            "messageHeader": {
                                "type": "object",
                                "properties": {
                                    "id": {
                                        "type": "string",
                                        "nullable": true,
                                        "format": "uuid",
                                        "title": "ID"
                                    },
                                    "senderCommunicationSystemDisplayId": {
                                        "type": "string",
                                        "nullable": true,
                                        "title": "Sender Communication System Display ID"
                                    },
                                    "receiverCommunicationSystemDisplayId": {
                                        "type": "string",
                                        "nullable": true,
                                        "title": "Receiver Communication System Display ID"
                                    },
                                    "creationDateTime": {
                                        "type": "string",
                                        "format": "date-time",
                                        "nullable": true
                                    }
                                }
                            },
                            "messageRequests": {
                                "type": "array",
                                "items": {
                                    "type": "object",
                                    "properties": {
                                        "messageHeader": {
                                            "type": "object",
                                            "properties": {
                                                "id": {
                                                    "type": "string",
                                                    "nullable": true,
                                                    "format": "uuid",
                                                    "title": "ID"
                                                },
                                                "messageEntityName": {
                                                    "type": "string",
                                                    "nullable": true
                                                },
                                                "creationDateTime": {
                                                    "type": "string",
                                                    "format": "date-time",
                                                    "nullable": true
                                                },
                                                "actionCode": {
                                                    "type": "string",
                                                    "nullable": true,
                                                    "enum": ["CREATE", "DELETE", "SAVE", "QUERY"],
                                                    "title": "Action Code"
                                                },
                                                "referenceMessageRequestId": {
                                                    "type": "string",
                                                    "nullable": true,
                                                    "title": "Reference Message Request ID"
                                                }
                                            }
                                        },
                                        "body": {
                                            "type": "object",
                                            "properties": {
                                                "contactDisplayId": {
                                                    "type": "string",
                                                    "nullable": true
                                                },
                                                "customerDisplayId": {
                                                    "type": "string",
                                                    "nullable": true
                                                },
                                                "nameAndAddress": {
                                                    "type": "array",
                                                    "items": {
                                                        "type": "object",
                                                        "properties": {
                                                            "validFrom": {
                                                                "type": "string",
                                                                "format": "date",
                                                                "nullable": true
                                                            },
                                                            "validTo": {
                                                                "type": "string",
                                                                "format": "date",
                                                                "nullable": true
                                                            },
                                                            "addressRepresentation": {
                                                                "type": "string",
                                                                "nullable": true
                                                            },
                                                            "formOfAddress": {
                                                                "type": "string",
                                                                "nullable": true
                                                            },
                                                            "academicTitle": {
                                                                "type": "string",
                                                                "nullable": true
                                                            },
                                                            "givenName": {
                                                                "type": "string",
                                                                "nullable": true
                                                            },
                                                            "middleName": {
                                                                "type": "string",
                                                                "nullable": true
                                                            },
                                                            "namePrefix": {
                                                                "type": "string",
                                                                "nullable": true
                                                            },
                                                            "familyName": {
                                                                "type": "string",
                                                                "nullable": true
                                                            },
                                                            "additionalFamilyName": {
                                                                "type": "string",
                                                                "nullable": true
                                                            },
                                                            "initialsName": {
                                                                "type": "string",
                                                                "nullable": true
                                                            },
                                                            "nonVerbalCommunicationLanguage": {
                                                                "type": "string",
                                                                "nullable": true
                                                            },
                                                            "buildingId": {
                                                                "type": "string",
                                                                "nullable": true
                                                            },
                                                            "floorId": {
                                                                "type": "string",
                                                                "nullable": true
                                                            },
                                                            "roomId": {
                                                                "type": "string",
                                                                "nullable": true
                                                            },
                                                            "preferredCommunicationMediumType": {
                                                                "type": "string",
                                                                "nullable": true
                                                            },
                                                            "departmentName": {
                                                                "type": "string",
                                                                "nullable": true
                                                            },
                                                            "functionalTitleName": {
                                                                "type": "string",
                                                                "nullable": true
                                                            },
                                                            "gender": {
                                                                "type": "string",
                                                                "nullable": true
                                                            }
                                                        }
                                                    }
                                                },
                                                "telephone": {
                                                    "type": "array",
                                                    "items": {
                                                        "type": "object",
                                                        "properties": {
                                                            "validFrom": {
                                                                "type": "string",
                                                                "format": "date",
                                                                "nullable": true
                                                            },
                                                            "validTo": {
                                                                "type": "string",
                                                                "format": "date",
                                                                "nullable": true
                                                            },
                                                            "formattedNumber": {
                                                                "type": "string",
                                                                "nullable": true
                                                            },
                                                            "isDefaultMobile": {
                                                                "type": "boolean",
                                                                "nullable": true
                                                            },
                                                            "isDefaultLandline": {
                                                                "type": "boolean",
                                                                "nullable": true
                                                            }
                                                        }
                                                    }
                                                },
                                                "facsimile": {
                                                    "type": "array",
                                                    "items": {
                                                        "type": "object",
                                                        "properties": {
                                                            "validFrom": {
                                                                "type": "string",
                                                                "format": "date",
                                                                "nullable": true
                                                            },
                                                            "validTo": {
                                                                "type": "string",
                                                                "format": "date",
                                                                "nullable": true
                                                            },
                                                            "formattedNumber": {
                                                                "type": "string",
                                                                "nullable": true
                                                            },
                                                            "isDefault": {
                                                                "type": "boolean",
                                                                "nullable": true
                                                            }
                                                        }
                                                    }
                                                },
                                                "email": {
                                                    "type": "array",
                                                    "items": {
                                                        "type": "object",
                                                        "properties": {
                                                            "validFrom": {
                                                                "type": "string",
                                                                "format": "date",
                                                                "nullable": true
                                                            },
                                                            "validTo": {
                                                                "type": "string",
                                                                "format": "date",
                                                                "nullable": true
                                                            },
                                                            "uri": {
                                                                "type": "string",
                                                                "nullable": true
                                                            },
                                                            "isDefault": {
                                                                "type": "boolean",
                                                                "nullable": true
                                                            }
                                                        }
                                                    }
                                                }
											}
                                        }
                                    }
                                }
                            }
                        }
                    }
                }
            }
        }
    },
    "security": [{
            "basicAuthentication": []
        }
    ],
    "paths": {
        "/sap/c4c/api/v1/inbound-data-connector-service/messages/sap.crm.md.integrationmetadataservice.entity.contactAddressERPReplicationMessageIn": {
            "post": {
                "operationId": "createmd.integrationmetadataservice_contactAddressERPReplicationIn",
                "tags": ["ContactAddressERPReplicationIn"],
                "summary": "Create data",
                "parameters": [],
                "requestBody": {
                    "content": {
                        "application/json": {
                            "schema": {
                                "$ref": "#/components/schemas/ContactAddressReplicationIncreaterequest"
                            }
                        }
                    }
                },
                "responses": {
                    "201": {
                        "description": "201 CREATED",
                        "content": {
                            "application/json": {
                                "schema": {
                                    "$ref": "#/components/schemas/ContactAddressReplicationInfile"
                                }
                            }
                        }
                    },
                    "400": {
                        "description": "400 BAD_REQUEST",
                        "content": {
                            "application/json": {
                                "schema": {
                                    "$ref": "#/components/schemas/error"
                                }
                            }
                        }
                    },
                    "401": {
                        "description": "401 UNAUTHORIZED"
                    },
                    "403": {
                        "description": "403 FORBIDDEN"
                    },
                    "404": {
                        "description": "404 NOT_FOUND"
                    },
                    "500": {
                        "description": "500 INTERNAL_SERVER_ERROR",
                        "content": {
                            "application/json": {
                                "schema": {
                                    "$ref": "#/components/schemas/error"
                                }
                            }
                        }
                    }
                }
            }
        }
    },
    "x-sap-shortText": "Manage entities from Contact Address Replication In service."
}
