{"openapi":"3.0.3","info":{"title":"Employee Replication In","version":"1.0.0","description":"Replicate Employee from SAP SuccessFactors Employee Central"},"servers":[{"url":"https://{hostname}","description":"Example of server url is https://my1234567.crm.cloud.sap","variables":{"hostname":{"default":""}}}],"components":{"securitySchemes":{"basicAuthentication":{"type":"http","scheme":"basic"}},"schemas":{"error":{"type":"object","properties":{"error":{"type":"object","properties":{"code":{"type":"string"},"details":{"type":"array","items":{"type":"object","properties":{"message":{"type":"string"},"code":{"type":"string"},"target":{"type":"string"}}}},"message":{"type":"string"},"target":{"type":"string"}}}}},"EmployeeReplicationIncreaterequest":{"title":"Employee Replication In create request","type":"object","properties":{"messageHeader":{"type":"object","properties":{"id":{"type":"string","format":"uuid"},"senderCommunicationSystemDisplayId":{"type":"string"},"receiverCommunicationSystemDisplayId":{"type":"string"},"creationDateTime":{"type":"string","format":"date-time"}}},"messageRequests":{"type":"array","items":{"type":"object","properties":{"messageHeader":{"type":"object","properties":{"id":{"type":"string","format":"uuid"},"messageEntityName":{"type":"string"},"creationDateTime":{"type":"string","format":"date-time"},"actionCode":{"type":"string","enum":["CREATE","DELETE","SAVE","QUERY"]},"referenceMessageRequestId":{"type":"string"}}},"body":{"type":"object","properties":{"displayId":{"type":"string"},"receiverDisplayId":{"type":"string"},"employeeType":{"type":"string"},"personalInfo":{"type":"array","items":{"type":"object","properties":{"endDate":{"type":"string","format":"date"},"startDate":{"type":"string","format":"date"},"academicTitle":{"type":"string"},"formOfAddress":{"type":"string"},"gender":{"type":"string"},"dateOfBirth":{"type":"string","format":"date"},"country":{"type":"string"},"maritalStatus":{"type":"string"},"lastName":{"type":"string"},"firstName":{"type":"string"},"middleName":{"type":"string"}}}},"email":{"type":"array","items":{"type":"object","properties":{"uri":{"type":"string"}}}},"telephone":{"type":"array","items":{"type":"object","properties":{"phone":{"type":"string"}}}},"extensions":{"type":"object","properties":{"ZCHSharingTest":{"type":"string","format":"date-time"}}}}}}}}}},"EmployeeReplicationInfile":{"title":"Employee Replication In file","type":"object","properties":{"value":{"type":"object","properties":{"messageHeader":{"type":"object","properties":{"id":{"type":"string","format":"uuid"},"senderCommunicationSystemDisplayId":{"type":"string"},"receiverCommunicationSystemDisplayId":{"type":"string"},"creationDateTime":{"type":"string","format":"date-time"}}},"messageRequests":{"type":"array","items":{"type":"object","properties":{"messageHeader":{"type":"object","properties":{"id":{"type":"string","format":"uuid"},"messageEntityName":{"type":"string"},"creationDateTime":{"type":"string","format":"date-time"},"actionCode":{"type":"string","enum":["CREATE","DELETE","SAVE","QUERY"]},"referenceMessageRequestId":{"type":"string"}}},"body":{"type":"object","properties":{"displayId":{"type":"string"},"receiverDisplayId":{"type":"string"},"employeeType":{"type":"string"},"personalInfo":{"type":"array","items":{"type":"object","properties":{"endDate":{"type":"string","format":"date"},"startDate":{"type":"string","format":"date"},"academicTitle":{"type":"string"},"formOfAddress":{"type":"string"},"gender":{"type":"string"},"dateOfBirth":{"type":"string","format":"date"},"country":{"type":"string"},"maritalStatus":{"type":"string"},"lastName":{"type":"string"},"firstName":{"type":"string"},"middleName":{"type":"string"}}}},"email":{"type":"array","items":{"type":"object","properties":{"uri":{"type":"string"}}}},"telephone":{"type":"array","items":{"type":"object","properties":{"phone":{"type":"string"}}}},"extensions":{"type":"object","properties":{"ZCHSharingTest":{"type":"string","format":"date-time"}}}}}}}}}}}}}},"security":[{"basicAuthentication":[]}],"paths":{"/sap/c4c/api/v1/inbound-data-connector-service/messages/sap.crm.md.integrationmetadataservice.entity.employeeECReplicationMessageIn":{"parameters":[{"name":"x-sap-crm-token","in":"header","required":true,"schema":{"type":"string"}}],"post":{"operationId":"createmd.integrationmetadataservice_employeeECReplicationIn","tags":["EmployeeECReplicationIn"],"summary":"Create data","parameters":[],"requestBody":{"content":{"application/json":{"schema":{"$ref":"#/components/schemas/EmployeeReplicationIncreaterequest"}}}},"responses":{"201":{"description":"201 CREATED","content":{"application/json":{"schema":{"$ref":"#/components/schemas/EmployeeReplicationInfile"}}}},"400":{"description":"400 BAD_REQUEST","content":{"application/json":{"schema":{"$ref":"#/components/schemas/error"}}}},"401":{"description":"401 UNAUTHORIZED"},"403":{"description":"403 FORBIDDEN"},"404":{"description":"404 NOT_FOUND"},"500":{"description":"500 INTERNAL_SERVER_ERROR","content":{"application/json":{"schema":{"$ref":"#/components/schemas/error"}}}}}}}},"x-sap-shortText":"Manage entities from Employee Replication In service."}