<?xml version="1.0" encoding="utf-8"?>
<edmx:Edmx Version="1.0"
	xmlns:edmx="http://schemas.microsoft.com/ado/2007/06/edmx"
	xmlns:m="http://schemas.microsoft.com/ado/2007/08/dataservices/metadata"
	xmlns:sap="http://www.sap.com/Protocols/SAPData">
	<edmx:DataServices m:DataServiceVersion="2.0">
		<Schema Namespace="SOMI_DEFINE_SUBJECT" xml:lang="en"
			sap:schema-version="1" xmlns="http://schemas.microsoft.com/ado/2008/09/edm">
			<EntityType Name="BOType" sap:content-version="1">
				<Key>
					<PropertyRef Name="ObjectTypeCode" />
				</Key>
				<Property Name="ObjectTypeCode" Type="Edm.String" Nullable="false"
					sap:creatable="false" sap:updatable="false" sap:sortable="false"
					sap:filterable="false" />
				<Property Name="ObjectTypeDescription" Type="Edm.String"
					Nullable="false" sap:creatable="false" sap:updatable="false"
					sap:sortable="false" sap:filterable="false" />
			</EntityType>
			<EntityType Name="DataProviderConfig" sap:content-version="1">
				<Key>
					<PropertyRef Name="SocialMediaDataProviderCode" />
				</Key>
				<Property Name="SocialMediaDataProviderCode" Type="Edm.String"
					Nullable="false" MaxLength="4" sap:label="Provider Code"
					sap:creatable="false" sap:updatable="false" sap:sortable="false"
					sap:filterable="false" />
				<Property Name="IsSocialMediaDataProviderActivated" Type="Edm.String"
					Nullable="false" MaxLength="1" sap:label="Checkbox" sap:creatable="false"
					sap:updatable="false" sap:sortable="false" sap:filterable="false" />
			</EntityType>
			<EntityType Name="Channel" sap:content-version="1">
				<Key>
					<PropertyRef Name="SocialMediaChannelCode" />
					<PropertyRef Name="SocialMediaDataProviderCode" />
				</Key>
				<Property Name="SocialMediaChannelCode" Type="Edm.String"
					Nullable="false" MaxLength="4" sap:label="Channel Code"
					sap:creatable="false" sap:updatable="false" sap:sortable="false"
					sap:filterable="false" />
				<Property Name="SocialMediaChannelDescription" Type="Edm.String"
					Nullable="false" MaxLength="100" sap:label="Channel Description"
					sap:creatable="false" sap:updatable="false" sap:sortable="false"
					sap:filterable="false" />
				<Property Name="SocialMediaDataProviderCode" Type="Edm.String"
					Nullable="false" MaxLength="4" sap:label="Provider Code"
					sap:creatable="false" sap:updatable="false" sap:sortable="false"
					sap:filterable="false" />
			</EntityType>
			<EntityType Name="Language" sap:content-version="1">
				<Key>
					<PropertyRef Name="LanguageCode" />
				</Key>
				<Property Name="LanguageCode" Type="Edm.String" Nullable="false"
					MaxLength="2" sap:label="Language" sap:creatable="false"
					sap:updatable="false" sap:sortable="false" sap:filterable="false" />
				<Property Name="LanguageDescription" Type="Edm.String"
					Nullable="false" MaxLength="10" sap:label="Language Description"
					sap:creatable="false" sap:updatable="false" sap:sortable="false"
					sap:filterable="false" />
			</EntityType>
			<EntityType Name="SocialUser" sap:content-version="1">
				<Key>
					<PropertyRef Name="SocialMediaChannelCode" />
					<PropertyRef Name="SocialMediaUserAccount" />
				</Key>
				<Property Name="SocialMediaChannelCode" Type="Edm.String"
					Nullable="false" MaxLength="4" sap:label="Channel Code"
					sap:creatable="false" sap:updatable="false" sap:sortable="false"
					sap:filterable="false" />
				<Property Name="SocialMediaUserAccount" Type="Edm.String"
					Nullable="false" MaxLength="100" sap:label="Social User Account"
					sap:creatable="false" sap:updatable="false" sap:sortable="false"
					sap:filterable="false" />
				<Property Name="SocialMediaUser" Type="Edm.String"
					Nullable="false" MaxLength="50" sap:label="Social User ID"
					sap:creatable="false" sap:updatable="false" sap:sortable="false"
					sap:filterable="false" />
				<Property Name="SocialMediaChannelDescription" Type="Edm.String"
					Nullable="false" MaxLength="100" sap:label="Channel Description"
					sap:creatable="false" sap:updatable="false" sap:sortable="false"
					sap:filterable="false" />
				<Property Name="SocialMediaUserEmail" Type="Edm.String"
					Nullable="false" MaxLength="255" sap:label="E-mail Address"
					sap:creatable="false" sap:updatable="false" sap:sortable="false"
					sap:filterable="false" />
				<Property Name="SocialMediaUserName" Type="Edm.String"
					Nullable="false" MaxLength="255" sap:label="Social User Name"
					sap:creatable="false" sap:updatable="false" sap:sortable="false"
					sap:filterable="false" />
			</EntityType>
			<EntityType Name="SubjectStatistics" sap:content-version="1">
				<Key>
					<PropertyRef Name="SubjectCode" />
				</Key>
				<Property Name="SubjectCode" Type="Edm.String" Nullable="false"
					MaxLength="4" sap:label="Search Term ID" sap:creatable="false"
					sap:updatable="false" sap:sortable="false" sap:filterable="false" />
				<Property Name="SocialPostCount" Type="Edm.Int16" Nullable="false"
					sap:creatable="false" sap:updatable="false" sap:sortable="false"
					sap:filterable="false" />
				<Property Name="SocialMediaChannelCode" Type="Edm.String"
					Nullable="false" MaxLength="4" sap:label="Channel Code"
					sap:creatable="false" sap:updatable="false" sap:sortable="false"
					sap:filterable="false" />
				<Property Name="SocialMediaPostCreationDate" Type="Edm.DateTime"
					Nullable="false" Precision="0" sap:label="Creation Date-Time"
					sap:creatable="false" sap:updatable="false" sap:sortable="false"
					sap:filterable="false" />
				<Property Name="SubjectDescription" Type="Edm.String"
					Nullable="false" MaxLength="50" sap:label="Search Term Text"
					sap:creatable="false" sap:updatable="false" sap:sortable="false"
					sap:filterable="false" />
			</EntityType>
			<EntityType Name="SubjChannel" sap:content-version="1">
				<Key>
					<PropertyRef Name="SubjectCode" />
					<PropertyRef Name="SocialMediaChannelCode" />
				</Key>
				<Property Name="SubjectCode" Type="Edm.String" Nullable="false"
					MaxLength="4" sap:label="Search Term ID" sap:creatable="false"
					sap:updatable="false" sap:sortable="false" sap:filterable="false" />
				<Property Name="SocialMediaChannelCode" Type="Edm.String"
					Nullable="false" MaxLength="4" sap:label="Channel Code"
					sap:creatable="false" sap:updatable="false" sap:sortable="false"
					sap:filterable="false" />
			</EntityType>
			<EntityType Name="SubjLanguage" sap:content-version="1">
				<Key>
					<PropertyRef Name="SubjectCode" />
					<PropertyRef Name="LanguageCode" />
				</Key>
				<Property Name="SubjectCode" Type="Edm.String" Nullable="false"
					MaxLength="4" sap:label="Search Term ID" sap:creatable="false"
					sap:updatable="false" sap:sortable="false" sap:filterable="false" />
				<Property Name="LanguageCode" Type="Edm.String" Nullable="false"
					MaxLength="2" sap:label="Language" sap:creatable="false"
					sap:updatable="false" sap:sortable="false" sap:filterable="false" />
			</EntityType>
			<EntityType Name="SubjBOMap" sap:content-version="1">
				<Key>
					<PropertyRef Name="SubjectCode" />
					<PropertyRef Name="ObjectTypeCode" />
					<PropertyRef Name="ObjectID" />
				</Key>
				<Property Name="SubjectCode" Type="Edm.String" Nullable="false"
					MaxLength="4" sap:label="Search Term ID" sap:creatable="false"
					sap:updatable="false" sap:sortable="false" sap:filterable="false" />
				<Property Name="ObjectTypeCode" Type="Edm.String" Nullable="false"
					MaxLength="5" sap:label="Object Type" sap:creatable="false"
					sap:updatable="false" sap:sortable="false" sap:filterable="false" />
				<Property Name="ObjectTypeDescription" Type="Edm.String"
					Nullable="false" MaxLength="50" sap:label="Obj.Type Description"
					sap:creatable="false" sap:updatable="false" sap:sortable="false"
					sap:filterable="false" />
				<Property Name="ObjectID" Type="Edm.String" Nullable="false"
					MaxLength="40" sap:label="Object ID" sap:creatable="false"
					sap:updatable="false" sap:sortable="false" sap:filterable="false" />
			</EntityType>
			<EntityType Name="Subject" sap:content-version="1">
				<Key>
					<PropertyRef Name="SubjectCode" />
				</Key>
				<Property Name="SubjectCode" Type="Edm.String" Nullable="false"
					MaxLength="4" sap:label="Search Term ID" sap:creatable="false"
					sap:updatable="false" sap:sortable="false" sap:filterable="false" />
				<Property Name="SubjectDescription" Type="Edm.String"
					Nullable="false" MaxLength="50" sap:label="Search Term Text"
					sap:creatable="false" sap:updatable="false" sap:sortable="false"
					sap:filterable="false" />
				<Property Name="IsSubjectExcludedFromQuery" Type="Edm.String"
					Nullable="false" MaxLength="1" sap:label="Exclude SrchTrm"
					sap:creatable="false" sap:updatable="false" sap:sortable="false"
					sap:filterable="false" />
				<Property Name="IsCustomizeSettingSelected" Type="Edm.String"
					Nullable="false" MaxLength="1" sap:label="SrchTrmCustom"
					sap:creatable="false" sap:updatable="false" sap:sortable="false"
					sap:filterable="false" />
				<Property Name="IsHashKeySettingSelected" Type="Edm.String"
					Nullable="false" MaxLength="1" sap:label="SrchTrmHashKey"
					sap:creatable="false" sap:updatable="false" sap:sortable="false"
					sap:filterable="false" />
				<Property Name="HashKeyfromSocialMediaDataProvider" Type="Edm.String"
					Nullable="false" MaxLength="50" sap:label="Explanation"
					sap:creatable="false" sap:updatable="false" sap:sortable="false"
					sap:filterable="false" />
				<Property Name="HasAllSocialUsersQueried" Type="Edm.String"
					Nullable="false" MaxLength="1" sap:creatable="false" sap:updatable="false"
					sap:sortable="false" sap:filterable="false" />
				<Property Name="HasAllowedSocialUsersQueried" Type="Edm.String"
					Nullable="false" MaxLength="1" sap:creatable="false" sap:updatable="false"
					sap:sortable="false" sap:filterable="false" />
				<Property Name="IsHarvestingEnabledforSubject" Type="Edm.String"
					Nullable="false" MaxLength="1" sap:label="Is Query Active"
					sap:creatable="false" sap:updatable="false" sap:sortable="false" />
				<Property Name="HasAllLanguageQueried" Type="Edm.String"
					Nullable="false" MaxLength="1" sap:label="SrchTrmLanSetg"
					sap:creatable="false" sap:updatable="false" sap:sortable="false"
					sap:filterable="false" />
				<Property Name="HasAllChannelQueried" Type="Edm.String"
					Nullable="false" MaxLength="1" sap:label="SrchTrmChnlSetg"
					sap:creatable="false" sap:updatable="false" sap:sortable="false"
					sap:filterable="false" />
				<Property Name="DummySubjSetgIncl" Type="Edm.String"
					Nullable="false" MaxLength="1" sap:label="Dummy function in length 1"
					sap:creatable="false" sap:updatable="false" sap:sortable="false"
					sap:filterable="false" />
				<NavigationProperty Name="SubjectToSubjChannel"
					Relationship="SOMI_DEFINE_SUBJECT.Subject_SubjChannel" FromRole="FromRole_Subject_SubjChannel"
					ToRole="ToRole_Subject_SubjChannel" />
				<NavigationProperty Name="SubjectToSubjLang"
					Relationship="SOMI_DEFINE_SUBJECT.Subject_SubjLang" FromRole="FromRole_Subject_SubjLang"
					ToRole="ToRole_Subject_SubjLang" />
				<NavigationProperty Name="SubjectToSubjBOMap"
					Relationship="SOMI_DEFINE_SUBJECT.Subject_SubjBOMap" FromRole="FromRole_Subject_SubjBOMap"
					ToRole="ToRole_Subject_SubjBOMap" />
			</EntityType>
			<Association Name="Subject_SubjChannel"
				sap:content-version="1">
				<End Type="SOMI_DEFINE_SUBJECT.Subject" Multiplicity="1"
					Role="FromRole_Subject_SubjChannel" />
				<End Type="SOMI_DEFINE_SUBJECT.SubjChannel" Multiplicity="*"
					Role="ToRole_Subject_SubjChannel" />
				<ReferentialConstraint>
					<Principal Role="FromRole_Subject_SubjChannel">
						<PropertyRef Name="SubjectCode" />
					</Principal>
					<Dependent Role="ToRole_Subject_SubjChannel">
						<PropertyRef Name="SubjectCode" />
					</Dependent>
				</ReferentialConstraint>
			</Association>
			<Association Name="Subject_SubjLang" sap:content-version="1">
				<End Type="SOMI_DEFINE_SUBJECT.Subject" Multiplicity="1"
					Role="FromRole_Subject_SubjLang" />
				<End Type="SOMI_DEFINE_SUBJECT.SubjLanguage" Multiplicity="*"
					Role="ToRole_Subject_SubjLang" />
				<ReferentialConstraint>
					<Principal Role="FromRole_Subject_SubjLang">
						<PropertyRef Name="SubjectCode" />
					</Principal>
					<Dependent Role="ToRole_Subject_SubjLang">
						<PropertyRef Name="SubjectCode" />
					</Dependent>
				</ReferentialConstraint>
			</Association>
			<Association Name="Subject_SubjBOMap"
				sap:content-version="1">
				<End Type="SOMI_DEFINE_SUBJECT.Subject" Multiplicity="1"
					Role="FromRole_Subject_SubjBOMap" />
				<End Type="SOMI_DEFINE_SUBJECT.SubjBOMap" Multiplicity="*"
					Role="ToRole_Subject_SubjBOMap" />
				<ReferentialConstraint>
					<Principal Role="FromRole_Subject_SubjBOMap">
						<PropertyRef Name="SubjectCode" />
					</Principal>
					<Dependent Role="ToRole_Subject_SubjBOMap">
						<PropertyRef Name="SubjectCode" />
					</Dependent>
				</ReferentialConstraint>
			</Association>
			<EntityContainer Name="SOMI_DEFINE_SUBJECT_Entities"
				m:IsDefaultEntityContainer="true" sap:supported-formats="atom json xlsx">
				<EntitySet Name="DataProviderConfigSet" EntityType="SOMI_DEFINE_SUBJECT.DataProviderConfig"
					sap:creatable="false" sap:updatable="false" sap:deletable="false"
					sap:pageable="false" sap:addressable="false" sap:content-version="1" />
				<EntitySet Name="ChannelSet" EntityType="SOMI_DEFINE_SUBJECT.Channel"
					sap:creatable="false" sap:updatable="false" sap:deletable="false"
					sap:pageable="false" sap:content-version="1" />
				<EntitySet Name="LanguageSet" EntityType="SOMI_DEFINE_SUBJECT.Language"
					sap:creatable="false" sap:updatable="false" sap:deletable="false"
					sap:pageable="false" sap:content-version="1" />
				<EntitySet Name="SocialUserSet" EntityType="SOMI_DEFINE_SUBJECT.SocialUser"
					sap:creatable="false" sap:updatable="false" sap:deletable="false"
					sap:pageable="false" sap:content-version="1" />
				<EntitySet Name="SubjectStatisticsSet" EntityType="SOMI_DEFINE_SUBJECT.SubjectStatistics"
					sap:creatable="false" sap:updatable="false" sap:deletable="false"
					sap:pageable="false" sap:content-version="1" />
				<EntitySet Name="SubjChannelSet" EntityType="SOMI_DEFINE_SUBJECT.SubjChannel"
					sap:creatable="false" sap:updatable="false" sap:deletable="false"
					sap:pageable="false" sap:content-version="1" />
				<EntitySet Name="SubjLanguageSet" EntityType="SOMI_DEFINE_SUBJECT.SubjLanguage"
					sap:creatable="false" sap:updatable="false" sap:deletable="false"
					sap:pageable="false" sap:content-version="1" />
				<EntitySet Name="SubjBOMapSet" EntityType="SOMI_DEFINE_SUBJECT.SubjBOMap"
					sap:creatable="false" sap:updatable="false" sap:deletable="false"
					sap:pageable="false" sap:content-version="1" />
				<EntitySet Name="SubjectSet" EntityType="SOMI_DEFINE_SUBJECT.Subject"
					sap:creatable="false" sap:updatable="false" sap:deletable="false"
					sap:pageable="false" sap:content-version="1" />
				<EntitySet Name="BOTypeSet" EntityType="SOMI_DEFINE_SUBJECT.BOType"
					sap:creatable="false" sap:updatable="false" sap:deletable="false"
					sap:pageable="false" sap:content-version="1" />
				<AssociationSet Name="Subject_SubjChannelSet"
					Association="SOMI_DEFINE_SUBJECT.Subject_SubjChannel"
					sap:creatable="false" sap:updatable="false" sap:deletable="false"
					sap:content-version="1">
					<End EntitySet="SubjectSet" Role="FromRole_Subject_SubjChannel" />
					<End EntitySet="SubjChannelSet" Role="ToRole_Subject_SubjChannel" />
				</AssociationSet>
				<AssociationSet Name="Subject_SubjBOMapSet"
					Association="SOMI_DEFINE_SUBJECT.Subject_SubjBOMap" sap:creatable="false"
					sap:updatable="false" sap:deletable="false" sap:content-version="1">
					<End EntitySet="SubjectSet" Role="FromRole_Subject_SubjBOMap" />
					<End EntitySet="SubjBOMapSet" Role="ToRole_Subject_SubjBOMap" />
				</AssociationSet>
				<AssociationSet Name="Subject_SubjLangSet"
					Association="SOMI_DEFINE_SUBJECT.Subject_SubjLang" sap:creatable="false"
					sap:updatable="false" sap:deletable="false" sap:content-version="1">
					<End EntitySet="SubjectSet" Role="FromRole_Subject_SubjLang" />
					<End EntitySet="SubjLanguageSet" Role="ToRole_Subject_SubjLang" />
				</AssociationSet>
				<FunctionImport Name="CheckDataProviderState"
					ReturnType="SOMI_DEFINE_SUBJECT.DataProviderConfig" EntitySet="DataProviderConfigSet"
					m:HttpMethod="GET">
					<Parameter Name="SocialMediaDataProviderCode" Type="Edm.String"
						Mode="In" MaxLength="4" />
				</FunctionImport>
				<FunctionImport Name="FillSubjectId" ReturnType="SOMI_DEFINE_SUBJECT.Subject"
					EntitySet="SubjectSet" m:HttpMethod="GET" />
			</EntityContainer>
			<atom:link rel="self"
				href="https://ldcibfi.wdf.sap.corp:44317/sap/opu/odata/SAP/SOMI_DEFINE_SUBJECT/$metadata"
				xmlns:atom="http://www.w3.org/2005/Atom" />
			<atom:link rel="latest-version"
				href="https://ldcibfi.wdf.sap.corp:44317/sap/opu/odata/SAP/SOMI_DEFINE_SUBJECT/$metadata"
				xmlns:atom="http://www.w3.org/2005/Atom" />
		</Schema>
	</edmx:DataServices>
</edmx:Edmx>