<?xml version="1.0" encoding="utf-8"?><edmx:Edmx Version="1.0" xmlns:edmx="http://schemas.microsoft.com/ado/2007/06/edmx" xmlns:m="http://schemas.microsoft.com/ado/2007/08/dataservices/metadata" xmlns:sap="http://www.sap.com/Protocols/SAPData"><edmx:DataServices m:DataServiceVersion="2.0"><Schema Namespace="CUAN_BUSINESS_DOCUMENT_IMP_SRV" xml:lang="de" sap:schema-version="1" xmlns="http://schemas.microsoft.com/ado/2008/09/edm"><EntityType Name="ImportHeader" sap:content-version="1"><Key><PropertyRef Name="Id"/></Key><Property Name="Id" Type="Edm.String" Nullable="false" MaxLength="32" sap:label="ID" sap:updatable="false"/><Property Name="Timestamp" Type="Edm.DateTime" Precision="7" sap:label="Zeitstempel" sap:updatable="false"/><Property Name="SourceSystemType" Type="Edm.String" MaxLength="20" sap:label="Quellsystemtyp" sap:updatable="false"/><Property Name="SourceSystemId" Type="Edm.String" MaxLength="20" sap:label="Quellsystem-ID" sap:updatable="false"/><NavigationProperty Name="BusinessDocuments" Relationship="CUAN_BUSINESS_DOCUMENT_IMP_SRV.HeaderBusinessDocument" FromRole="FromRole_HeaderBusinessDocument" ToRole="ToRole_HeaderBusinessDocument" sap:label="Geschäftsbelege"/></EntityType><EntityType Name="BusinessDocument" sap:content-version="1"><Key><PropertyRef Name="Id"/></Key><Property Name="Id" Type="Edm.String" Nullable="false" MaxLength="32" sap:label="Schlüssel" sap:updatable="false"/><Property Name="ContactIdOrigin" Type="Edm.String" MaxLength="20" sap:label="Kontakt-ID-Herkunft" sap:updatable="false"/><Property Name="ContactId" Type="Edm.String" MaxLength="255" sap:label="Kontakt-ID" sap:updatable="false"/><Property Name="InternalContactId" Type="Edm.String" MaxLength="255" sap:label="Interne Kontakt-ID" sap:updatable="false"/><Property Name="InternalObjectType" Type="Edm.String" MaxLength="20" sap:label="Geschäftsbelegart" sap:updatable="false"/><Property Name="ExternalObjectType" Type="Edm.String" MaxLength="30" sap:label="Interner Objekttyp" sap:updatable="false"/><Property Name="ExternalId" Type="Edm.String" MaxLength="50" sap:label="Externe ID" sap:updatable="false"/><Property Name="ExternalStatusCode" Type="Edm.String" MaxLength="2" sap:label="Statuscode" sap:updatable="false"/><Property Name="ExternalTimeStamp" Type="Edm.DateTime" Precision="7" sap:label="Externer Zeitstempel" sap:updatable="false"/><Property Name="Content" Type="Edm.String" sap:label="Geschäftsbeleginhalt" sap:updatable="false" sap:sortable="false"/><Property Name="ExpectedRevenue" Type="Edm.Decimal" Precision="31" Scale="2" sap:unit="Currency" sap:label="Erwarteter Umsatz" sap:updatable="false"/><Property Name="Currency" Type="Edm.String" MaxLength="5" sap:label="Währung" sap:updatable="false" sap:semantics="currency-code"/><Property Name="PredecessorId" Type="Edm.String" MaxLength="50" sap:label="Vorgänger-ID" sap:updatable="false"/><Property Name="ActionCode" Type="Edm.String" MaxLength="2" sap:label="Aktionscode" sap:updatable="false"/><Property Name="ContentTitle" Type="Edm.String" MaxLength="255" sap:label="Inhaltstitel" sap:updatable="false"/><Property Name="EndTimeStamp" Type="Edm.DateTime" Precision="7" sap:label="Endzeitstempel" sap:updatable="false"/><Property Name="Reason" Type="Edm.String" MaxLength="20" sap:label="Grund" sap:updatable="false"/><Property Name="ExternalAdditionalId" Type="Edm.String" MaxLength="50" sap:label="Externe Zusatz-ID" sap:updatable="false"/><Property Name="Amount" Type="Edm.Decimal" Precision="31" Scale="2" sap:unit="Currency" sap:label="Erwarteter Umsatz" sap:updatable="false"/><Property Name="StatusCode" Type="Edm.String" MaxLength="2" sap:label="Interaction Status" sap:updatable="false"/><NavigationProperty Name="Company" Relationship="CUAN_BUSINESS_DOCUMENT_IMP_SRV.BusinessDocumentCompany" FromRole="FromRole_BusinessDocumentCompany" ToRole="ToRole_BusinessDocumentCompany"/><NavigationProperty Name="Person" Relationship="CUAN_BUSINESS_DOCUMENT_IMP_SRV.BusinessDocumentPerson" FromRole="FromRole_BusinessDocumentPerson" ToRole="ToRole_BusinessDocumentPerson"/><NavigationProperty Name="AdditionalObjectReferences" Relationship="CUAN_BUSINESS_DOCUMENT_IMP_SRV.BusinessDocumentAdditionalObjectRef" FromRole="FromRole_BusinessDocumentAdditionalObjectRef" ToRole="ToRole_BusinessDocumentAdditionalObjectRef" sap:label="Zusätzliche Objektreferenzen"/><NavigationProperty Name="Offers" Relationship="CUAN_BUSINESS_DOCUMENT_IMP_SRV.BusinessDocumentOffer" FromRole="FromRole_BusinessDocumentOffer" ToRole="ToRole_BusinessDocumentOffer" sap:label="Angebote"/><NavigationProperty Name="ProductItems" Relationship="CUAN_BUSINESS_DOCUMENT_IMP_SRV.BusinessDocumentProductItem" FromRole="FromRole_BusinessDocumentProductItem" ToRole="ToRole_BusinessDocumentProductItem"/></EntityType><EntityType Name="Company" sap:content-version="1"><Key><PropertyRef Name="Id"/><PropertyRef Name="IdOrigin"/></Key><Property Name="Id" Type="Edm.String" Nullable="false" MaxLength="100" sap:label="Unternehmens-ID"/><Property Name="IdOrigin" Type="Edm.String" Nullable="false" MaxLength="20" sap:label="Unternehmens-ID-Herkunft"/><Property Name="InternalId" Type="Edm.String" Nullable="false" MaxLength="100" sap:label="yMKT-Unternehmens-ID"/><Property Name="LastChangeDate" Type="Edm.DateTime" Nullable="false" Precision="7" sap:label="Letztes Änderungsdatum"/><Property Name="CompanyName" Type="Edm.String" MaxLength="80" sap:label=""/><Property Name="CountryCode" Type="Edm.String" MaxLength="3" sap:label="Ländercode"/><Property Name="RegionCode" Type="Edm.String" MaxLength="3" sap:label="Regionscode"/><Property Name="CityName" Type="Edm.String" MaxLength="40" sap:label="Ortsname"/><Property Name="PostalCode" Type="Edm.String" MaxLength="10" sap:label="Postleitzahl"/><Property Name="Street" Type="Edm.String" MaxLength="60" sap:label="Straße"/><Property Name="HouseNumber" Type="Edm.String" MaxLength="10" sap:label="Hausnummer"/><Property Name="EmailAddress" Type="Edm.String" MaxLength="241" sap:label="E-Mail-Adresse"/><Property Name="PhoneNumber" Type="Edm.String" MaxLength="30" sap:label="Telefonnummer"/><Property Name="FaxNumber" Type="Edm.String" MaxLength="30" sap:label="Faxnummer"/><Property Name="WebSite" Type="Edm.String" MaxLength="1000" sap:label="Web-URI"/><Property Name="IndustryCode" Type="Edm.String" MaxLength="4" sap:label="Branchencode"/><Property Name="LanguageCode" Type="Edm.String" MaxLength="2" sap:label="Bevorzugter Sprachcode"/></EntityType><EntityType Name="Person" sap:content-version="1"><Key><PropertyRef Name="Id"/><PropertyRef Name="IdOrigin"/></Key><Property Name="Id" Type="Edm.String" Nullable="false" MaxLength="100" sap:label="Unternehmens-ID"/><Property Name="IdOrigin" Type="Edm.String" Nullable="false" MaxLength="20" sap:label="Unternehmens-ID-Herkunft"/><Property Name="InternalId" Type="Edm.String" Nullable="false" MaxLength="100" sap:label="Interne Unternehmens-ID"/><Property Name="LastChangeDate" Type="Edm.DateTime" Nullable="false" Precision="7" sap:label="Letztes Änderungsdatum"/><Property Name="FirstName" Type="Edm.String" MaxLength="40" sap:label="Vorname"/><Property Name="LastName" Type="Edm.String" MaxLength="40" sap:label="Nachname"/><Property Name="FullName" Type="Edm.String" MaxLength="80" sap:label="Vollständiger Name"/><Property Name="DateOfBirth" Type="Edm.DateTime" Precision="0" sap:display-format="Date" sap:label="Geburtsdatum"/><Property Name="GenderCode" Type="Edm.String" MaxLength="1" sap:label="Code für Geschlecht"/><Property Name="MaritalStatusCode" Type="Edm.String" MaxLength="1" sap:label="Familienstandcode"/><Property Name="TitleCode" Type="Edm.String" MaxLength="4" sap:label="Titelcode"/><Property Name="CountryCode" Type="Edm.String" MaxLength="3" sap:label="Ländercode"/><Property Name="RegionCode" Type="Edm.String" MaxLength="3" sap:label="Regionscode"/><Property Name="CityName" Type="Edm.String" MaxLength="40" sap:label="Ortsname"/><Property Name="PostalCode" Type="Edm.String" MaxLength="10" sap:label="Postleitzahl"/><Property Name="Street" Type="Edm.String" MaxLength="60" sap:label="Straße"/><Property Name="HouseNumber" Type="Edm.String" MaxLength="10" sap:label="Hausnummer"/><Property Name="EmailAddress" Type="Edm.String" MaxLength="241" sap:label="E-Mail-Adresse"/><Property Name="PhoneNumber" Type="Edm.String" MaxLength="30" sap:label="Telefonnummer"/><Property Name="MobilePhoneNumber" Type="Edm.String" MaxLength="30" sap:label="Mobiltelefonnummer"/><Property Name="FaxNumber" Type="Edm.String" MaxLength="30" sap:label="Faxnummer"/><Property Name="WebSite" Type="Edm.String" MaxLength="1000" sap:label="Web-URI"/><Property Name="IsConsumer" Type="Edm.Boolean" sap:label="Person ist Endverbraucher"/><Property Name="IsContact" Type="Edm.Boolean" sap:label="Person ist Kontakt"/><Property Name="LanguageCode" Type="Edm.String" MaxLength="2" sap:label="Bevorzugte Sprache"/></EntityType><EntityType Name="ProductItem" sap:content-version="1"><Key><PropertyRef Name="Id"/><PropertyRef Name="ObjectType"/></Key><Property Name="Id" Type="Edm.String" Nullable="false" MaxLength="32" sap:label="ID" sap:updatable="false"/><Property Name="ObjectType" Type="Edm.String" Nullable="false" MaxLength="30" sap:label="Produktherkunft" sap:updatable="false"/><Property Name="ObjectId" Type="Edm.String" Nullable="false" MaxLength="50" sap:label="Produkt-ID" sap:updatable="false"/><Property Name="ProductName" Type="Edm.String" MaxLength="40" sap:label="Produkt" sap:updatable="false"/><Property Name="ProductDesc" Type="Edm.String" MaxLength="512" sap:label="Produktbeschr." sap:updatable="false"/><Property Name="Amount" Type="Edm.Decimal" Precision="31" Scale="2" sap:label="Betrag" sap:updatable="false"/><Property Name="Quantity" Type="Edm.Decimal" Precision="22" Scale="5" sap:unit="UnitOfMeasure" sap:label="Menge" sap:updatable="false"/><Property Name="UnitOfMeasure" Type="Edm.String" MaxLength="3" sap:label="Mengeneinheit" sap:updatable="false"/><Property Name="StatusCode" Type="Edm.String" MaxLength="2" sap:label="" sap:updatable="false"/><Property Name="Reason" Type="Edm.String" MaxLength="20" sap:label="" sap:updatable="false"/></EntityType><EntityType Name="AdditionalObjectReference" sap:content-version="1"><Key><PropertyRef Name="ObjectType"/><PropertyRef Name="ObjectId"/></Key><Property Name="ObjectType" Type="Edm.String" Nullable="false" MaxLength="30" sap:label="Objekttyp" sap:updatable="false"/><Property Name="ObjectId" Type="Edm.String" Nullable="false" MaxLength="50" sap:label="Objekt-ID" sap:updatable="false"/></EntityType><EntityType Name="Offer" sap:content-version="1"><Key><PropertyRef Name="Origin"/><PropertyRef Name="Id"/></Key><Property Name="Origin" Type="Edm.String" Nullable="false" MaxLength="30" sap:label="Herkunft" sap:updatable="false"/><Property Name="Id" Type="Edm.String" Nullable="false" MaxLength="10" sap:label="ID" sap:updatable="false"/><Property Name="ContentItemId" Type="Edm.String" MaxLength="5" sap:label="Inhaltspositionsnr." sap:updatable="false"/><Property Name="RecommendationScenarioId" Type="Edm.String" MaxLength="50" sap:label="Szenario-ID" sap:updatable="false"/></EntityType><Association Name="BusinessDocumentCompany" sap:content-version="1"><End Type="CUAN_BUSINESS_DOCUMENT_IMP_SRV.BusinessDocument" Multiplicity="1" Role="FromRole_BusinessDocumentCompany"/><End Type="CUAN_BUSINESS_DOCUMENT_IMP_SRV.Company" Multiplicity="0..1" Role="ToRole_BusinessDocumentCompany"/></Association><Association Name="BusinessDocumentPerson" sap:content-version="1"><End Type="CUAN_BUSINESS_DOCUMENT_IMP_SRV.BusinessDocument" Multiplicity="1" Role="FromRole_BusinessDocumentPerson"/><End Type="CUAN_BUSINESS_DOCUMENT_IMP_SRV.Person" Multiplicity="0..1" Role="ToRole_BusinessDocumentPerson"/></Association><Association Name="BusinessDocumentAdditionalObjectRef" sap:content-version="1"><End Type="CUAN_BUSINESS_DOCUMENT_IMP_SRV.BusinessDocument" Multiplicity="1" Role="FromRole_BusinessDocumentAdditionalObjectRef"/><End Type="CUAN_BUSINESS_DOCUMENT_IMP_SRV.AdditionalObjectReference" Multiplicity="*" Role="ToRole_BusinessDocumentAdditionalObjectRef"/></Association><Association Name="BusinessDocumentOffer" sap:content-version="1"><End Type="CUAN_BUSINESS_DOCUMENT_IMP_SRV.BusinessDocument" Multiplicity="1" Role="FromRole_BusinessDocumentOffer"/><End Type="CUAN_BUSINESS_DOCUMENT_IMP_SRV.Offer" Multiplicity="*" Role="ToRole_BusinessDocumentOffer"/></Association><Association Name="BusinessDocumentProductItem" sap:content-version="1"><End Type="CUAN_BUSINESS_DOCUMENT_IMP_SRV.BusinessDocument" Multiplicity="1" Role="FromRole_BusinessDocumentProductItem"/><End Type="CUAN_BUSINESS_DOCUMENT_IMP_SRV.ProductItem" Multiplicity="*" Role="ToRole_BusinessDocumentProductItem"/></Association><Association Name="HeaderBusinessDocument" sap:content-version="1"><End Type="CUAN_BUSINESS_DOCUMENT_IMP_SRV.ImportHeader" Multiplicity="1" Role="FromRole_HeaderBusinessDocument"/><End Type="CUAN_BUSINESS_DOCUMENT_IMP_SRV.BusinessDocument" Multiplicity="*" Role="ToRole_HeaderBusinessDocument"/></Association><EntityContainer Name="CUAN_BUSINESS_DOCUMENT_IMP_SRV_Entities" m:IsDefaultEntityContainer="true" sap:supported-formats="atom json xlsx"><EntitySet Name="ImportHeaders" EntityType="CUAN_BUSINESS_DOCUMENT_IMP_SRV.ImportHeader" sap:updatable="false" sap:deletable="false" sap:pageable="false" sap:addressable="false" sap:content-version="1"/><EntitySet Name="BusinessDocuments" EntityType="CUAN_BUSINESS_DOCUMENT_IMP_SRV.BusinessDocument" sap:updatable="false" sap:deletable="false" sap:pageable="false" sap:addressable="false" sap:content-version="1"/><EntitySet Name="Companies" EntityType="CUAN_BUSINESS_DOCUMENT_IMP_SRV.Company" sap:updatable="false" sap:deletable="false" sap:pageable="false" sap:addressable="false" sap:content-version="1"/><EntitySet Name="Persons" EntityType="CUAN_BUSINESS_DOCUMENT_IMP_SRV.Person" sap:updatable="false" sap:deletable="false" sap:pageable="false" sap:addressable="false" sap:content-version="1"/><EntitySet Name="ProductItems" EntityType="CUAN_BUSINESS_DOCUMENT_IMP_SRV.ProductItem" sap:updatable="false" sap:deletable="false" sap:pageable="false" sap:addressable="false" sap:content-version="1"/><EntitySet Name="AdditionalObjectReferences" EntityType="CUAN_BUSINESS_DOCUMENT_IMP_SRV.AdditionalObjectReference" sap:updatable="false" sap:deletable="false" sap:pageable="false" sap:addressable="false" sap:content-version="1"/><EntitySet Name="Offers" EntityType="CUAN_BUSINESS_DOCUMENT_IMP_SRV.Offer" sap:updatable="false" sap:deletable="false" sap:pageable="false" sap:addressable="false" sap:content-version="1"/><AssociationSet Name="BusinessDocumentOffer_AssocSet" Association="CUAN_BUSINESS_DOCUMENT_IMP_SRV.BusinessDocumentOffer" sap:creatable="false" sap:updatable="false" sap:deletable="false" sap:content-version="1"><End EntitySet="BusinessDocuments" Role="FromRole_BusinessDocumentOffer"/><End EntitySet="Offers" Role="ToRole_BusinessDocumentOffer"/></AssociationSet><AssociationSet Name="BusinessDocumentProductItems" Association="CUAN_BUSINESS_DOCUMENT_IMP_SRV.BusinessDocumentProductItem" sap:creatable="false" sap:updatable="false" sap:deletable="false" sap:content-version="1"><End EntitySet="BusinessDocuments" Role="FromRole_BusinessDocumentProductItem"/><End EntitySet="ProductItems" Role="ToRole_BusinessDocumentProductItem"/></AssociationSet><AssociationSet Name="BusinessDocumentCompany_AssocSet" Association="CUAN_BUSINESS_DOCUMENT_IMP_SRV.BusinessDocumentCompany" sap:creatable="false" sap:updatable="false" sap:deletable="false" sap:content-version="1"><End EntitySet="BusinessDocuments" Role="FromRole_BusinessDocumentCompany"/><End EntitySet="Companies" Role="ToRole_BusinessDocumentCompany"/></AssociationSet><AssociationSet Name="BusinessDocumentAdditionalObjectRef_Asso" Association="CUAN_BUSINESS_DOCUMENT_IMP_SRV.BusinessDocumentAdditionalObjectRef" sap:creatable="false" sap:updatable="false" sap:deletable="false" sap:content-version="1"><End EntitySet="BusinessDocuments" Role="FromRole_BusinessDocumentAdditionalObjectRef"/><End EntitySet="AdditionalObjectReferences" Role="ToRole_BusinessDocumentAdditionalObjectRef"/></AssociationSet><AssociationSet Name="BusinessDocumentPerson_AssocSet" Association="CUAN_BUSINESS_DOCUMENT_IMP_SRV.BusinessDocumentPerson" sap:creatable="false" sap:updatable="false" sap:deletable="false" sap:content-version="1"><End EntitySet="BusinessDocuments" Role="FromRole_BusinessDocumentPerson"/><End EntitySet="Persons" Role="ToRole_BusinessDocumentPerson"/></AssociationSet><AssociationSet Name="HeaderBusinessDocument_AssocSet" Association="CUAN_BUSINESS_DOCUMENT_IMP_SRV.HeaderBusinessDocument" sap:creatable="false" sap:updatable="false" sap:deletable="false" sap:content-version="1"><End EntitySet="ImportHeaders" Role="FromRole_HeaderBusinessDocument"/><End EntitySet="BusinessDocuments" Role="ToRole_HeaderBusinessDocument"/></AssociationSet></EntityContainer><atom:link rel="self" href="https://cc2-350.wdf.sap.corp:443/sap/opu/odata/sap/CUAN_BUSINESS_DOCUMENT_IMP_SRV/$metadata" xmlns:atom="http://www.w3.org/2005/Atom"/><atom:link rel="latest-version" href="https://cc2-350.wdf.sap.corp:443/sap/opu/odata/sap/CUAN_BUSINESS_DOCUMENT_IMP_SRV/$metadata" xmlns:atom="http://www.w3.org/2005/Atom"/></Schema></edmx:DataServices></edmx:Edmx>