<?xml version="1.0" encoding="utf-8"?><edmx:Edmx Version="1.0" xmlns:edmx="http://schemas.microsoft.com/ado/2007/06/edmx" xmlns:m="http://schemas.microsoft.com/ado/2007/08/dataservices/metadata" xmlns:sap="http://www.sap.com/Protocols/SAPData"><edmx:DataServices m:DataServiceVersion="2.0"><Schema Namespace="HRSFI_QUALIFICATION_SRV" xml:lang="en" xmlns="http://schemas.microsoft.com/ado/2008/09/edm"><EntityType Name="QualificationRating" sap:content-version="1"><Key><PropertyRef Name="SFSF_USERID"/><PropertyRef Name="QUAL_EXT_ID"/><PropertyRef Name="QUAL_SOURCE"/></Key><Property Name="SFSF_USERID" Type="Edm.String" Nullable="false" MaxLength="100" sap:label="SFSF User ID"/><Property Name="QUAL_EXT_ID" Type="Edm.String" Nullable="false" MaxLength="250" sap:label="GUID"/><Property Name="BEGIN_DATE" Type="Edm.DateTime" Nullable="false" Precision="0" sap:label="Start date"/><Property Name="END_DATE" Type="Edm.DateTime" Nullable="false" Precision="0" sap:label="End Date"/><Property Name="PROFICIENCY" Type="Edm.Decimal" Nullable="false" Precision="6" Scale="2" sap:label="Proficiency"/><Property Name="PROFCY_MIN_RATING" Type="Edm.String" Nullable="false" MaxLength="4" sap:label="Max. Rating"/><Property Name="PROFCY_MAX_RATING" Type="Edm.String" Nullable="false" MaxLength="4" sap:label="Min. Rating"/><Property Name="QUAL_NOT_RATED" Type="Edm.Boolean" sap:label="Without Rating"/><Property Name="QUAL_SOURCE" Type="Edm.String" Nullable="false" MaxLength="10" sap:label="Source"/></EntityType><EntityType Name="Qualification" sap:content-version="1"><Key><PropertyRef Name="LANGUAGE"/><PropertyRef Name="GUID"/><PropertyRef Name="QUAL_SOURCE"/></Key><Property Name="NMONTHS" Type="Edm.Decimal" Nullable="false" Precision="3" Scale="0" sap:label="Months"/><Property Name="NYEARS" Type="Edm.Decimal" Nullable="false" Precision="3" Scale="0" sap:label="Years"/><Property Name="DESCRIPTION" Type="Edm.String" sap:label="Description"/><Property Name="LANGUAGE" Type="Edm.String" Nullable="false" MaxLength="2" sap:label="Language Key"/><Property Name="PARENT_GUID" Type="Edm.String" MaxLength="250" sap:label="GUID"/><Property Name="QUAL_NAME" Type="Edm.String" Nullable="false" MaxLength="40" sap:label="Name"/><Property Name="QUAL_ABBR" Type="Edm.String" MaxLength="12" sap:label="Object abbr."/><Property Name="GUID" Type="Edm.String" Nullable="false" MaxLength="250" sap:label="GUID"/><Property Name="END_DATE" Type="Edm.DateTime" Precision="0" sap:label="End Date"/><Property Name="BEGIN_DATE" Type="Edm.DateTime" Precision="0" sap:label="Start date"/><Property Name="TYPE_VALIDITY" Type="Edm.Boolean" sap:label="Deprec.Met./Validity"/><Property Name="OBJID" Type="Edm.String" MaxLength="8" sap:label="Object ID"/><Property Name="PLVAR" Type="Edm.String" MaxLength="2" sap:label="Plan version"/><Property Name="PARENT_OBJID" Type="Edm.String" MaxLength="8" sap:label="Object ID"/><Property Name="QUAL_SOURCE" Type="Edm.String" Nullable="false" MaxLength="10" sap:label="Source"/><Property Name="QUAL_GROUP" Type="Edm.String" Nullable="false" MaxLength="40" sap:label="Group"/><Property Name="SCALE_ID" Type="Edm.String" Nullable="false" MaxLength="8" sap:label="Scale"/></EntityType><EntityContainer Name="HRSFI_QUALIFICATION_SRV_Entities" m:IsDefaultEntityContainer="true"><EntitySet Name="QualificationRatingEntitySet" EntityType="HRSFI_QUALIFICATION_SRV.QualificationRating" sap:label="Qualification Rating" sap:requires-filter="true" sap:content-version="1"/><EntitySet Name="QualificationEntitySet" EntityType="HRSFI_QUALIFICATION_SRV.Qualification" sap:label="Qualification Catalog" sap:content-version="1"/></EntityContainer><atom:link rel="self" href="https://ldciq5k.wdf.sap.corp:44333/sap/opu/odata/sap/HRSFI_QUALIFICATION_SRV/$metadata" xmlns:atom="http://www.w3.org/2005/Atom"/><atom:link rel="latest-version" href="https://ldciq5k.wdf.sap.corp:44333/sap/opu/odata/sap/HRSFI_QUALIFICATION_SRV/$metadata" xmlns:atom="http://www.w3.org/2005/Atom"/></Schema></edmx:DataServices></edmx:Edmx>