{
	"openapi": "3.0.3",
	"info": {
		"title": "Collection Correspondence History service",
		"version": "1.0.0",
		"description": "Collection Correspondence History Service \n\nUse this API to view and manage your Collection Correspondence History"
	},
	"servers": [
		{
			"url": "https://{hostname}",
			"description": "Example of server url is https://my1234567.crm.cloud.sap",
			"variables": {
				"hostname": {
					"default": ""
				}
			}
		}
	],
	"components": {
		"securitySchemes": {
			"basicAuthentication": {
				"type": "http",
				"scheme": "basic"
			}
		},
		"schemas": {
			"error": {
				"type": "object",
				"properties": {
					"error": {
						"type": "object",
						"properties": {
							"code": {
								"type": "string"
							},
							"details": {
								"type": "array",
								"items": {
									"type": "object",
									"properties": {
										"message": {
											"type": "string"
										},
										"code": {
											"type": "string"
										},
										"target": {
											"type": "string"
										}
									}
								}
							},
							"message": {
								"type": "string"
							},
							"target": {
								"type": "string"
							}
						}
					}
				}
			},
			"CollectionCorrespondenceHistoryservicequeryresponse": {
				"title": "Collection Correspondence History service query response",
				"type": "object",
				"properties": {
					"count": {
						"type": "integer",
						"format": "int32"
					},
					"value": {
						"type": "array",
						"items": {
							"type": "object",
							"properties": {
								"correspondenceType": {
									"type": "string",
									"nullable": true,
									"maxLength": 4,
									"title": "Correspondence Type"
								},
								"correspondenceTypeText": {
									"type": "string",
									"nullable": true,
									"maxLength": 50,
									"title": "Correspondence Type Description"
								},
								"correspondenceRecipient": {
									"type": "string",
									"nullable": true,
									"maxLength": 10,
									"title": "Correspondence Recipient"
								},
								"contractAccountId": {
									"type": "string",
									"nullable": true,
									"maxLength": 12,
									"title": "Contract Account ID"
								},
								"contractId": {
									"type": "string",
									"nullable": true,
									"maxLength": 20,
									"title": "Contract ID"
								},
								"correspondenceKey": {
									"type": "string",
									"nullable": true,
									"maxLength": 36,
									"title": "Correspondence Key"
								},
								"createdOn": {
									"type": "string",
									"format": "date-time",
									"nullable": true
								},
								"issueDate": {
									"type": "string",
									"format": "date-time",
									"nullable": true
								},
								"issueTime": {
									"type": "string",
									"format": "date-time",
									"nullable": true
								},
								"correspondenceStatus": {
									"type": "string",
									"nullable": true,
									"maxLength": 2,
									"title": "Status"
								},
								"correspondenceStatusText": {
									"type": "string",
									"nullable": true,
									"maxLength": 20,
									"title": "Description"
								},
								"indicatorFlag": {
									"type": "boolean",
									"nullable": true
								},
								"dateReceived": {
									"type": "string",
									"format": "date-time",
									"nullable": true
								},
								"appFormKey": {
									"type": "string",
									"nullable": true,
									"maxLength": 30,
									"title": "Application Form"
								},
								"technicalCorrespondenceStatusCode": {
									"type": "string",
									"nullable": true,
									"enum": [
										"CR",
										"CD",
										"CP",
										"CU",
										"PT",
										"RP",
										"TP",
										"DL",
										"AR"
									],
									"title": "Technical Status Code"
								},
								"technicalCorrespondenceStatusText": {
									"type": "string",
									"nullable": true,
									"maxLength": 60,
									"title": "Status"
								}
							}
						}
					}
				}
			},
			"info": {
				"type": "object",
				"properties": {
					"info": {
						"type": "object",
						"properties": {
							"code": {
								"type": "string"
							},
							"details": {
								"type": "array",
								"items": {
									"type": "object",
									"properties": {
										"message": {
											"type": "string"
										},
										"target": {
											"type": "string"
										},
										"code": {
											"type": "string"
										},
										"severity": {
											"type": "string",
											"enum": [
												"ERROR",
												"WARNING",
												"INFO"
											]
										}
									}
								}
							},
							"message": {
								"type": "string"
							},
							"target": {
								"type": "string"
							},
							"severity": {
								"type": "string",
								"enum": [
									"ERROR",
									"WARNING",
									"INFO"
								]
							}
						}
					}
				}
			}
		}
	},
	"security": [
		{
			"basicAuthentication": []
		}
	],
	"paths": {
		"/sap/c4c/api/v1/collections-integration-service/correspondenceHistory": {
			"get": {
				"operationId": "querycollectionsintegrationservice_correspondenceHistory",
				"tags": [
					"CorrespondenceHistory"
				],
				"summary": "Retrieve Collection Correspondence History information for a contract account or a business partner from the system.",
				"description": "Specify query parameters to return desired Collection Correspondence History records from the system.",
				"parameters": [
					{
						"name": "$filter",
						"in": "query",
						"required": true,
						"schema": {
							"type": "string"
						},
						"examples": {
							"one": {
								"value": "contractAccountId eq 2043504",
								"summary": "Retrieve Collection Correspondence History of a contract account"
							}
						},
						"description": "Filter Collection Correspondence History by attribute."
					}
				],
				"responses": {
					"200": {
						"description": "Retrieved Collection Correspondence History",
						"content": {
							"application/json": {
								"schema": {
									"allOf": [
										{
											"$ref": "#/components/schemas/CollectionCorrespondenceHistoryservicequeryresponse"
										},
										{
											"$ref": "#/components/schemas/info"
										}
									]
								}
							}
						}
					},
					"401": {
						"description": "Unauthorized.\n\nThis error is caused when the request has not been applied because there are no valid authentication credentials for the target resource."
					},
					"403": {
						"description": "Forbidden.\n\nThis client error code indicates that the server understood the request but refuses to authorize it."
					},
					"500": {
						"description": "Internal Server Error.\n\nFailed to query Collection Correspondence History.",
						"content": {
							"application/json": {
								"schema": {
									"$ref": "#/components/schemas/error"
								}
							}
						}
					}
				}
			}
		}
	},
	"x-sap-shortText": "Manage entities from Collection Correspondence History service service.",
	"x-sap-extensible": {
		"supported": "automatic",
		"description": "You can create extension fields in the Collection Correspondence History service API by following the steps mentioned in https://help.sap.com/docs/CX_NG_SVC/2c87cece32844c91836e535aef8f9642/d3bdfac0c6b141c0bac27408c3ed159f.html?locale=en-US. The newly created extensions will be available in the API request and response body."
	}
}