<?xml version='1.0' encoding='UTF-8'?>
<edmx:Edmx xmlns:edmx="http://schemas.microsoft.com/ado/2007/06/edmx" Version="1.0">
    <edmx:DataServices m:DataServiceVersion="1.0" xmlns:m="http://schemas.microsoft.com/ado/2007/08/dataservices/metadata">
        <Schema Namespace="HybrisCommerceOData" xmlns="http://schemas.microsoft.com/ado/2008/09/edm">
            <EntityType Name="Customer">
                <Key>
                    <PropertyRef Name="customerID"/>
                </Key>
                <Property Name="revenueCloudCustomerId" Type="Edm.String" Nullable="true"/>
                <Property Name="sapIsReplicated" Type="Edm.Boolean" Nullable="true"/>
                <Property Name="customerID" Type="Edm.String" IsUnique="true" Nullable="false"/>
            </EntityType>
            <EntityContainer Name="Container" m:IsDefaultEntityContainer="true">
                <EntitySet Name="Customers" EntityType="HybrisCommerceOData.Customer"/>
            </EntityContainer>
        </Schema>
    </edmx:DataServices>
</edmx:Edmx>