<?xml version="1.0" encoding="utf-8"?>
<edmx:Edmx Version="1.0"
	xmlns:edmx="http://schemas.microsoft.com/ado/2007/06/edmx"
	xmlns:m="http://schemas.microsoft.com/ado/2007/08/dataservices/metadata"
	xmlns:sap="http://www.sap.com/Protocols/SAPData">
	<edmx:DataServices m:DataServiceVersion="2.0">
		<Schema Namespace="SOMI_SOCIAL_API_SRV" xml:lang="en"
			sap:schema-version="1" xmlns="http://schemas.microsoft.com/ado/2008/09/edm">
			<EntityType Name="SocialPost" sap:content-version="1">
				<Key>
					<PropertyRef Name="SocialPostID" />
					<PropertyRef Name="SocialMediaChannelDescription" />
				</Key>
				<Property Name="SocialPostID" Type="Edm.String"  
					MaxLength="50" sap:label="Social Media Data ID" sap:updatable="false" Nullable="false"
					sap:sortable="false" sap:filterable="false" />
				<Property Name="SocialMediaChannelDescription" Type="Edm.String" Nullable="false"
					MaxLength="100" sap:label="Channel Description"
					sap:updatable="false" sap:sortable="false" sap:filterable="false" />
				<Property Name="SocialPostLanguageCode" Type="Edm.String"
					MaxLength="20" sap:label="Locale" sap:sortable="false"
					sap:filterable="false" />
				<Property Name="SocialPostType" Type="Edm.String"  
					MaxLength="255" sap:label="Social Post Type" sap:sortable="false"
					sap:filterable="false" />
				<Property Name="SocialPostLink" Type="Edm.String"  
					MaxLength="255" sap:label="Social Post Link" sap:sortable="false"
					sap:filterable="false" />
				<Property Name="NmbrOfVotesForSocialPost" Type="Edm.Int32"
					sap:label="NoOfVotes" sap:sortable="false"
					sap:filterable="false" />
				<Property Name="SocialPostLocationName" Type="Edm.String"
					MaxLength="50" sap:label="Location" sap:sortable="false"
					sap:filterable="false" />
				<Property Name="SocialPostText" Type="Edm.String"  
					sap:label="Social Post Text" sap:sortable="false" sap:filterable="false" />
				<Property Name="SocialPostCreatedBySocialUserID" Type="Edm.String"
					MaxLength="50" sap:label="Created By User ID"
					sap:sortable="false" sap:filterable="false" />
				<Property Name="SocialPostCountryCode" Type="Edm.String"
					MaxLength="3" sap:label="Country" sap:sortable="false"
					sap:filterable="false" />
				<Property Name="SocialPostCountryName" Type="Edm.String"
					MaxLength="50" sap:label="Country" sap:sortable="false"
					sap:filterable="false" />
				<Property Name="LongitudeMeasureForSocialPost" Type="Edm.String"
					MaxLength="50" sap:label="Longitude" sap:sortable="false"
					sap:filterable="false" />
				<Property Name="LatitudeMeasureForSocialPost" Type="Edm.String"
					MaxLength="50" sap:label="Latitude" sap:sortable="false"
					sap:filterable="false" />
				<Property Name="SocialPostCategory" Type="Edm.String"
					MaxLength="50" sap:label="Post Category"
					sap:sortable="false" sap:filterable="false" />
				<Property Name="SocialPostCreationDateTime" Type="Edm.DateTime"
					Precision="0" sap:label="Creation Date-Time"
					sap:sortable="false" sap:filterable="false" />
				<Property Name="SocialUserName" Type="Edm.String"  
					MaxLength="255" sap:label="Social User Name" sap:sortable="false"
					sap:filterable="false" />
				<Property Name="SocialUserAccount" Type="Edm.String"
					MaxLength="100" sap:label="Social User Account"
					sap:sortable="false" sap:filterable="false" />
				<Property Name="SocialUserProfileLink" Type="Edm.String"
					MaxLength="255" sap:label="Profile Link"
					sap:sortable="false" sap:filterable="false" />
				<Property Name="SocialUserGenderCode" Type="Edm.String"
					MaxLength="1" sap:label="Gender" sap:sortable="false"
					sap:filterable="false" />
				<Property Name="SocialUserEmailAddress" Type="Edm.String"
					MaxLength="255" sap:label="E-mail Address"
					sap:sortable="false" sap:filterable="false" />
				<Property Name="NmbrOfSocialContacts" Type="Edm.Int32"
					sap:label="Number Of Contacts" sap:sortable="false"
					sap:filterable="false" />
				<Property Name="InfluencerScore" Type="Edm.String"
					MaxLength="20" sap:label="Influence Score"
					sap:sortable="false" sap:filterable="false" />
				<Property Name="SocialUserImageLink" Type="Edm.String"
					MaxLength="512" sap:label="Image URL"
					sap:sortable="false" sap:filterable="false" />
				<Property Name="SocialUserType" Type="Edm.String"  
					MaxLength="4" sap:label="Social User Type" sap:sortable="false"
					sap:filterable="false" />
				<Property Name="IsUserSurrogate" Type="Edm.String"
					MaxLength="1" sap:label="Is ID surrogate"
					sap:sortable="false" sap:filterable="false" />
				<Property Name="IsPseudoUser" Type="Edm.String"  
					MaxLength="1" sap:label="Is Pseudo Usr" sap:sortable="false"
					sap:filterable="false" />
				<Property Name="SocialUserLocationName" Type="Edm.String"
					MaxLength="50" sap:label="Location" sap:sortable="false"
					sap:filterable="false" />
				<Property Name="SocialUserCreationDateTime" Type="Edm.DateTime"
					Precision="0" sap:label="Creation Date-Time"
					sap:sortable="false" sap:filterable="false" />
				<Property Name="SocialUserCountryName" Type="Edm.String"
					MaxLength="50" sap:label="Country" sap:sortable="false"
					sap:filterable="false" />
			</EntityType>
			<EntityType Name="SocialPostSearchTerm"
				sap:content-version="1">
				<Key>
					<PropertyRef Name="SocialPostID" />
					<PropertyRef Name="SocialMediaChannelDescription" />
					<PropertyRef Name="SocialPostSearchTermText" />
				</Key>
				<Property Name="SocialPostID" Type="Edm.String"  
					MaxLength="50" sap:label="Social Media Data ID" sap:updatable="false" Nullable="false"
					sap:sortable="false" sap:filterable="false" />
				<Property Name="SocialMediaChannelDescription" Type="Edm.String" Nullable="false"
					MaxLength="100" sap:label="Channel Description"
					sap:updatable="false" sap:sortable="false" sap:filterable="false" />
				<Property Name="SocialPostSearchTermText" Type="Edm.String"
					MaxLength="50" sap:label="Search Term Text"
					sap:updatable="false" sap:sortable="false" sap:filterable="false" />
			</EntityType>
			<EntityType Name="SocialPostTag" sap:content-version="1">
				<Key>
					<PropertyRef Name="SocialPostID" />
					<PropertyRef Name="SocialMediaChannelDescription" />
					<PropertyRef Name="SourceOfTag" />
					<PropertyRef Name="TagType" />
					<PropertyRef Name="TagName" />
				</Key>
				<Property Name="SocialPostID" Type="Edm.String"  
					MaxLength="50" sap:label="Social Media Data ID" sap:updatable="false"
					sap:sortable="false" sap:filterable="false" />
				<Property Name="SocialMediaChannelDescription" Type="Edm.String"
					MaxLength="100" sap:label="Channel Description"
					sap:updatable="false" sap:sortable="false" sap:filterable="false" />
				<Property Name="SourceOfTag" Type="Edm.String"  
					MaxLength="20" sap:label="Origin" sap:updatable="false"
					sap:sortable="false" sap:filterable="false" />
				<Property Name="TagType" Type="Edm.String"  
					MaxLength="75" sap:label="Entity Type" sap:updatable="false"
					sap:sortable="false" sap:filterable="false" />
				<Property Name="TagName" Type="Edm.String"  
					MaxLength="200" sap:label="Entity" sap:updatable="false"
					sap:sortable="false" sap:filterable="false" />
			</EntityType>
			<EntityType Name="SocialUser" sap:content-version="1">
				<Key>
					<PropertyRef Name="SocialMediaChannelDescription" />
					<PropertyRef Name="SocialUserID" />
				</Key>
				<Property Name="SocialMediaChannelDescription" Type="Edm.String"
					MaxLength="100" sap:label="Channel Description"
					sap:updatable="false" sap:sortable="false" sap:filterable="false" />
				<Property Name="SocialUserID" Type="Edm.String"  
					MaxLength="50" sap:label="Social User ID" sap:updatable="false"
					sap:sortable="false" sap:filterable="false" />
				<Property Name="SocialUserName" Type="Edm.String"  
					MaxLength="255" sap:label="Social User Name" sap:sortable="false"
					sap:filterable="false" />
				<Property Name="SocialUserAccount" Type="Edm.String"
					MaxLength="100" sap:label="Social User Account"
					sap:sortable="false" sap:filterable="false" />
				<Property Name="SocialUserProfileLink" Type="Edm.String"
					MaxLength="255" sap:label="Profile Link"
					sap:sortable="false" sap:filterable="false" />
				<Property Name="SocialUserGenderCode" Type="Edm.String"
					MaxLength="1" sap:label="Gender" sap:sortable="false"
					sap:filterable="false" />
				<Property Name="SocialUserEmailAddress" Type="Edm.String"
					MaxLength="255" sap:label="E-mail Address"
					sap:sortable="false" sap:filterable="false" />
				<Property Name="NmbrOfSocialContacts" Type="Edm.Int32"
					sap:label="Number Of Contacts" sap:sortable="false"
					sap:filterable="false" />
				<Property Name="InfluencerScore" Type="Edm.String"
					MaxLength="20" sap:label="Influence Score"
					sap:sortable="false" sap:filterable="false" />
				<Property Name="SocialUserCreationDateTime" Type="Edm.DateTime"
					Precision="0" sap:label="Creation Date-Time"
					sap:sortable="false" sap:filterable="false" />
				<Property Name="SocialUserLocationName" Type="Edm.String"
					MaxLength="50" sap:label="Location" sap:sortable="false"
					sap:filterable="false" />
				<Property Name="SocialUserCountryName" Type="Edm.String"
					MaxLength="50" sap:label="Country" sap:sortable="false"
					sap:filterable="false" />
				<Property Name="SocialUserImageLink" Type="Edm.String"
					MaxLength="512" sap:label="Image URL"
					sap:sortable="false" sap:filterable="false" />
				<Property Name="SocialUserType" Type="Edm.String"  
					MaxLength="4" sap:label="Social User Type" sap:sortable="false"
					sap:filterable="false" />
				<Property Name="IsUserSurrogate" Type="Edm.String"
					MaxLength="1" sap:label="Is ID surrogate"
					sap:sortable="false" sap:filterable="false" />
				<Property Name="IsPseudoUser" Type="Edm.String"  
					MaxLength="1" sap:label="Is Pseudo Usr" sap:sortable="false"
					sap:filterable="false" />
			</EntityType>
			<Association Name="SocialPost_SocialPostSearchTerm"
				sap:content-version="1">
				<End Type="SOMI_SOCIAL_API_SRV.SocialPost" Multiplicity="1"
					Role="FromRole_SocialPost_SocialPostSearchTerm" />
				<End Type="SOMI_SOCIAL_API_SRV.SocialPostSearchTerm"
					Multiplicity="*" Role="ToRole_SocialPost_SocialPostSearchTerm" />
				<ReferentialConstraint>
					<Principal Role="FromRole_SocialPost_SocialPostSearchTerm">
						<PropertyRef Name="SocialPostID" />
						<PropertyRef Name="SocialMediaChannelDescription" />
					</Principal>
					<Dependent Role="ToRole_SocialPost_SocialPostSearchTerm">
						<PropertyRef Name="SocialPostID" />
						<PropertyRef Name="SocialMediaChannelDescription" />
					</Dependent>
				</ReferentialConstraint>
			</Association>
			<Association Name="SocialPost_SocialPostTag"
				sap:content-version="1">
				<End Type="SOMI_SOCIAL_API_SRV.SocialPost" Multiplicity="0..1"
					Role="FromRole_SocialPost_SocialPostTag" />
				<End Type="SOMI_SOCIAL_API_SRV.SocialPostTag" Multiplicity="*"
					Role="ToRole_SocialPost_SocialPostTag" />
				<ReferentialConstraint>
					<Principal Role="FromRole_SocialPost_SocialPostTag">
						<PropertyRef Name="SocialMediaChannelDescription" />
						<PropertyRef Name="SocialPostID" />
					</Principal>
					<Dependent Role="ToRole_SocialPost_SocialPostTag">
						<PropertyRef Name="SocialMediaChannelDescription" />
						<PropertyRef Name="SocialPostID" />
					</Dependent>
				</ReferentialConstraint>
			</Association>
			<EntityContainer Name="SOMI_SOCIAL_API_SRV_Entities"
				m:IsDefaultEntityContainer="true" sap:supported-formats="atom json xlsx">
				<EntitySet Name="SocialPostSearchTermSet" EntityType="SOMI_SOCIAL_API_SRV.SocialPostSearchTerm"
					sap:updatable="false" sap:deletable="false" sap:pageable="false"
					sap:content-version="1" />
				<EntitySet Name="SocialPostTagSet" EntityType="SOMI_SOCIAL_API_SRV.SocialPostTag"
					sap:updatable="false" sap:deletable="false" sap:pageable="false"
					sap:content-version="1" />
				<EntitySet Name="SocialUserSet" EntityType="SOMI_SOCIAL_API_SRV.SocialUser"
					sap:pageable="false" sap:content-version="1" />
				<EntitySet Name="SocialPostSet" EntityType="SOMI_SOCIAL_API_SRV.SocialPost"
					sap:pageable="false" sap:content-version="1" />
				<AssociationSet Name="SocialPost_SocialPostSearchTerm_AssocSet"
					Association="SOMI_SOCIAL_API_SRV.SocialPost_SocialPostSearchTerm"
					sap:creatable="false" sap:updatable="false" sap:deletable="false"
					sap:content-version="1">
					<End EntitySet="SocialPostSet" Role="FromRole_SocialPost_SocialPostSearchTerm" />
					<End EntitySet="SocialPostSearchTermSet" Role="ToRole_SocialPost_SocialPostSearchTerm" />
				</AssociationSet>
				<AssociationSet Name="SocialPost_SocialPostTag_AssocSet"
					Association="SOMI_SOCIAL_API_SRV.SocialPost_SocialPostTag"
					sap:creatable="false" sap:updatable="false" sap:deletable="false"
					sap:content-version="1">
					<End EntitySet="SocialPostSet" Role="FromRole_SocialPost_SocialPostTag" />
					<End EntitySet="SocialPostTagSet" Role="ToRole_SocialPost_SocialPostTag" />
				</AssociationSet>
			</EntityContainer>
			<atom:link rel="self"
				href="https://ldai1bfi.wdf.sap.corp:44317/sap/opu/odata/sap/SOMI_SOCIAL_API_SRV/$metadata"
				xmlns:atom="http://www.w3.org/2005/Atom" />
			<atom:link rel="latest-version"
				href="https://ldai1bfi.wdf.sap.corp:44317/sap/opu/odata/sap/SOMI_SOCIAL_API_SRV/$metadata"
				xmlns:atom="http://www.w3.org/2005/Atom" />
		</Schema>
	</edmx:DataServices>
</edmx:Edmx>