{
    "openapi": "3.0.3",
    "info": {
        "title": "Business Partner Relationship Inbound Replication",
        "version": "1.0.0",
        "description": "This API replicates business partner relationships from SAP S/4HANA to SAP Sales and Service Cloud Version 2."
    },
    "servers": [{
            "url": "https://{hostname}",
            "description": "Example of server url is https://my1234567.crm.cloud.sap",
            "variables": {
                "hostname": {
                    "default": ""
                }
            }
        }
    ],
    "components": {
        "securitySchemes": {
            "basicAuthentication": {
                "type": "http",
                "scheme": "basic"
            }
        },
        "schemas": {
            "error": {
                "type": "object",
                "properties": {
                    "error": {
                        "type": "object",
                        "properties": {
                            "code": {
                                "type": "string"
                            },
                            "details": {
                                "type": "array",
                                "items": {
                                    "type": "object",
                                    "properties": {
                                        "message": {
                                            "type": "string"
                                        },
                                        "code": {
                                            "type": "string"
                                        },
                                        "target": {
                                            "type": "string"
                                        }
                                    }
                                }
                            },
                            "message": {
                                "type": "string"
                            },
                            "target": {
                                "type": "string"
                            }
                        }
                    }
                }
            },
            "BusinessPartnerRelationshipInboundReplicationcreaterequest": {
                "title": "Business Partner Relationship Inbound Replication create request",
                "type": "object",
                "properties": {
                    "messageHeader": {
                        "type": "object",
                        "properties": {
                            "id": {
                                "type": "string",
                                "nullable": true,
                                "format": "uuid",
                                "title": "ID"
                            },
                            "senderCommunicationSystemDisplayId": {
                                "type": "string",
                                "nullable": true,
                                "title": "Sender Communication System Display ID"
                            },
                            "receiverCommunicationSystemDisplayId": {
                                "type": "string",
                                "nullable": true,
                                "title": "Receiver Communication System Display ID"
                            },
                            "creationDateTime": {
                                "type": "string",
                                "format": "date-time",
                                "nullable": true
                            }
                        }
                    },
                    "messageRequests": {
                        "type": "array",
                        "items": {
                            "type": "object",
                            "properties": {
                                "messageHeader": {
                                    "type": "object",
                                    "properties": {
                                        "id": {
                                            "type": "string",
                                            "nullable": true,
                                            "format": "uuid",
                                            "title": "ID"
                                        },
                                        "messageEntityName": {
                                            "type": "string",
                                            "nullable": true
                                        },
                                        "creationDateTime": {
                                            "type": "string",
                                            "format": "date-time",
                                            "nullable": true
                                        },
                                        "actionCode": {
                                            "type": "string",
                                            "nullable": true,
                                            "enum": ["CREATE", "DELETE", "SAVE", "QUERY"],
                                            "title": "Action Code"
                                        },
                                        "referenceMessageRequestId": {
                                            "type": "string",
                                            "nullable": true,
                                            "title": "Reference Message Request ID"
                                        }
                                    }
                                },
                                "body": {
                                    "type": "object",
                                    "properties": {
                                        "firstBusinessPartnerId": {
                                            "type": "string",
                                            "nullable": true,
                                            "format": "uuid"
                                        },
                                        "firstBusinessPartnerDisplayId": {
                                            "type": "string",
                                            "nullable": true
                                        },
                                        "receiverFirstBusinessPartnerId": {
                                            "type": "string",
                                            "nullable": true,
                                            "format": "uuid"
                                        },
                                        "receiverFirstBusinessPartnerDisplayId": {
                                            "type": "string",
                                            "nullable": true
                                        },
                                        "secondBusinessPartnerId": {
                                            "type": "string",
                                            "nullable": true,
                                            "format": "uuid"
                                        },
                                        "secondBusinessPartnerDisplayId": {
                                            "type": "string",
                                            "nullable": true
                                        },
                                        "receiverSecondBusinessPartnerId": {
                                            "type": "string",
                                            "nullable": true,
                                            "format": "uuid"
                                        },
                                        "receiverSecondBusinessPartnerDisplayId": {
                                            "type": "string",
                                            "nullable": true
                                        },
                                        "relationshipRole": {
                                            "type": "string",
                                            "nullable": true
                                        },
                                        "validityPeriod": {
                                            "type": "object",
                                            "properties": {
                                                "validFrom": {
                                                    "type": "string",
                                                    "format": "date-time",
                                                    "nullable": true
                                                },
                                                "validTo": {
                                                    "type": "string",
                                                    "format": "date-time",
                                                    "nullable": true
                                                }
                                            }
                                        },
                                        "isDefault": {
                                            "type": "boolean",
                                            "nullable": true
                                        },
                                        "contactPerson": {
                                            "type": "object",
                                            "properties": {
                                                "functionalTitle": {
                                                    "type": "string",
                                                    "nullable": true
                                                },
                                                "department": {
                                                    "type": "string",
                                                    "nullable": true
                                                },
                                                "vipReason": {
                                                    "type": "string",
                                                    "nullable": true
                                                },
                                                "workplaceAddress": {
                                                    "type": "array",
                                                    "items": {
                                                        "type": "object",
                                                        "properties": {
                                                            "addressId": {
                                                                "type": "string",
                                                                "nullable": true,
                                                                "format": "uuid"
                                                            },
                                                            "receiverAddressId": {
                                                                "type": "string",
                                                                "nullable": true,
                                                                "format": "uuid"
                                                            },
                                                            "isDefault": {
                                                                "type": "boolean",
                                                                "nullable": true
                                                            },
                                                            "address": {
                                                                "type": "object",
                                                                "properties": {
                                                                    "communicationPreference": {
                                                                        "type": "object",
                                                                        "properties": {
                                                                            "preferredCommunicationMedium": {
                                                                                "type": "string",
                                                                                "nullable": true
                                                                            }
                                                                        }
                                                                    },
                                                                    "email": {
                                                                        "type": "array",
                                                                        "items": {
                                                                            "type": "object",
                                                                            "properties": {
                                                                                "uri": {
                                                                                    "type": "string",
                                                                                    "nullable": true
                                                                                },
                                                                                "isUsageDenied": {
                                                                                    "type": "boolean",
                                                                                    "nullable": true
                                                                                },
                                                                                "validityPeriod": {
                                                                                    "type": "object",
                                                                                    "properties": {
                                                                                        "validFrom": {
                                                                                            "type": "string",
                                                                                            "format": "date-time",
                                                                                            "nullable": true
                                                                                        },
                                                                                        "validTo": {
                                                                                            "type": "string",
                                                                                            "format": "date-time",
                                                                                            "nullable": true
                                                                                        }
                                                                                    }
                                                                                },
                                                                                "emailUsage": {
                                                                                    "type": "array",
                                                                                    "items": {
                                                                                        "type": "object",
                                                                                        "properties": {
                                                                                            "usage": {
                                                                                                "type": "object",
                                                                                                "properties": {
                                                                                                    "code": {
                                                                                                        "type": "string",
                                                                                                        "nullable": true
                                                                                                    },
                                                                                                    "validityPeriod": {
                                                                                                        "type": "object",
                                                                                                        "properties": {
                                                                                                            "validFrom": {
                                                                                                                "type": "string",
                                                                                                                "format": "date-time",
                                                                                                                "nullable": true
                                                                                                            },
                                                                                                            "validTo": {
                                                                                                                "type": "string",
                                                                                                                "format": "date-time",
                                                                                                                "nullable": true
                                                                                                            }
                                                                                                        }
                                                                                                    }
                                                                                                }
                                                                                            }
                                                                                        }
                                                                                    }
                                                                                }
                                                                            }
                                                                        }
                                                                    },
                                                                    "facsimile": {
                                                                        "type": "array",
                                                                        "items": {
                                                                            "type": "object",
                                                                            "properties": {
                                                                                "isUsageDenied": {
                                                                                    "type": "boolean",
                                                                                    "nullable": true
                                                                                },
                                                                                "areaId": {
                                                                                    "type": "string",
                                                                                    "nullable": true
                                                                                },
                                                                                "subscriberId": {
                                                                                    "type": "string",
                                                                                    "nullable": true
                                                                                },
                                                                                "extensionId": {
                                                                                    "type": "string",
                                                                                    "nullable": true
                                                                                },
                                                                                "country": {
                                                                                    "type": "string",
                                                                                    "nullable": true
                                                                                },
                                                                                "validityPeriod": {
                                                                                    "type": "object",
                                                                                    "properties": {
                                                                                        "validFrom": {
                                                                                            "type": "string",
                                                                                            "format": "date-time",
                                                                                            "nullable": true
                                                                                        },
                                                                                        "validTo": {
                                                                                            "type": "string",
                                                                                            "format": "date-time",
                                                                                            "nullable": true
                                                                                        }
                                                                                    }
                                                                                },
                                                                                "facsimileUsage": {
                                                                                    "type": "array",
                                                                                    "items": {
                                                                                        "type": "object",
                                                                                        "properties": {
                                                                                            "usage": {
                                                                                                "type": "object",
                                                                                                "properties": {
                                                                                                    "code": {
                                                                                                        "type": "string",
                                                                                                        "nullable": true
                                                                                                    },
                                                                                                    "validityPeriod": {
                                                                                                        "type": "object",
                                                                                                        "properties": {
                                                                                                            "validFrom": {
                                                                                                                "type": "string",
                                                                                                                "format": "date-time",
                                                                                                                "nullable": true
                                                                                                            },
                                                                                                            "validTo": {
                                                                                                                "type": "string",
                                                                                                                "format": "date-time",
                                                                                                                "nullable": true
                                                                                                            }
                                                                                                        }
                                                                                                    }
                                                                                                }
                                                                                            }
                                                                                        }
                                                                                    }
                                                                                }
                                                                            }
                                                                        }
                                                                    },
                                                                    "telephone": {
                                                                        "type": "array",
                                                                        "items": {
                                                                            "type": "object",
                                                                            "properties": {
                                                                                "isUsageDenied": {
                                                                                    "type": "boolean",
                                                                                    "nullable": true
                                                                                },
                                                                                "areaId": {
                                                                                    "type": "string",
                                                                                    "nullable": true
                                                                                },
                                                                                "subscriberId": {
                                                                                    "type": "string",
                                                                                    "nullable": true
                                                                                },
                                                                                "extensionId": {
                                                                                    "type": "string",
                                                                                    "nullable": true
                                                                                },
                                                                                "country": {
                                                                                    "type": "string",
                                                                                    "nullable": true
                                                                                },
                                                                                "validityPeriod": {
                                                                                    "type": "object",
                                                                                    "properties": {
                                                                                        "validFrom": {
                                                                                            "type": "string",
                                                                                            "format": "date-time",
                                                                                            "nullable": true
                                                                                        },
                                                                                        "validTo": {
                                                                                            "type": "string",
                                                                                            "format": "date-time",
                                                                                            "nullable": true
                                                                                        }
                                                                                    }
                                                                                },
                                                                                "isMobilePhoneNumber": {
                                                                                    "type": "boolean",
                                                                                    "nullable": true
                                                                                },
                                                                                "telephoneUsage": {
                                                                                    "type": "array",
                                                                                    "items": {
                                                                                        "type": "object",
                                                                                        "properties": {
                                                                                            "usage": {
                                                                                                "type": "object",
                                                                                                "properties": {
                                                                                                    "code": {
                                                                                                        "type": "string",
                                                                                                        "nullable": true
                                                                                                    },
                                                                                                    "validityPeriod": {
                                                                                                        "type": "object",
                                                                                                        "properties": {
                                                                                                            "validFrom": {
                                                                                                                "type": "string",
                                                                                                                "format": "date-time",
                                                                                                                "nullable": true
                                                                                                            },
                                                                                                            "validTo": {
                                                                                                                "type": "string",
                                                                                                                "format": "date-time",
                                                                                                                "nullable": true
                                                                                                            }
                                                                                                        }
                                                                                                    }
                                                                                                }
                                                                                            }
                                                                                        }
                                                                                    }
                                                                                }
                                                                            }
                                                                        }
                                                                    },
                                                                    "workplace": {
                                                                        "type": "array",
                                                                        "items": {
                                                                            "type": "object",
                                                                            "properties": {
                                                                                "addressRepresentation": {
                                                                                    "type": "string",
                                                                                    "nullable": true
                                                                                },
                                                                                "functionalTitleName": {
                                                                                    "type": "string",
                                                                                    "nullable": true
                                                                                },
                                                                                "departmentName": {
                                                                                    "type": "string",
                                                                                    "nullable": true
                                                                                },
                                                                                "buildingId": {
                                                                                    "type": "string",
                                                                                    "nullable": true
                                                                                },
                                                                                "floorId": {
                                                                                    "type": "string",
                                                                                    "nullable": true
                                                                                },
                                                                                "roomId": {
                                                                                    "type": "string",
                                                                                    "nullable": true
                                                                                }
                                                                            }
                                                                        }
                                                                    }
                                                                }
                                                            }
                                                        }
                                                    }
                                                },
                                                "customerContactPerson": {
                                                    "type": "object",
                                                    "properties": {
                                                        "displayId": {
                                                            "type": "string",
                                                            "nullable": true
                                                        }
                                                    }
                                                }
                                            }
                                        }
                                    }
                                }
                            }
                        }
                    }
                }
            },
            "BusinessPartnerRelationshipInboundReplicationfile": {
                "title": "Business Partner Relationship Inbound Replication file",
                "type": "object",
                "properties": {
                    "value": {
                        "type": "object",
                        "properties": {
                            "messageHeader": {
                                "type": "object",
                                "properties": {
                                    "id": {
                                        "type": "string",
                                        "nullable": true,
                                        "format": "uuid",
                                        "title": "ID"
                                    },
                                    "senderCommunicationSystemDisplayId": {
                                        "type": "string",
                                        "nullable": true,
                                        "title": "Sender Communication System Display ID"
                                    },
                                    "receiverCommunicationSystemDisplayId": {
                                        "type": "string",
                                        "nullable": true,
                                        "title": "Receiver Communication System Display ID"
                                    },
                                    "creationDateTime": {
                                        "type": "string",
                                        "format": "date-time",
                                        "nullable": true
                                    }
                                }
                            },
                            "messageRequests": {
                                "type": "array",
                                "items": {
                                    "type": "object",
                                    "properties": {
                                        "messageHeader": {
                                            "type": "object",
                                            "properties": {
                                                "id": {
                                                    "type": "string",
                                                    "nullable": true,
                                                    "format": "uuid",
                                                    "title": "ID"
                                                },
                                                "messageEntityName": {
                                                    "type": "string",
                                                    "nullable": true
                                                },
                                                "creationDateTime": {
                                                    "type": "string",
                                                    "format": "date-time",
                                                    "nullable": true
                                                },
                                                "actionCode": {
                                                    "type": "string",
                                                    "nullable": true,
                                                    "enum": ["CREATE", "DELETE", "SAVE", "QUERY"],
                                                    "title": "Action Code"
                                                },
                                                "referenceMessageRequestId": {
                                                    "type": "string",
                                                    "nullable": true,
                                                    "title": "Reference Message Request ID"
                                                }
                                            }
                                        },
                                        "body": {
                                            "type": "object",
                                            "properties": {
                                                "firstBusinessPartnerId": {
                                                    "type": "string",
                                                    "nullable": true,
                                                    "format": "uuid"
                                                },
                                                "firstBusinessPartnerDisplayId": {
                                                    "type": "string",
                                                    "nullable": true
                                                },
                                                "receiverFirstBusinessPartnerId": {
                                                    "type": "string",
                                                    "nullable": true,
                                                    "format": "uuid"
                                                },
                                                "receiverFirstBusinessPartnerDisplayId": {
                                                    "type": "string",
                                                    "nullable": true
                                                },
                                                "secondBusinessPartnerId": {
                                                    "type": "string",
                                                    "nullable": true,
                                                    "format": "uuid"
                                                },
                                                "secondBusinessPartnerDisplayId": {
                                                    "type": "string",
                                                    "nullable": true
                                                },
                                                "receiverSecondBusinessPartnerId": {
                                                    "type": "string",
                                                    "nullable": true,
                                                    "format": "uuid"
                                                },
                                                "receiverSecondBusinessPartnerDisplayId": {
                                                    "type": "string",
                                                    "nullable": true
                                                },
                                                "relationshipRole": {
                                                    "type": "string",
                                                    "nullable": true
                                                },
                                                "validityPeriod": {
                                                    "type": "object",
                                                    "properties": {
                                                        "validFrom": {
                                                            "type": "string",
                                                            "format": "date-time",
                                                            "nullable": true
                                                        },
                                                        "validTo": {
                                                            "type": "string",
                                                            "format": "date-time",
                                                            "nullable": true
                                                        }
                                                    }
                                                },
                                                "isDefault": {
                                                    "type": "boolean",
                                                    "nullable": true
                                                },
                                                "contactPerson": {
                                                    "type": "object",
                                                    "properties": {
                                                        "functionalTitle": {
                                                            "type": "string",
                                                            "nullable": true
                                                        },
                                                        "department": {
                                                            "type": "string",
                                                            "nullable": true
                                                        },
                                                        "vipReason": {
                                                            "type": "string",
                                                            "nullable": true
                                                        },
                                                        "workplaceAddress": {
                                                            "type": "array",
                                                            "items": {
                                                                "type": "object",
                                                                "properties": {
                                                                    "addressId": {
                                                                        "type": "string",
                                                                        "nullable": true,
                                                                        "format": "uuid"
                                                                    },
                                                                    "receiverAddressId": {
                                                                        "type": "string",
                                                                        "nullable": true,
                                                                        "format": "uuid"
                                                                    },
                                                                    "isDefault": {
                                                                        "type": "boolean",
                                                                        "nullable": true
                                                                    },
                                                                    "address": {
                                                                        "type": "object",
                                                                        "properties": {
                                                                            "communicationPreference": {
                                                                                "type": "object",
                                                                                "properties": {
                                                                                    "preferredCommunicationMedium": {
                                                                                        "type": "string",
                                                                                        "nullable": true
                                                                                    }
                                                                                }
                                                                            },
                                                                            "email": {
                                                                                "type": "array",
                                                                                "items": {
                                                                                    "type": "object",
                                                                                    "properties": {
                                                                                        "uri": {
                                                                                            "type": "string",
                                                                                            "nullable": true
                                                                                        },
                                                                                        "isUsageDenied": {
                                                                                            "type": "boolean",
                                                                                            "nullable": true
                                                                                        },
                                                                                        "validityPeriod": {
                                                                                            "type": "object",
                                                                                            "properties": {
                                                                                                "validFrom": {
                                                                                                    "type": "string",
                                                                                                    "format": "date-time",
                                                                                                    "nullable": true
                                                                                                },
                                                                                                "validTo": {
                                                                                                    "type": "string",
                                                                                                    "format": "date-time",
                                                                                                    "nullable": true
                                                                                                }
                                                                                            }
                                                                                        },
                                                                                        "emailUsage": {
                                                                                            "type": "array",
                                                                                            "items": {
                                                                                                "type": "object",
                                                                                                "properties": {
                                                                                                    "usage": {
                                                                                                        "type": "object",
                                                                                                        "properties": {
                                                                                                            "code": {
                                                                                                                "type": "string",
                                                                                                                "nullable": true
                                                                                                            },
                                                                                                            "validityPeriod": {
                                                                                                                "type": "object",
                                                                                                                "properties": {
                                                                                                                    "validFrom": {
                                                                                                                        "type": "string",
                                                                                                                        "format": "date-time",
                                                                                                                        "nullable": true
                                                                                                                    },
                                                                                                                    "validTo": {
                                                                                                                        "type": "string",
                                                                                                                        "format": "date-time",
                                                                                                                        "nullable": true
                                                                                                                    }
                                                                                                                }
                                                                                                            }
                                                                                                        }
                                                                                                    }
                                                                                                }
                                                                                            }
                                                                                        }
                                                                                    }
                                                                                }
                                                                            },
                                                                            "facsimile": {
                                                                                "type": "array",
                                                                                "items": {
                                                                                    "type": "object",
                                                                                    "properties": {
                                                                                        "isUsageDenied": {
                                                                                            "type": "boolean",
                                                                                            "nullable": true
                                                                                        },
                                                                                        "areaId": {
                                                                                            "type": "string",
                                                                                            "nullable": true
                                                                                        },
                                                                                        "subscriberId": {
                                                                                            "type": "string",
                                                                                            "nullable": true
                                                                                        },
                                                                                        "extensionId": {
                                                                                            "type": "string",
                                                                                            "nullable": true
                                                                                        },
                                                                                        "country": {
                                                                                            "type": "string",
                                                                                            "nullable": true
                                                                                        },
                                                                                        "validityPeriod": {
                                                                                            "type": "object",
                                                                                            "properties": {
                                                                                                "validFrom": {
                                                                                                    "type": "string",
                                                                                                    "format": "date-time",
                                                                                                    "nullable": true
                                                                                                },
                                                                                                "validTo": {
                                                                                                    "type": "string",
                                                                                                    "format": "date-time",
                                                                                                    "nullable": true
                                                                                                }
                                                                                            }
                                                                                        },
                                                                                        "facsimileUsage": {
                                                                                            "type": "array",
                                                                                            "items": {
                                                                                                "type": "object",
                                                                                                "properties": {
                                                                                                    "usage": {
                                                                                                        "type": "object",
                                                                                                        "properties": {
                                                                                                            "code": {
                                                                                                                "type": "string",
                                                                                                                "nullable": true
                                                                                                            },
                                                                                                            "validityPeriod": {
                                                                                                                "type": "object",
                                                                                                                "properties": {
                                                                                                                    "validFrom": {
                                                                                                                        "type": "string",
                                                                                                                        "format": "date-time",
                                                                                                                        "nullable": true
                                                                                                                    },
                                                                                                                    "validTo": {
                                                                                                                        "type": "string",
                                                                                                                        "format": "date-time",
                                                                                                                        "nullable": true
                                                                                                                    }
                                                                                                                }
                                                                                                            }
                                                                                                        }
                                                                                                    }
                                                                                                }
                                                                                            }
                                                                                        }
                                                                                    }
                                                                                }
                                                                            },
                                                                            "telephone": {
                                                                                "type": "array",
                                                                                "items": {
                                                                                    "type": "object",
                                                                                    "properties": {
                                                                                        "isUsageDenied": {
                                                                                            "type": "boolean",
                                                                                            "nullable": true
                                                                                        },
                                                                                        "areaId": {
                                                                                            "type": "string",
                                                                                            "nullable": true
                                                                                        },
                                                                                        "subscriberId": {
                                                                                            "type": "string",
                                                                                            "nullable": true
                                                                                        },
                                                                                        "extensionId": {
                                                                                            "type": "string",
                                                                                            "nullable": true
                                                                                        },
                                                                                        "country": {
                                                                                            "type": "string",
                                                                                            "nullable": true
                                                                                        },
                                                                                        "validityPeriod": {
                                                                                            "type": "object",
                                                                                            "properties": {
                                                                                                "validFrom": {
                                                                                                    "type": "string",
                                                                                                    "format": "date-time",
                                                                                                    "nullable": true
                                                                                                },
                                                                                                "validTo": {
                                                                                                    "type": "string",
                                                                                                    "format": "date-time",
                                                                                                    "nullable": true
                                                                                                }
                                                                                            }
                                                                                        },
                                                                                        "isMobilePhoneNumber": {
                                                                                            "type": "boolean",
                                                                                            "nullable": true
                                                                                        },
                                                                                        "telephoneUsage": {
                                                                                            "type": "array",
                                                                                            "items": {
                                                                                                "type": "object",
                                                                                                "properties": {
                                                                                                    "usage": {
                                                                                                        "type": "object",
                                                                                                        "properties": {
                                                                                                            "code": {
                                                                                                                "type": "string",
                                                                                                                "nullable": true
                                                                                                            },
                                                                                                            "validityPeriod": {
                                                                                                                "type": "object",
                                                                                                                "properties": {
                                                                                                                    "validFrom": {
                                                                                                                        "type": "string",
                                                                                                                        "format": "date-time",
                                                                                                                        "nullable": true
                                                                                                                    },
                                                                                                                    "validTo": {
                                                                                                                        "type": "string",
                                                                                                                        "format": "date-time",
                                                                                                                        "nullable": true
                                                                                                                    }
                                                                                                                }
                                                                                                            }
                                                                                                        }
                                                                                                    }
                                                                                                }
                                                                                            }
                                                                                        }
                                                                                    }
                                                                                }
                                                                            },
                                                                            "workplace": {
                                                                                "type": "array",
                                                                                "items": {
                                                                                    "type": "object",
                                                                                    "properties": {
                                                                                        "addressRepresentation": {
                                                                                            "type": "string",
                                                                                            "nullable": true
                                                                                        },
                                                                                        "functionalTitleName": {
                                                                                            "type": "string",
                                                                                            "nullable": true
                                                                                        },
                                                                                        "departmentName": {
                                                                                            "type": "string",
                                                                                            "nullable": true
                                                                                        },
                                                                                        "buildingId": {
                                                                                            "type": "string",
                                                                                            "nullable": true
                                                                                        },
                                                                                        "floorId": {
                                                                                            "type": "string",
                                                                                            "nullable": true
                                                                                        },
                                                                                        "roomId": {
                                                                                            "type": "string",
                                                                                            "nullable": true
                                                                                        }
                                                                                    }
                                                                                }
                                                                            }
                                                                        }
                                                                    }
                                                                }
                                                            }
                                                        },
                                                        "customerContactPerson": {
                                                            "type": "object",
                                                            "properties": {
                                                                "displayId": {
                                                                    "type": "string",
                                                                    "nullable": true
                                                                }
                                                            }
                                                        }
                                                    }
                                                }
                                            }
                                        }
                                    }
                                }
                            }
                        }
                    }
                }
            }
        }
    },
    "security": [{
            "basicAuthentication": []
        }
    ],
    "paths": {
        "/sap/c4c/api/v1/inbound-data-connector-service/messages/sap.crm.md.integrationmetadataservice.entity.businessPartnerRelationshipS4ReplicationMessageIn": {
            "post": {
                "operationId": "createmd.integrationmetadataservice_businessPartnerRelationshipS4ReplicationIn",
                "tags": ["BusinessPartnerRelationshipS4ReplicationIn"],
                "summary": "Create data",
                "parameters": [],
                "requestBody": {
                    "content": {
                        "application/json": {
                            "schema": {
                                "$ref": "#/components/schemas/BusinessPartnerRelationshipInboundReplicationcreaterequest"
                            }
                        }
                    }
                },
                "responses": {
                    "201": {
                        "description": "201 CREATED",
                        "content": {
                            "application/json": {
                                "schema": {
                                    "$ref": "#/components/schemas/BusinessPartnerRelationshipInboundReplicationfile"
                                }
                            }
                        }
                    },
                    "400": {
                        "description": "400 BAD_REQUEST",
                        "content": {
                            "application/json": {
                                "schema": {
                                    "$ref": "#/components/schemas/error"
                                }
                            }
                        }
                    },
                    "401": {
                        "description": "401 UNAUTHORIZED"
                    },
                    "403": {
                        "description": "403 FORBIDDEN"
                    },
                    "404": {
                        "description": "404 NOT_FOUND"
                    },
                    "500": {
                        "description": "500 INTERNAL_SERVER_ERROR",
                        "content": {
                            "application/json": {
                                "schema": {
                                    "$ref": "#/components/schemas/error"
                                }
                            }
                        }
                    }
                }
            }
        }
    },
    "x-sap-shortText": "Manage entities from Business Partner Relationship Inbound Replication service."
}
