{"openapi":"3.0.3","info":{"title":"Sales Group Inbound Replication","version":"1.0.0","description":"This API replicates sales groups from SAP S/4HANA to SAP Sales and Service Cloud Version 2."},"servers":[{"url":"https://{hostname}","description":"Example of server url is https://my1234567.crm.cloud.sap","variables":{"hostname":{"default":""}}}],"components":{"securitySchemes":{"basicAuthentication":{"type":"http","scheme":"basic"}},"schemas":{"error":{"type":"object","properties":{"error":{"type":"object","properties":{"code":{"type":"string"},"details":{"type":"array","items":{"type":"object","properties":{"message":{"type":"string"},"code":{"type":"string"},"target":{"type":"string"}}}},"message":{"type":"string"},"target":{"type":"string"}}}}},"SalesGroupInboundReplicationcreaterequest":{"title":"Sales Group Inbound Replication create request","type":"object","properties":{"messageHeader":{"type":"object","properties":{"id":{"type":"string","nullable":true,"format":"uuid","title":"ID"},"senderCommunicationSystemDisplayId":{"type":"string","nullable":true,"title":"Sender Communication System Display ID"},"receiverCommunicationSystemDisplayId":{"type":"string","nullable":true,"title":"Receiver Communication System Display ID"},"creationDateTime":{"type":"string","format":"date-time","nullable":true}}},"messageRequests":{"type":"array","items":{"type":"object","properties":{"messageHeader":{"type":"object","properties":{"id":{"type":"string","nullable":true,"format":"uuid","title":"ID"},"messageEntityName":{"type":"string","nullable":true},"creationDateTime":{"type":"string","format":"date-time","nullable":true},"actionCode":{"type":"string","nullable":true,"enum":["CREATE","DELETE","SAVE","QUERY"],"title":"Action Code"},"referenceMessageRequestId":{"type":"string","nullable":true,"title":"Reference Message Request ID"}}},"body":{"type":"object","properties":{"displayId":{"type":"string","nullable":true},"receiverDisplayId":{"type":"string","nullable":true},"name":{"type":"string","nullable":true},"salesOfficeReferences":{"type":"array","items":{"type":"object","properties":{"displayId":{"type":"string","nullable":true}}}}}}}}}}},"SalesGroupInboundReplicationfile":{"title":"Sales Group Inbound Replication file","type":"object","properties":{"value":{"type":"object","properties":{"messageHeader":{"type":"object","properties":{"id":{"type":"string","nullable":true,"format":"uuid","title":"ID"},"senderCommunicationSystemDisplayId":{"type":"string","nullable":true,"title":"Sender Communication System Display ID"},"receiverCommunicationSystemDisplayId":{"type":"string","nullable":true,"title":"Receiver Communication System Display ID"},"creationDateTime":{"type":"string","format":"date-time","nullable":true}}},"messageRequests":{"type":"array","items":{"type":"object","properties":{"messageHeader":{"type":"object","properties":{"id":{"type":"string","nullable":true,"format":"uuid","title":"ID"},"messageEntityName":{"type":"string","nullable":true},"creationDateTime":{"type":"string","format":"date-time","nullable":true},"actionCode":{"type":"string","nullable":true,"enum":["CREATE","DELETE","SAVE","QUERY"],"title":"Action Code"},"referenceMessageRequestId":{"type":"string","nullable":true,"title":"Reference Message Request ID"}}},"body":{"type":"object","properties":{"displayId":{"type":"string","nullable":true},"receiverDisplayId":{"type":"string","nullable":true},"name":{"type":"string","nullable":true},"salesOfficeReferences":{"type":"array","items":{"type":"object","properties":{"displayId":{"type":"string","nullable":true}}}}}}}}}}}}}}},"security":[{"basicAuthentication":[]}],"paths":{"/sap/c4c/api/v1/inbound-data-connector-service/messages/sap.crm.md.integrationmetadataservice.entity.salesGroupS4ReplicationMessageIn":{"post":{"operationId":"createmd.integrationmetadataservice_salesGroupS4ReplicationIn","tags":["SalesGroupS4ReplicationIn"],"summary":"Create data","parameters":[],"requestBody":{"content":{"application/json":{"schema":{"$ref":"#/components/schemas/SalesGroupInboundReplicationcreaterequest"}}}},"responses":{"201":{"description":"201 CREATED","content":{"application/json":{"schema":{"$ref":"#/components/schemas/SalesGroupInboundReplicationfile"}}}},"400":{"description":"400 BAD_REQUEST","content":{"application/json":{"schema":{"$ref":"#/components/schemas/error"}}}},"401":{"description":"401 UNAUTHORIZED"},"403":{"description":"403 FORBIDDEN"},"404":{"description":"404 NOT_FOUND"},"500":{"description":"500 INTERNAL_SERVER_ERROR","content":{"application/json":{"schema":{"$ref":"#/components/schemas/error"}}}}}}}},"x-sap-shortText":"Manage entities from Sales Group Inbound Replication service."}