{
	"openapi": "3.0.3",
	"info": {
		"title": "Addresses Service",
		"version": "1.0.0",
		"description": "Addresses \n\nUse this API to view and manage the addresses"
	},
	"servers": [
		{
			"url": "https://{hostname}",
			"description": "Example of server url is https://my1234567.crm.cloud.sap",
			"variables": {
				"hostname": {
					"default": ""
				}
			}
		}
	],
	"components": {
		"securitySchemes": {
			"basicAuthentication": {
				"type": "http",
				"scheme": "basic"
			}
		},
		"schemas": {
			"error": {
				"type": "object",
				"properties": {
					"error": {
						"type": "object",
						"properties": {
							"code": {
								"type": "string"
							},
							"details": {
								"type": "array",
								"items": {
									"type": "object",
									"properties": {
										"message": {
											"type": "string"
										},
										"code": {
											"type": "string"
										},
										"target": {
											"type": "string"
										}
									}
								}
							},
							"message": {
								"type": "string"
							},
							"target": {
								"type": "string"
							}
						}
					}
				}
			},
			"Addressesqueryresponse": {
				"title": "Addresses query response",
				"type": "object",
				"properties": {
					"count": {
						"type": "integer",
						"format": "int32"
					},
					"value": {
						"type": "array",
						"items": {
							"type": "object",
							"properties": {
								"addressType": {
									"type": "string",
									"nullable": true,
									"maxLength": 1,
									"title": "lbl_addressType"
								},
								"objectId": {
									"type": "string",
									"nullable": true,
									"maxLength": 70,
									"title": "lbl_objectId"
								},
								"bpAddresses": {
									"type": "array",
									"items": {
										"type": "object",
										"properties": {
											"addressNumber": {
												"type": "string",
												"nullable": true,
												"maxLength": 10,
												"title": "lbl_addressNumber"
											},
											"addressDescription": {
												"type": "string",
												"nullable": true,
												"maxLength": 60,
												"title": "lbl_addressDescription"
											},
											"validToDate": {
												"type": "string",
												"format": "date",
												"nullable": true
											},
											"validFromDate": {
												"type": "string",
												"format": "date",
												"nullable": true
											}
										}
									}
								},
								"objectAddress": {
									"type": "object",
									"properties": {
										"addrNumber": {
											"type": "string",
											"nullable": true,
											"maxLength": 10,
											"title": "lbl_addrNumber"
										},
										"addrHandle": {
											"type": "string",
											"nullable": true,
											"maxLength": 140,
											"title": "lbl_addrHandle"
										},
										"nation": {
											"type": "string",
											"nullable": true,
											"maxLength": 1,
											"title": "lbl_nation"
										},
										"date": {
											"type": "string",
											"format": "date",
											"nullable": true
										},
										"dateFrom": {
											"type": "string",
											"format": "date",
											"nullable": true
										},
										"dateTo": {
											"type": "string",
											"format": "date",
											"nullable": true
										},
										"nameCo": {
											"type": "string",
											"nullable": true,
											"maxLength": 40,
											"title": "lbl_nameCo"
										},
										"city1": {
											"type": "string",
											"nullable": true,
											"maxLength": 40,
											"title": "lbl_city1"
										},
										"city2": {
											"type": "string",
											"nullable": true,
											"maxLength": 40,
											"title": "lbl_city2"
										},
										"cityCode": {
											"type": "string",
											"nullable": true,
											"maxLength": 12,
											"title": "lbl_cityCode"
										},
										"citypCode": {
											"type": "string",
											"nullable": true,
											"maxLength": 8,
											"title": "lbl_citypCode"
										},
										"homeCity": {
											"type": "string",
											"nullable": true,
											"maxLength": 40,
											"title": "lbl_homeCity"
										},
										"cityhCode": {
											"type": "string",
											"nullable": true,
											"maxLength": 12,
											"title": "lbl_cityhCode"
										},
										"chckStatus": {
											"type": "string",
											"nullable": true,
											"maxLength": 1,
											"title": "lbl_chckStatus"
										},
										"regioGroup": {
											"type": "string",
											"nullable": true,
											"maxLength": 8,
											"title": "lbl_regioGroup"
										},
										"postCode1": {
											"type": "string",
											"nullable": true,
											"maxLength": 10,
											"title": "lbl_postCode1"
										},
										"postCode2": {
											"type": "string",
											"nullable": true,
											"maxLength": 10,
											"title": "lbl_postCode2"
										},
										"postCode3": {
											"type": "string",
											"nullable": true,
											"maxLength": 10,
											"title": "lbl_postCode3"
										},
										"poBox": {
											"type": "string",
											"nullable": true,
											"maxLength": 10,
											"title": "lbl_poBox"
										},
										"poBoxNum": {
											"type": "string",
											"nullable": true,
											"maxLength": 1,
											"title": "lbl_poBoxNum"
										},
										"poBoxLoc": {
											"type": "string",
											"nullable": true,
											"maxLength": 40,
											"title": "lbl_poBoxLoc"
										},
										"cityCode2": {
											"type": "string",
											"nullable": true,
											"maxLength": 12,
											"title": "lbl_cityCode2"
										},
										"poBoxReg": {
											"type": "string",
											"nullable": true,
											"maxLength": 3,
											"title": "lbl_poBoxReg"
										},
										"poBoxCty": {
											"type": "string",
											"nullable": true,
											"maxLength": 3,
											"title": "lbl_poBoxCty"
										},
										"transpZone": {
											"type": "string",
											"nullable": true,
											"maxLength": 10,
											"title": "lbl_transpZone"
										},
										"street": {
											"type": "string",
											"nullable": true,
											"maxLength": 60,
											"title": "Street"
										},
										"streetCode": {
											"type": "string",
											"nullable": true,
											"maxLength": 12,
											"title": "lbl_streetCode"
										},
										"houseNum1": {
											"type": "string",
											"nullable": true,
											"maxLength": 10,
											"title": "lbl_houseNum1"
										},
										"houseNum2": {
											"type": "string",
											"nullable": true,
											"maxLength": 10,
											"title": "lbl_houseNum2"
										},
										"strSuppl1": {
											"type": "string",
											"nullable": true,
											"maxLength": 40,
											"title": "lbl_strSuppl1"
										},
										"strSuppl2": {
											"type": "string",
											"nullable": true,
											"maxLength": 40,
											"title": "lbl_strSuppl2"
										},
										"strSuppl3": {
											"type": "string",
											"nullable": true,
											"maxLength": 40,
											"title": "lbl_strSuppl3"
										},
										"location": {
											"type": "string",
											"nullable": true,
											"maxLength": 40,
											"title": "lbl_location"
										},
										"building": {
											"type": "string",
											"nullable": true,
											"maxLength": 20,
											"title": "lbl_building"
										},
										"floor": {
											"type": "string",
											"nullable": true,
											"maxLength": 10,
											"title": "Floor Building"
										},
										"roomNumber": {
											"type": "string",
											"nullable": true,
											"maxLength": 10,
											"title": "lbl_roomNumber"
										},
										"country": {
											"type": "string",
											"nullable": true,
											"maxLength": 3,
											"title": "lbl_country"
										},
										"region": {
											"type": "string",
											"nullable": true,
											"maxLength": 3,
											"title": "Region (State, Province, Country)"
										},
										"sort1": {
											"type": "string",
											"nullable": true,
											"maxLength": 20,
											"title": "lbl_sort1"
										},
										"sort2": {
											"type": "string",
											"nullable": true,
											"maxLength": 20,
											"title": "lbl_sort2"
										},
										"timeZone": {
											"type": "string",
											"nullable": true,
											"maxLength": 6,
											"title": "lbl_timeZone"
										},
										"taxJurcode": {
											"type": "string",
											"nullable": true,
											"maxLength": 15,
											"title": "lbl_taxJurcode"
										},
										"remark": {
											"type": "string",
											"nullable": true,
											"maxLength": 50,
											"title": "lbl_remark"
										},
										"poBoxLobby": {
											"type": "string",
											"nullable": true,
											"maxLength": 40,
											"title": "lbl_poBoxLobby"
										},
										"deliServType": {
											"type": "string",
											"nullable": true,
											"maxLength": 4,
											"title": "lbl_deliServType"
										},
										"deliServNumber": {
											"type": "string",
											"nullable": true,
											"maxLength": 10,
											"title": "lbl_deliServNumber"
										},
										"countyCode": {
											"type": "string",
											"nullable": true,
											"maxLength": 8,
											"title": "lbl_countyCode"
										},
										"county": {
											"type": "string",
											"nullable": true,
											"maxLength": 40,
											"title": "lbl_county"
										},
										"townshipCode": {
											"type": "string",
											"nullable": true,
											"maxLength": 8,
											"title": "lbl_townshipCode"
										},
										"township": {
											"type": "string",
											"nullable": true,
											"maxLength": 40,
											"title": "lbl_township"
										},
										"addressLine1": {
											"type": "string",
											"nullable": true,
											"maxLength": 80,
											"title": "lbl_addressLine1"
										},
										"addressLine2": {
											"type": "string",
											"nullable": true,
											"maxLength": 80,
											"title": "lbl_addressLine2"
										},
										"addressLine3": {
											"type": "string",
											"nullable": true,
											"maxLength": 80,
											"title": "lbl_addressLine3"
										},
										"addressLine4": {
											"type": "string",
											"nullable": true,
											"maxLength": 80,
											"title": "lbl_addressLine4"
										},
										"addressLine5": {
											"type": "string",
											"nullable": true,
											"maxLength": 80,
											"title": "lbl_addressLine5"
										},
										"addressLine6": {
											"type": "string",
											"nullable": true,
											"maxLength": 80,
											"title": "lbl_addressLine6"
										}
									}
								}
							}
						}
					}
				}
			},
			"info": {
				"type": "object",
				"properties": {
					"info": {
						"type": "object",
						"properties": {
							"code": {
								"type": "string"
							},
							"details": {
								"type": "array",
								"items": {
									"type": "object",
									"properties": {
										"message": {
											"type": "string"
										},
										"target": {
											"type": "string"
										},
										"code": {
											"type": "string"
										},
										"severity": {
											"type": "string",
											"enum": [
												"ERROR",
												"WARNING",
												"INFO"
											]
										}
									}
								}
							},
							"message": {
								"type": "string"
							},
							"target": {
								"type": "string"
							},
							"severity": {
								"type": "string",
								"enum": [
									"ERROR",
									"WARNING",
									"INFO"
								]
							}
						}
					}
				}
			}
		}
	},
	"security": [
		{
			"basicAuthentication": []
		}
	],
	"paths": {
		"/sap/c4c/api/v1/utilities-common-integration-service/addresses": {
			"get": {
				"operationId": "querycommonintegrationservice_addresses",
				"tags": [
					"Addresses"
				],
				"summary": "Retrieve address for a business partner",
				"description": "Specify query parameters to return fixed address of a customer from the system.",
				"parameters": [
					{
						"name": "$filter",
						"in": "query",
						"required": true,
						"schema": {
							"type": "string"
						},
						"examples": {
							"one": {
								"value": "addressType eq F and objectId eq 7000003995",
								"summary": "Addresses retrieval"
							}
						},
						"description": "Filter fixed address by attribute."
					}
				],
				"responses": {
					"200": {
						"description": "Retrieved Addresses",
						"content": {
							"application/json": {
								"schema": {
									"allOf": [
										{
											"$ref": "#/components/schemas/Addressesqueryresponse"
										},
										{
											"$ref": "#/components/schemas/info"
										}
									]
								}
							}
						}
					},
					"401": {
						"description": "Unauthorized.\n\nThis error is caused when the request has not been applied because there are no valid authentication credentials for the target resource."
					},
					"403": {
						"description": "Forbidden.\n\nThis client error code indicates that the server understood the request but refuses to authorize it."
					},
					"500": {
						"description": "Internal Server Error.\n\nFailed to query the addresses of customer",
						"content": {
							"application/json": {
								"schema": {
									"$ref": "#/components/schemas/error"
								}
							}
						}
					}
				}
			}
		}
	},
	"x-sap-shortText": "Manage entities from Addresses service.",
	"x-sap-extensible": {
		"supported": "automatic",
		"description": "You can create extension fields in the Addresses Service API by following the steps mentioned in https://help.sap.com/docs/CX_NG_SVC/2c87cece32844c91836e535aef8f9642/d3bdfac0c6b141c0bac27408c3ed159f.html?locale=en-US. The newly created extensions will be available in the API request and response body."
	}
}