{"openapi":"3.0.3","info":{"title":"Contract Call Off Inbound Replication","version":"1.0.0","description":"This API replicates contract call off from SAP S/4HANA to SAP Sales Cloud Version 2."},"servers":[{"url":"https://{hostname}","description":"Example of server url is https://my1234567.crm.cloud.sap","variables":{"hostname":{"default":""}}}],"components":{"securitySchemes":{"basicAuthentication":{"type":"http","scheme":"basic"}},"schemas":{"error":{"type":"object","properties":{"error":{"type":"object","properties":{"code":{"type":"string"},"details":{"type":"array","items":{"type":"object","properties":{"message":{"type":"string"},"code":{"type":"string"},"target":{"type":"string"}}}},"message":{"type":"string"},"target":{"type":"string"}}}}},"ContractCallOffInboundReplicationcreaterequest":{"title":"Contract Call Off Inbound Replication create request","type":"object","properties":{"messageHeader":{"type":"object","properties":{"id":{"type":"string","nullable":true,"format":"uuid","title":"ID"},"senderCommunicationSystemDisplayId":{"type":"string","nullable":true,"title":"Sender Communication System Display ID"},"receiverCommunicationSystemDisplayId":{"type":"string","nullable":true,"title":"Receiver Communication System Display ID"},"creationDateTime":{"type":"string","format":"date-time","nullable":true}}},"messageRequests":{"type":"array","items":{"type":"object","properties":{"messageHeader":{"type":"object","properties":{"id":{"type":"string","nullable":true,"format":"uuid","title":"ID"},"messageEntityName":{"type":"string","nullable":true},"creationDateTime":{"type":"string","format":"date-time","nullable":true},"actionCode":{"type":"string","nullable":true,"enum":["CREATE","DELETE","SAVE","QUERY"],"title":"Action Code"},"referenceMessageRequestId":{"type":"string","nullable":true,"title":"Reference Message Request ID"}}},"body":{"type":"object","properties":{"displayId":{"type":"string","nullable":true},"receiverDisplayId":{"type":"string","nullable":true},"items":{"type":"array","items":{"type":"object","properties":{"lineNumber":{"type":"string","nullable":true},"releasedQuantity":{"type":"object","properties":{"content":{"type":"number","nullable":true,"format":"double"},"uomCode":{"type":"string","nullable":true}}},"openQuantity":{"type":"object","properties":{"content":{"type":"number","nullable":true,"format":"double"},"uomCode":{"type":"string","nullable":true}}}}}}}}}}}}},"ContractCallOffInboundReplicationfile":{"title":"Contract Call Off Inbound Replication file","type":"object","properties":{"value":{"type":"object","properties":{"messageHeader":{"type":"object","properties":{"id":{"type":"string","nullable":true,"format":"uuid","title":"ID"},"senderCommunicationSystemDisplayId":{"type":"string","nullable":true,"title":"Sender Communication System Display ID"},"receiverCommunicationSystemDisplayId":{"type":"string","nullable":true,"title":"Receiver Communication System Display ID"},"creationDateTime":{"type":"string","format":"date-time","nullable":true}}},"messageRequests":{"type":"array","items":{"type":"object","properties":{"messageHeader":{"type":"object","properties":{"id":{"type":"string","nullable":true,"format":"uuid","title":"ID"},"messageEntityName":{"type":"string","nullable":true},"creationDateTime":{"type":"string","format":"date-time","nullable":true},"actionCode":{"type":"string","nullable":true,"enum":["CREATE","DELETE","SAVE","QUERY"],"title":"Action Code"},"referenceMessageRequestId":{"type":"string","nullable":true,"title":"Reference Message Request ID"}}},"body":{"type":"object","properties":{"displayId":{"type":"string","nullable":true},"receiverDisplayId":{"type":"string","nullable":true},"items":{"type":"array","items":{"type":"object","properties":{"lineNumber":{"type":"string","nullable":true},"releasedQuantity":{"type":"object","properties":{"content":{"type":"number","nullable":true,"format":"double"},"uomCode":{"type":"string","nullable":true}}},"openQuantity":{"type":"object","properties":{"content":{"type":"number","nullable":true,"format":"double"},"uomCode":{"type":"string","nullable":true}}}}}}}}}}}}}}}}},"security":[{"basicAuthentication":[]}],"paths":{"/sap/c4c/api/v1/http/c4c/s4/contractS4ReplicationCallOffIn":{"post":{"operationId":"createsalescontractservice_contractS4ReplicationCallOffIn","tags":["ContractS4ReplicationCallOffIn"],"summary":"Create data","parameters":[],"requestBody":{"content":{"application/json":{"schema":{"$ref":"#/components/schemas/ContractCallOffInboundReplicationcreaterequest"}}}},"responses":{"201":{"description":"201 CREATED","content":{"application/json":{"schema":{"$ref":"#/components/schemas/ContractCallOffInboundReplicationfile"}}}},"400":{"description":"400 BAD_REQUEST","content":{"application/json":{"schema":{"$ref":"#/components/schemas/error"}}}},"401":{"description":"401 UNAUTHORIZED"},"403":{"description":"403 FORBIDDEN"},"404":{"description":"404 NOT_FOUND"},"500":{"description":"500 INTERNAL_SERVER_ERROR","content":{"application/json":{"schema":{"$ref":"#/components/schemas/error"}}}}}}}},"x-sap-shortText":"Manage entities from Contract Call Off Inbound Replication service."}