{
	"openapi": "3.0.3",
	"info": {
		"title": "Bank Details by Country Service",
		"version": "1.0.0",
		"description": "Use this API to get bank details by country"
	},
	"servers": [
		{
			"url": "https://{hostname}",
			"description": "Example of server url is https://my1234567.crm.cloud.sap",
			"variables": {
				"hostname": {
					"default": ""
				}
			}
		}
	],
	"components": {
		"securitySchemes": {
			"basicAuthentication": {
				"type": "http",
				"scheme": "basic"
			}
		},
		"schemas": {
			"error": {
				"type": "object",
				"properties": {
					"error": {
						"type": "object",
						"properties": {
							"code": {
								"type": "string"
							},
							"details": {
								"type": "array",
								"items": {
									"type": "object",
									"properties": {
										"message": {
											"type": "string"
										},
										"code": {
											"type": "string"
										},
										"target": {
											"type": "string"
										}
									}
								}
							},
							"message": {
								"type": "string"
							},
							"target": {
								"type": "string"
							}
						}
					}
				}
			},
			"BankDetailsbyCountryqueryresponse": {
				"title": "Bank Details by Country query response",
				"type": "object",
				"properties": {
					"count": {
						"type": "integer",
						"format": "int32"
					},
					"value": {
						"type": "array",
						"items": {
							"type": "object",
							"properties": {
								"bankCountry": {
									"type": "string",
									"nullable": true,
									"maxLength": 3,
									"title": "Bank"
								},
								"bankKey": {
									"type": "string",
									"nullable": true,
									"maxLength": 15,
									"title": "Bank Key"
								},
								"bankName": {
									"type": "string",
									"nullable": true,
									"maxLength": 60,
									"title": "Bank Name"
								},
								"houseStreet": {
									"type": "string",
									"nullable": true,
									"maxLength": 35,
									"title": "House and Street"
								},
								"city": {
									"type": "string",
									"nullable": true,
									"maxLength": 35,
									"title": "City"
								},
								"swiftKey": {
									"type": "string",
									"nullable": true,
									"maxLength": 11,
									"title": "Swift/BIC"
								},
								"bankNumber": {
									"type": "string",
									"nullable": true,
									"maxLength": 15,
									"title": "Bank Number"
								},
								"bankBranch": {
									"type": "string",
									"nullable": true,
									"maxLength": 40,
									"title": "Bank Branch"
								}
							}
						}
					}
				}
			},
			"info": {
				"type": "object",
				"properties": {
					"info": {
						"type": "object",
						"properties": {
							"code": {
								"type": "string"
							},
							"details": {
								"type": "array",
								"items": {
									"type": "object",
									"properties": {
										"message": {
											"type": "string"
										},
										"target": {
											"type": "string"
										},
										"code": {
											"type": "string"
										},
										"severity": {
											"type": "string",
											"enum": [
												"ERROR",
												"WARNING",
												"INFO"
											]
										}
									}
								}
							},
							"message": {
								"type": "string"
							},
							"target": {
								"type": "string"
							},
							"severity": {
								"type": "string",
								"enum": [
									"ERROR",
									"WARNING",
									"INFO"
								]
							}
						}
					}
				}
			}
		}
	},
	"security": [
		{
			"basicAuthentication": []
		}
	],
	"paths": {
		"/sap/c4c/api/v1/utilities-common-integration-service/bank": {
			"get": {
				"operationId": "querycommonintegrationservice_bank",
				"tags": [
					"Bank"
				],
				"summary": "Retrieve bank details",
				"description": "Specify query parameters to return bank details from the system.",
				"parameters": [
					{
						"name": "$filter",
						"in": "query",
						"required": true,
						"schema": {
							"type": "string"
						},
						"examples": {
							"one": {
								"value": "bankCountry eq DE",
								"summary": "Bank Details retrieval"
							}
						},
						"description": "Filter Bank Details by country."
					}
				],
				"responses": {
					"200": {
						"description": "Retrieved Bank Details",
						"content": {
							"application/json": {
								"schema": {
									"allOf": [
										{
											"$ref": "#/components/schemas/BankDetailsbyCountryqueryresponse"
										},
										{
											"$ref": "#/components/schemas/info"
										}
									]
								}
							}
						}
					},
					"401": {
						"description": "Unauthorized.\n\nThis error is caused when the request has not been applied because there are no valid authentication credentials for the target resource."
					},
					"403": {
						"description": "Forbidden.\n\nThis client error code indicates that the server understood the request but refuses to authorize it."
					},
					"500": {
						"description": "Internal Server Error.\n\nFailed to retrieve Bank Details.",
						"content": {
							"application/json": {
								"schema": {
									"$ref": "#/components/schemas/error"
								}
							}
						}
					}
				}
			}
		}
	},
	"x-sap-shortText": "Manage entities from Bank Details by Country service.",
	"x-sap-extensible": {
		"supported": "automatic",
		"description": "You can create extension fields in the Bank Details by Country Service API by following the steps mentioned in https://help.sap.com/docs/CX_NG_SVC/2c87cece32844c91836e535aef8f9642/d3bdfac0c6b141c0bac27408c3ed159f.html?locale=en-US. The newly created extensions will be available in the API request and response body."
	}
}