<?xml version="1.0" encoding="utf-8"?>
<!-- Created with Liquid Technologies Online Tools 1.0 (https://www.liquid-technologies.com) -->
<xs:schema attributeFormDefault="unqualified" elementFormDefault="qualified" xmlns:xs="http://www.w3.org/2001/XMLSchema">
  <xs:element name="EtBusinessPartner">
    <xs:complexType>
      <xs:sequence>
        <xs:element name="item">
          <xs:complexType>
            <xs:sequence>
              <xs:element name="BusinessPartner" type="xs:unsignedShort" />
            </xs:sequence>
          </xs:complexType>
        </xs:element>
      </xs:sequence>
    </xs:complexType>
  </xs:element>
  <xs:element name="MessageHeader">
    <xs:complexType>
      <xs:sequence>
        <xs:element name="UUID" type="xs:string" />
        <xs:element name="CreationDateTime" type="xs:date" />
        <xs:element name="SenderBusinessSystemID" type="xs:string" />
      </xs:sequence>
    </xs:complexType>
  </xs:element>
  <xs:element name="UtilitiesPremiseReplicateRequest">
    <xs:complexType>
      <xs:sequence>
        <xs:element name="MessageHeader">
          <xs:complexType>
            <xs:sequence>
              <xs:element name="UUID" type="xs:string" />
              <xs:element name="CreationDateTime" type="xs:dateTime" />
              <xs:element name="SenderBusinessSystemID" type="xs:string" />
            </xs:sequence>
          </xs:complexType>
        </xs:element>
        <xs:element name="UtilitiesPremise">
          <xs:complexType>
            <xs:sequence>
              <xs:element name="ID" type="xs:unsignedInt" />
              <xs:element name="PremiseType" type="xs:unsignedByte" />
              <xs:element name="InstallationPointAddressInformation">
                <xs:complexType>
                  <xs:sequence>
                    <xs:element name="HouseID" type="xs:unsignedByte" />
                    <xs:element name="StreetPostalCode" type="xs:unsignedInt" />
                    <xs:element name="CityName" type="xs:string" />
                    <xs:element name="StreetName" type="xs:string" />
                    <xs:element name="CountryCode" type="xs:string" />
                    <xs:element name="RegionCode" type="xs:unsignedByte" />
                    <xs:element name="TimeZoneCode" type="xs:string" />
                  </xs:sequence>
                </xs:complexType>
              </xs:element>
            </xs:sequence>
          </xs:complexType>
        </xs:element>
      </xs:sequence>
    </xs:complexType>
  </xs:element>
</xs:schema>