{
    "openapi": "3.0.0",
    "info": {
        "title": "SPA",
        "version": "1.0.0"
    },
    "servers": [
        {
            "url": "https://v0371-iflmap.avtsbhf.eu1.hana.ondemand.com"
        }
    ],
    "components": {
        "securitySchemes": {
            "basicAuth": {
                "type": "http",
                "scheme": "basic"
            }
        }
    },
    "paths": {
        "/http/spa/costcenter": {
            "post": {
                "description": "Create a cost center in S/4HANA Cloud",
                "operationId": "Cost Center",
                "summary": "Create a cost center in S4HANA",
                "requestBody": {
                    "content": {
                        "application/json": {
                            "schema": {
                                "type": "object",
                                "properties": {
                                    "Cost Center ID": {
                                        "type": "string"
                                    },
                                    "Cost Center Name": {
                                        "type": "string"
                                    },
                                    "Description": {
                                        "type": "string"
                                    },
                                    "Cost Center Type": {
                                        "type": "string"
                                    },
                                    "Valid From": {
                                        "type": "string",
                                        "format": "date"
                                    },
                                    "Valid To": {
                                        "type": "string",
                                        "format": "date"
                                    },
                                    "Company Code": {
                                        "type": "string"
                                    },
                                    "Profit Center": {
                                        "type": "string"
                                    },
                                    "Functional Area": {
                                        "type": "string"
                                    },
                                    "Person Responsible": {
                                        "type": "string"
                                    },
                                    "User Responsible": {
                                        "type": "string"
                                    }
                                },
                                "required": [
                                    "Cost Center ID",
                                    "Cost Center Name",
                                    "Description",
                                    "Cost Center Type",
                                    "Valid From",
                                    "Valid To",
                                    "Company Code",
                                    "Profit Center",
                                    "Functional Area",
                                    "Person Responsible",
                                    "User Responsible"
                                ]
                            }
                        }
                    }
                },
                "security": [
                    {
                        "basicAuth": []
                    }
                ],
                "parameters": [
                    {
                        "name": "Accept",
                        "in": "header",
                        "schema": {
                            "type": "string"
                        },
                        "example": "application/json"
                    }
                ],
                "responses": {
                    "200": {
                        "description": "Successful response",
                        "content": {
                            "application/json": {
                                "schema": {}
                            }
                        }
                    }
                }
            }
        }
    }
}