{
	"openapi": "3.0.3",
	"info": {
		"title": "Contract Account Replication In",
		"version": "1.0.0",
		"description": "Replicate contract account from SAP S/4HANA"
	},
	"servers": [
		{
			"url": "https://{hostname}",
			"description": "Example of server url is https://my1234567.crm.cloud.sap",
			"variables": {
				"hostname": {
					"default": ""
				}
			}
		}
	],
	"components": {
		"securitySchemes": {
			"basicAuthentication": {
				"type": "http",
				"scheme": "basic"
			}
		},
		"schemas": {
			"error": {
				"type": "object",
				"properties": {
					"error": {
						"type": "object",
						"properties": {
							"code": {
								"type": "string"
							},
							"details": {
								"type": "array",
								"items": {
									"type": "object",
									"properties": {
										"message": {
											"type": "string"
										},
										"code": {
											"type": "string"
										},
										"target": {
											"type": "string"
										}
									}
								}
							},
							"message": {
								"type": "string"
							},
							"target": {
								"type": "string"
							}
						}
					}
				}
			},
			"ContractAccountReplicationIncreaterequest": {
				"title": "Contract Account Replication In create request",
				"type": "object",
				"properties": {
					"messageHeader": {
						"type": "object",
						"properties": {
							"id": {
								"type": "string",
								"nullable": true,
								"format": "uuid",
								"title": "ID"
							},
							"senderCommunicationSystemDisplayId": {
								"type": "string",
								"nullable": true,
								"title": "Sender Communication System Display ID"
							},
							"receiverCommunicationSystemDisplayId": {
								"type": "string",
								"nullable": true,
								"title": "Receiver Communication System Display ID"
							},
							"creationDateTime": {
								"type": "string",
								"format": "date-time",
								"nullable": true
							}
						}
					},
					"messageRequests": {
						"type": "array",
						"items": {
							"type": "object",
							"properties": {
								"messageHeader": {
									"type": "object",
									"properties": {
										"id": {
											"type": "string",
											"nullable": true,
											"format": "uuid",
											"title": "ID"
										},
										"messageEntityName": {
											"type": "string",
											"nullable": true
										},
										"creationDateTime": {
											"type": "string",
											"format": "date-time",
											"nullable": true
										},
										"actionCode": {
											"type": "string",
											"nullable": true,
											"enum": [
												"CREATE",
												"DELETE",
												"SAVE",
												"QUERY"
											],
											"title": "Action Code"
										},
										"referenceMessageRequestId": {
											"type": "string",
											"nullable": true,
											"title": "Reference Message Request ID"
										}
									}
								},
								"body": {
									"type": "object",
									"properties": {
										"companyCode": {
											"type": "string",
											"nullable": true,
											"title": "Company Code"
										},
										"dunningPartyExtId": {
											"type": "string",
											"nullable": true,
											"title": "Dunning Party External ID"
										},
										"alternativePayerExtId": {
											"type": "string",
											"nullable": true,
											"title": "Alternate Payer External ID"
										},
										"alternativePayeeExtId": {
											"type": "string",
											"nullable": true,
											"title": "Alternate Payee External ID"
										},
										"billToPartyExtId": {
											"type": "string",
											"nullable": true,
											"title": "Bill To Party External ID"
										},
										"correspondencePartyExtId": {
											"type": "string",
											"nullable": true,
											"title": "Correspondence Party External ID"
										},
										"overDueAmount": {
											"type": "string",
											"nullable": true,
											"title": "Overdue Amount"
										},
										"totalBalance": {
											"type": "string",
											"nullable": true,
											"title": "Total Balance"
										},
										"outgoingPaymentMethod": {
											"type": "string",
											"nullable": true,
											"title": "Outgoing Payment Method"
										},
										"incomingPaymentMethod": {
											"type": "string",
											"nullable": true
										},
										"companyCodeGroup": {
											"type": "string",
											"nullable": true,
											"title": "Company Code Group"
										},
										"budgetBillingProcedure": {
											"type": "string",
											"nullable": true,
											"title": "Budget Billing Procedure"
										},
										"billForm": {
											"type": "string",
											"nullable": true,
											"title": "Bill Form"
										},
										"toleranceGroup": {
											"type": "string",
											"nullable": true,
											"title": "Tolerance Group"
										},
										"dunningProcedure": {
											"type": "string",
											"nullable": true,
											"title": "Dunning Procedure"
										},
										"referenceNumber": {
											"type": "string",
											"nullable": true,
											"title": "Reference Number"
										},
										"accountInLegacy": {
											"type": "string",
											"nullable": true
										},
										"alternativePayee": {
											"type": "string",
											"nullable": true,
											"title": "Alternate Payee ID"
										},
										"billToParty": {
											"type": "string",
											"nullable": true,
											"title": "Bill to Party ID"
										},
										"correspondenceParty": {
											"type": "string",
											"nullable": true,
											"title": "Corresponding Party ID"
										},
										"dunningParty": {
											"type": "string",
											"nullable": true,
											"title": "Dunning Party ID"
										},
										"customerDisplayId": {
											"type": "string",
											"nullable": true,
											"title": "Customer ID"
										},
										"collContractAccountExternalId": {
											"type": "string",
											"nullable": true,
											"title": "Coll. Contract Account Ext ID"
										},
										"customerExternalReferenceId": {
											"type": "string",
											"nullable": true,
											"title": "Customer External ID"
										},
										"alternativePayer": {
											"type": "string",
											"nullable": true,
											"title": "Alternate Payer"
										},
										"id": {
											"type": "string",
											"nullable": true,
											"format": "uuid"
										},
										"displayId": {
											"type": "string",
											"nullable": true,
											"title": "Contract Account ID"
										},
										"externalReferenceId": {
											"type": "string",
											"nullable": true,
											"title": "Contract Account Ext. ID"
										},
										"name": {
											"type": "string",
											"nullable": true,
											"title": "Contract Account Name"
										},
										"accountClass": {
											"type": "string",
											"nullable": true,
											"title": "Account Class"
										},
										"accountClassDescription": {
											"type": "string",
											"nullable": true,
											"title": "Account Class"
										},
										"accountDeterminationId": {
											"type": "string",
											"nullable": true,
											"title": "Account Determination ID"
										},
										"accountDeterminationIdDescription": {
											"type": "string",
											"nullable": true,
											"title": "Account Determination ID"
										},
										"category": {
											"type": "string",
											"nullable": true,
											"title": "Category"
										},
										"categoryDescription": {
											"type": "string",
											"nullable": true,
											"title": "Category"
										},
										"paymentTerm": {
											"type": "string",
											"nullable": true,
											"title": "Payment Term"
										},
										"paymentTermDescription": {
											"type": "string",
											"nullable": true,
											"title": "Payment Term"
										},
										"communicationSystemDisplayId": {
											"type": "string",
											"nullable": true,
											"title": "Communication System Display ID"
										},
										"communicationSystemId": {
											"type": "string",
											"nullable": true,
											"format": "uuid",
											"title": "Communication System ID"
										},
										"adminData": {
											"type": "object",
											"properties": {
												"createdBy": {
													"type": "string",
													"nullable": true,
													"format": "uuid",
													"title": "Created By"
												},
												"createdByName": {
													"type": "string",
													"nullable": true,
													"title": "lbl_createdBy"
												},
												"createdOn": {
													"type": "string",
													"format": "date-time",
													"nullable": true
												},
												"updatedBy": {
													"type": "string",
													"nullable": true,
													"format": "uuid",
													"title": "Changed By"
												},
												"updatedByName": {
													"type": "string",
													"nullable": true,
													"title": "lbl_updatedBy"
												},
												"updatedOn": {
													"type": "string",
													"format": "date-time",
													"nullable": true
												}
											}
										},
										"invoiceDeliveryMethod": {
											"type": "string",
											"nullable": true,
											"title": "Invoice Delivery Method"
										},
										"fixedAddressId": {
											"type": "string",
											"nullable": true,
											"title": "Fixed Address ID"
										},
										"customerId": {
											"type": "string",
											"nullable": true
										},
										"fixedFormattedAddress": {
											"type": "string",
											"nullable": true,
											"title": "Formatted Fixed Address"
										}
									}
								}
							}
						}
					}
				}
			},
			"ContractAccountReplicationInfile": {
				"title": "Contract Account Replication In file",
				"type": "object",
				"properties": {
					"value": {
						"type": "object",
						"properties": {
							"messageHeader": {
								"type": "object",
								"properties": {
									"id": {
										"type": "string",
										"nullable": true,
										"format": "uuid",
										"title": "ID"
									},
									"senderCommunicationSystemDisplayId": {
										"type": "string",
										"nullable": true,
										"title": "Sender Communication System Display ID"
									},
									"receiverCommunicationSystemDisplayId": {
										"type": "string",
										"nullable": true,
										"title": "Receiver Communication System Display ID"
									},
									"creationDateTime": {
										"type": "string",
										"format": "date-time",
										"nullable": true
									}
								}
							},
							"messageRequests": {
								"type": "array",
								"items": {
									"type": "object",
									"properties": {
										"messageHeader": {
											"type": "object",
											"properties": {
												"id": {
													"type": "string",
													"nullable": true,
													"format": "uuid",
													"title": "ID"
												},
												"messageEntityName": {
													"type": "string",
													"nullable": true
												},
												"creationDateTime": {
													"type": "string",
													"format": "date-time",
													"nullable": true
												},
												"actionCode": {
													"type": "string",
													"nullable": true,
													"enum": [
														"CREATE",
														"DELETE",
														"SAVE",
														"QUERY"
													],
													"title": "Action Code"
												},
												"referenceMessageRequestId": {
													"type": "string",
													"nullable": true,
													"title": "Reference Message Request ID"
												}
											}
										},
										"body": {
											"type": "object",
											"properties": {
												"companyCode": {
													"type": "string",
													"nullable": true,
													"title": "Company Code"
												},
												"dunningPartyExtId": {
													"type": "string",
													"nullable": true,
													"title": "Dunning Party External ID"
												},
												"alternativePayerExtId": {
													"type": "string",
													"nullable": true,
													"title": "Alternate Payer External ID"
												},
												"alternativePayeeExtId": {
													"type": "string",
													"nullable": true,
													"title": "Alternate Payee External ID"
												},
												"billToPartyExtId": {
													"type": "string",
													"nullable": true,
													"title": "Bill To Party External ID"
												},
												"correspondencePartyExtId": {
													"type": "string",
													"nullable": true,
													"title": "Correspondence Party External ID"
												},
												"overDueAmount": {
													"type": "string",
													"nullable": true,
													"title": "Overdue Amount"
												},
												"totalBalance": {
													"type": "string",
													"nullable": true,
													"title": "Total Balance"
												},
												"outgoingPaymentMethod": {
													"type": "string",
													"nullable": true,
													"title": "Outgoing Payment Method"
												},
												"incomingPaymentMethod": {
													"type": "string",
													"nullable": true
												},
												"companyCodeGroup": {
													"type": "string",
													"nullable": true,
													"title": "Company Code Group"
												},
												"budgetBillingProcedure": {
													"type": "string",
													"nullable": true,
													"title": "Budget Billing Procedure"
												},
												"billForm": {
													"type": "string",
													"nullable": true,
													"title": "Bill Form"
												},
												"toleranceGroup": {
													"type": "string",
													"nullable": true,
													"title": "Tolerance Group"
												},
												"dunningProcedure": {
													"type": "string",
													"nullable": true,
													"title": "Dunning Procedure"
												},
												"referenceNumber": {
													"type": "string",
													"nullable": true,
													"title": "Reference Number"
												},
												"accountInLegacy": {
													"type": "string",
													"nullable": true
												},
												"alternativePayee": {
													"type": "string",
													"nullable": true,
													"title": "Alternate Payee ID"
												},
												"billToParty": {
													"type": "string",
													"nullable": true,
													"title": "Bill to Party ID"
												},
												"correspondenceParty": {
													"type": "string",
													"nullable": true,
													"title": "Corresponding Party ID"
												},
												"dunningParty": {
													"type": "string",
													"nullable": true,
													"title": "Dunning Party ID"
												},
												"customerDisplayId": {
													"type": "string",
													"nullable": true,
													"title": "Customer ID"
												},
												"collContractAccountExternalId": {
													"type": "string",
													"nullable": true,
													"title": "Coll. Contract Account Ext ID"
												},
												"customerExternalReferenceId": {
													"type": "string",
													"nullable": true,
													"title": "Customer External ID"
												},
												"alternativePayer": {
													"type": "string",
													"nullable": true,
													"title": "Alternate Payer"
												},
												"id": {
													"type": "string",
													"nullable": true,
													"format": "uuid"
												},
												"displayId": {
													"type": "string",
													"nullable": true,
													"title": "Contract Account ID"
												},
												"externalReferenceId": {
													"type": "string",
													"nullable": true,
													"title": "Contract Account Ext. ID"
												},
												"name": {
													"type": "string",
													"nullable": true,
													"title": "Contract Account Name"
												},
												"accountClass": {
													"type": "string",
													"nullable": true,
													"title": "Account Class"
												},
												"accountClassDescription": {
													"type": "string",
													"nullable": true,
													"title": "Account Class"
												},
												"accountDeterminationId": {
													"type": "string",
													"nullable": true,
													"title": "Account Determination ID"
												},
												"accountDeterminationIdDescription": {
													"type": "string",
													"nullable": true,
													"title": "Account Determination ID"
												},
												"category": {
													"type": "string",
													"nullable": true,
													"title": "Category"
												},
												"categoryDescription": {
													"type": "string",
													"nullable": true,
													"title": "Category"
												},
												"paymentTerm": {
													"type": "string",
													"nullable": true,
													"title": "Payment Term"
												},
												"paymentTermDescription": {
													"type": "string",
													"nullable": true,
													"title": "Payment Term"
												},
												"communicationSystemDisplayId": {
													"type": "string",
													"nullable": true,
													"title": "Communication System Display ID"
												},
												"communicationSystemId": {
													"type": "string",
													"nullable": true,
													"format": "uuid",
													"title": "Communication System ID"
												},
												"adminData": {
													"type": "object",
													"properties": {
														"createdBy": {
															"type": "string",
															"nullable": true,
															"format": "uuid",
															"title": "Created By"
														},
														"createdByName": {
															"type": "string",
															"nullable": true,
															"title": "lbl_createdBy"
														},
														"createdOn": {
															"type": "string",
															"format": "date-time",
															"nullable": true
														},
														"updatedBy": {
															"type": "string",
															"nullable": true,
															"format": "uuid",
															"title": "Changed By"
														},
														"updatedByName": {
															"type": "string",
															"nullable": true,
															"title": "lbl_updatedBy"
														},
														"updatedOn": {
															"type": "string",
															"format": "date-time",
															"nullable": true
														}
													}
												},
												"invoiceDeliveryMethod": {
													"type": "string",
													"nullable": true,
													"title": "Invoice Delivery Method"
												},
												"fixedAddressId": {
													"type": "string",
													"nullable": true,
													"title": "Fixed Address ID"
												},
												"customerId": {
													"type": "string",
													"nullable": true
												},
												"fixedFormattedAddress": {
													"type": "string",
													"nullable": true,
													"title": "Formatted Fixed Address"
												}
											}
										}
									}
								}
							}
						}
					}
				}
			}
		}
	},
	"security": [
		{
			"basicAuthentication": []
		}
	],
	"paths": {
		"/sap/c4c/api/v1/contract-account-service/contract-account/sap.crm.contractaccountservice.entity.contractAccountS4ReplicationMessageIn": {
			"post": {
				"operationId": "createcontractaccountservice_contractAccountS4ReplicationIn",
				"tags": [
					"ContractAccountS4ReplicationIn"
				],
				"summary": "Create data",
				"parameters": [],
				"requestBody": {
					"content": {
						"application/json": {
							"schema": {
								"$ref": "#/components/schemas/ContractAccountReplicationIncreaterequest"
							}
						}
					}
				},
				"responses": {
					"201": {
						"description": "201 CREATED",
						"content": {
							"application/json": {
								"schema": {
									"$ref": "#/components/schemas/ContractAccountReplicationInfile"
								}
							}
						}
					},
					"400": {
						"description": "400 BAD_REQUEST",
						"content": {
							"application/json": {
								"schema": {
									"$ref": "#/components/schemas/error"
								}
							}
						}
					},
					"401": {
						"description": "401 UNAUTHORIZED"
					},
					"403": {
						"description": "403 FORBIDDEN"
					},
					"404": {
						"description": "404 NOT_FOUND"
					},
					"500": {
						"description": "500 INTERNAL_SERVER_ERROR",
						"content": {
							"application/json": {
								"schema": {
									"$ref": "#/components/schemas/error"
								}
							}
						}
					}
				}
			}
		}
	},
	"x-sap-shortText": "Manage entities from Contract Account Replication In service."
}