<?xml version='1.0' encoding='UTF-8'?>
<data>
	<id>2</id>
	<address_count>1</address_count>
	<addresses>
		<id>1</id>
		<address1>123 Ulica</address1>
		<address2/>
		<address_type>residential</address_type>
		<city>Sofia</city>
		<company/>
		<country>Bulgaria</country>
		<country_code>BG</country_code>
		<customer_id>2</customer_id>
		<first_name>Tisho</first_name>
		<last_name>Tishov</last_name>
		<phone/>
		<postal_code>1000</postal_code>
		<state_or_province/>
	</addresses>
	<authentication>
		<force_password_reset>false</force_password_reset>
	</authentication>
	<company/>
	<customer_group_id>0</customer_group_id>
	<email>tisho@example.com</email>
	<first_name>Tisho</first_name>
	<last_name>Tishov</last_name>
	<notes/>
	<phone/>
	<registration_ip_address/>
	<tax_exempt_category/>
	<date_created>2025-04-07T14:58:04Z</date_created>
	<date_modified>2025-04-07T14:58:04Z</date_modified>
	<accepts_product_review_abandoned_cart_emails>false</accepts_product_review_abandoned_cart_emails>
	<origin_channel_id>1</origin_channel_id>
	<channel_ids/>
</data>