{
    "openapi": "3.0.0",
    "info": {
        "title": "SPA",
        "version": "1.0.0"
    },
    "servers": [
        {
            "url": "https://v0371-iflmap.avtsbhf.eu1.hana.ondemand.com"
        }
    ],
    "components": {
        "securitySchemes": {
            "basicAuth": {
                "type": "http",
                "scheme": "basic"
            }
        }
    },
    "paths": {
        "/http/commercialproject": {
            "post": {
                "description": "Create a new commercial project in S/4HANA Cloud",
                "operationId": "Commercial Project",
                "summary": "Create a commercial project",
                "requestBody": {
                    "content": {
                        "application/json": {
                            "schema": {
                                "type": "object",
                                "properties": {
                                    "Project Category": {
                                        "type": "string",
                                        "description": "C = Customer project, I = Internal project"
                                    },
                                    "Organisation ID": {
                                        "type": "string"
                                    },
                                    "Cost Center": {
                                        "type": "string"
                                    },
                                    "Customer": {
                                        "type": "string"
                                    },
                                    "Profit Center": {
                                        "type": "string"
                                    },
                                    "Currency": {
                                        "type": "string"
                                    },
                                    "Project ID": {
                                        "type": "string"
                                    },
                                    "Project Name": {
                                        "type": "string"
                                    },
                                    "Project Manager": {
                                        "type": "string",
                                        "description": "The project manager needs to exist in S/4HANA Cloud"
                                    },
                                    "Start Date": {
                                        "type": "string",
                                        "format": "date"
                                    },
                                    "End Date": {
                                        "type": "string",
                                        "format": "date"
                                    }
                                }
                            }
                        }
                    }
                },
                "security": [
                    {
                        "basicAuth": []
                    }
                ],
                "parameters": [
                    {
                        "name": "Accept",
                        "in": "header",
                        "schema": {
                            "type": "string"
                        },
                        "example": "application/json"
                    }
                ],
                "responses": {
                    "200": {
                        "description": "Successful response",
                        "content": {
                            "application/json": {
                                "schema": {
                                    "type": "object",
                                    "properties": {
                                        "ProjectID": {
                                            "type": "string"
                                        }
                                    }
                                }
                            }
                        }
                    }
                }
            }
        }
    }
}