{
  "swagger": "2.0",
  "info": {
    "title": "Sample API",
    "description": "API description in Markdown.",
    "version": "1.0.0"
  },
  "host": "api.example.com",
  "basePath": "/v1",
  "schemes": ["https"],
  "paths": {
    "/supplierinvoice": {
      "get": {
        "summary": "Creates a payment advice.",
        "description": "Optional extended description in Markdown.",
        "produces": ["application/json"],
        "responses": {
          "200": {
            "description": "OK",
            "schema": {
              "type": "object",
              "properties": {
                "messageResponses": {
                  "type": "array",
                  "items": {
                    "type": "object",
                    "properties": {
                      "body": {
                        "type": "object",
                        "properties": {
                          "supplierInvoice": {
                            "type": "string",
                            "maxLength": 10,
                            "title": "Invoice Document No.",
                            "description": "Document Number of an Invoice Document"
                          },
                          "fiscalYear": {
                            "type": "string",
                            "maxLength": 4,
                            "title": "Fiscal Year"
                          },
                          "companyCode": {
                            "type": "string",
                            "maxLength": 4,
                            "title": "Company Code"
                          },
                          "documentDate": {
                            "type": "string",
                            "example": "/Date(1492041600000)/",
                            "title": "Invoice Date",
                            "description": "Invoice Date in Document"
                          },
                          "postingDate": {
                            "type": "string",
                            "example": "/Date(1492041600000)/",
                            "title": "Posting Date",
                            "description": "Posting Date in the Document"
                          },
                          "creationDate": {
                            "type": "string",
                            "example": "/Date(1492041600000)/",
                            "title": "Entry Date",
                            "description": "Day On Which Accounting Document Was Entered"
                          },
                          "supplierInvoiceIDByInvcgParty": {
                            "type": "string",
                            "maxLength": 16,
                            "title": "Reference",
                            "description": "Reference Document Number"
                          },
                          "invoicingParty": {
                            "type": "string",
                            "maxLength": 10,
                            "title": "Invoicing Party",
                            "description": "Different Invoicing Party"
                          },
                          "documentCurrency": {
                            "type": "string",
                            "maxLength": 5,
                            "title": "Currency",
                            "description": "Currency Key"
                          },
                          "invoiceGrossAmount": {
                            "type": "string",
                            "format": "decimal",
                            "multipleOf": 0.001,
                            "minimum": -99999999999.999,
                            "maximum": 99999999999.999,
                            "example": "0",
                            "title": "Gross Invoice Amount",
                            "description": "Gross Invoice Amount in Document Currency"
                          },
                          "unplannedDeliveryCost": {
                            "type": "string",
                            "format": "decimal",
                            "multipleOf": 0.001,
                            "minimum": -99999999999.999,
                            "maximum": 99999999999.999,
                            "example": "0",
                            "title": "Unplanned Del. Costs",
                            "description": "Unplanned Delivery Costs"
                          },
                          "documentHeaderText": {
                            "type": "string",
                            "maxLength": 25,
                            "title": "Document Header Text"
                          },
                          "manualCashDiscount": {
                            "type": "string",
                            "format": "decimal",
                            "multipleOf": 0.001,
                            "minimum": -99999999999.999,
                            "maximum": 99999999999.999,
                            "example": "0",
                            "title": "CD Amount",
                            "description": "Cash Discount Amount in Document Currency"
                          },
                          "paymentTerms": {
                            "type": "string",
                            "maxLength": 4,
                            "x-sap-object-node-type-reference": "PaymentTerms",
                            "title": "Terms of Payment",
                            "description": "Terms of Payment Key"
                          },
                          "dueCalculationBaseDate": {
                            "type": "string",
                            "example": "/Date(1492041600000)/",
                            "title": "Baseline Date",
                            "description": "Baseline Date for Due Date Calculation"
                          },
                          "cashDiscount1Percent": {
                            "type": "string",
                            "format": "decimal",
                            "multipleOf": 0.001,
                            "minimum": -99.999,
                            "maximum": 99.999,
                            "example": "0",
                            "title": "CD Percentage 1",
                            "description": "Cash Discount Percentage 1"
                          },
                          "cashDiscount1Days": {
                            "type": "string",
                            "format": "decimal",
                            "multipleOf": 1,
                            "minimum": -999,
                            "maximum": 999,
                            "example": "0",
                            "title": "Days 1",
                            "description": "Cash discount days 1"
                          },
                          "cashDiscount2Percent": {
                            "type": "string",
                            "format": "decimal",
                            "multipleOf": 0.001,
                            "minimum": -99.999,
                            "maximum": 99.999,
                            "example": "0",
                            "title": "CD Percentage 2",
                            "description": "Cash Discount Percentage 2"
                          },
                          "cashDiscount2Days": {
                            "type": "string",
                            "format": "decimal",
                            "multipleOf": 1,
                            "minimum": -999,
                            "maximum": 999,
                            "example": "0",
                            "title": "Days 2",
                            "description": "Cash discount days 2"
                          },
                          "netPaymentDays": {
                            "type": "string",
                            "format": "decimal",
                            "multipleOf": 1,
                            "minimum": -999,
                            "maximum": 999,
                            "example": "0",
                            "title": "Days Net",
                            "description": "Net Payment Terms Period"
                          },
                          "accountingDocumentType": {
                            "type": "string",
                            "maxLength": 2,
                            "title": "Document Type"
                          },
                          "bpBankAccountInternalID": {
                            "type": "string",
                            "maxLength": 4,
                            "title": "Part.bank type",
                            "description": "Partner bank type"
                          },
                          "supplierInvoiceStatus": {
                            "type": "string",
                            "maxLength": 1,
                            "x-sap-object-node-type-reference": "SupplierInvoiceStatus",
                            "title": "Invoice doc. status",
                            "description": "Invoice document status"
                          },
                          "indirectQuotedExchangeRate": {
                            "type": "string",
                            "format": "decimal",
                            "multipleOf": 0.00001,
                            "minimum": -9999.99999,
                            "maximum": 9999.99999,
                            "example": "0",
                            "title": "Ind. quot. exch.rate",
                            "description": "Indirect Quoted Exchange Rate"
                          },
                          "directQuotedExchangeRate": {
                            "type": "string",
                            "format": "decimal",
                            "multipleOf": 0.00001,
                            "minimum": -9999.99999,
                            "maximum": 9999.99999,
                            "example": "0",
                            "title": "Dir. quot.exch.rate",
                            "description": "Direct Quoted Exchange Rate"
                          },
                          "stateCentralBankPaymentReason": {
                            "type": "string",
                            "maxLength": 3,
                            "x-sap-object-node-type-reference": "StateCentralBankPaymentReason",
                            "title": "SCB Indicator",
                            "description": "State Central Bank Indicator"
                          },
                          "supplyingCountry": {
                            "type": "string",
                            "maxLength": 3,
                            "title": "Supply Ctry/Reg",
                            "description": "Supplying Country/Region"
                          },
                          "paymentMethod": {
                            "type": "string",
                            "maxLength": 1,
                            "x-sap-object-node-type-reference": "PaymentMethod",
                            "title": "Payment Method"
                          },
                          "paymentMethodSupplement": {
                            "type": "string",
                            "maxLength": 2,
                            "x-sap-object-node-type-reference": "PaymentMethodSupplement",
                            "title": "Pmt Meth. Supplement",
                            "description": "Payment method supplement"
                          },
                          "paymentReference": {
                            "type": "string",
                            "maxLength": 30,
                            "title": "Payment Reference"
                          },
                          "invoiceReference": {
                            "type": "string",
                            "maxLength": 10,
                            "title": "InR.Reference number",
                            "description": "Invoice reference: Document number for invoice reference"
                          },
                          "invoiceReferenceFiscalYear": {
                            "type": "string",
                            "maxLength": 4,
                            "title": "Fiscal year",
                            "description": "Fiscal Year of the Relevant Invoice (for Credit Memo)"
                          },
                          "fixedCashDiscount": {
                            "type": "string",
                            "maxLength": 1,
                            "x-sap-object-node-type-reference": "FixedCashDiscount",
                            "title": "Fixed",
                            "description": "Fixed Payment Terms"
                          },
                          "unplannedDeliveryCostTaxCode": {
                            "type": "string",
                            "maxLength": 2,
                            "title": "Tax Code"
                          },
                          "unplndDelivCostTaxJurisdiction": {
                            "type": "string",
                            "maxLength": 15,
                            "title": "Tax Jurisdiction"
                          },
                          "unplndDeliveryCostTaxCountry": {
                            "type": "string",
                            "maxLength": 3,
                            "title": "Tax Ctry/Reg.",
                            "description": "Tax Reporting Country/Region"
                          },
                          "assignmentReference": {
                            "type": "string",
                            "maxLength": 18,
                            "title": "Assignment",
                            "description": "Assignment number"
                          },
                          "supplierPostingLineItemText": {
                            "type": "string",
                            "maxLength": 50,
                            "title": "Item Text"
                          },
                          "taxIsCalculatedAutomatically": {
                            "type": "boolean",
                            "title": "Calculate Tax",
                            "description": "Calculate Tax Automatically"
                          },
                          "businessPlace": {
                            "type": "string",
                            "maxLength": 4,
                            "title": "Business Place"
                          },
                          "businessSectionCode": {
                            "type": "string",
                            "maxLength": 4,
                            "title": "Section Code"
                          },
                          "businessArea": {
                            "type": "string",
                            "maxLength": 4,
                            "title": "Business Area"
                          },
                          "supplierInvoiceIsCreditMemo": {
                            "type": "string",
                            "maxLength": 1,
                            "title": "Single-Character Flag"
                          },
                          "paytSlipWthRefSubscriber": {
                            "type": "string",
                            "maxLength": 11,
                            "title": "PBC/ISR number",
                            "description": "ISR subscriber number"
                          },
                          "paytSlipWthRefCheckDigit": {
                            "type": "string",
                            "maxLength": 2,
                            "title": "Check digit",
                            "description": "POR check digit"
                          },
                          "paytSlipWthRefReference": {
                            "type": "string",
                            "maxLength": 27,
                            "title": "ISR/QR Reference No.",
                            "description": "ISR/QR Reference Number"
                          },
                          "taxDeterminationDate": {
                            "type": "string",
                            "example": "/Date(1492041600000)/",
                            "title": "Tax Date",
                            "description": "Date for Determining Tax Rates"
                          },
                          "taxReportingDate": {
                            "type": "string",
                            "example": "/Date(1492041600000)/",
                            "title": "Tax Reporting Date"
                          },
                          "taxFulfillmentDate": {
                            "type": "string",
                            "example": "/Date(1492041600000)/",
                            "title": "Tax Fulfill. Date",
                            "description": "Tax Fulfillment Date"
                          },
                          "invoiceReceiptDate": {
                            "type": "string",
                            "example": "/Date(1492041600000)/",
                            "title": "Invoice Receipt Date"
                          },
                          "deliveryOfGoodsReportingCntry": {
                            "type": "string",
                            "maxLength": 3,
                            "title": "Reporting Ctry/Reg",
                            "description": "Reporting Country/Region for Delivery of Goods Within the EU"
                          },
                          "supplierVATRegistration": {
                            "type": "string",
                            "maxLength": 20,
                            "title": "VAT Registration No.",
                            "description": "VAT Registration Number"
                          },
                          "isEUTriangularDeal": {
                            "type": "boolean",
                            "title": "EU Triangular Deal",
                            "description": "Indicator: Triangular Deal Within the EU"
                          },
                          "suplrInvcDebitCrdtCodeDelivery": {
                            "type": "string",
                            "maxLength": 1,
                            "title": "Delivery(Inv/Cr)",
                            "description": "Posting logic for delivery items (invoice/credit memo)"
                          },
                          "suplrInvcDebitCrdtCodeReturns": {
                            "type": "string",
                            "maxLength": 1,
                            "title": "Returns(Inv/Cr)",
                            "description": "Posting logic for returns items (invoice/credit memo)"
                          },
                          "supplierInvoiceOrigin": {
                            "type": "string",
                            "maxLength": 1,
                            "title": "IV category",
                            "description": "Origin of a Logistics Invoice Verification Document"
                          },
                          "reverseDocument": {
                            "type": "string",
                            "maxLength": 10,
                            "title": "Reversed by",
                            "description": "Reversal document number"
                          },
                          "reverseDocumentFiscalYear": {
                            "type": "string",
                            "maxLength": 4,
                            "title": "Year",
                            "description": "Fiscal year of reversal document"
                          },
                          "isReversal": {
                            "type": "boolean",
                            "title": "Is Reversal"
                          },
                          "isReversed": {
                            "type": "boolean",
                            "title": "Is Reversed"
                          },
                          "in_GSTPartner": {
                            "type": "string",
                            "maxLength": 10,
                            "title": "GST Partner"
                          },
                          "in_GSTPlaceOfSupply": {
                            "type": "string",
                            "maxLength": 3,
                            "title": "Place of Supply"
                          },
                          "in_InvoiceReferenceNumber": {
                            "type": "string",
                            "maxLength": 64,
                            "title": "Invoice Ref. Number",
                            "description": "Invoice Reference Number"
                          },
                          "jrnlEntryCntrySpecificRef1": {
                            "type": "string",
                            "maxLength": 80,
                            "title": "Country/Region Specific Reference 1",
                            "description": "Country/Region Specific Reference 1 in the Document"
                          },
                          "jrnlEntryCntrySpecificDate1": {
                            "type": "string",
                            "example": "/Date(1492041600000)/",
                            "title": "Country/Region Specific Date 1",
                            "description": "Country/Region Specific Date 1 in the Document"
                          },
                          "jrnlEntryCntrySpecificRef2": {
                            "type": "string",
                            "maxLength": 25,
                            "title": "Country/Region Specific Reference 2",
                            "description": "Country/Region Specific Reference 2 in the Document"
                          },
                          "jrnlEntryCntrySpecificDate2": {
                            "type": "string",
                            "example": "/Date(1492041600000)/",
                            "title": "Country/Region Specific Date 2",
                            "description": "Country/Region Specific Date 2 in the Document"
                          },
                          "jrnlEntryCntrySpecificRef3": {
                            "type": "string",
                            "maxLength": 25,
                            "title": "Country/Region Specific Reference 3",
                            "description": "Country/Region Specific Reference 3 in the Document"
                          },
                          "jrnlEntryCntrySpecificDate3": {
                            "type": "string",
                            "example": "/Date(1492041600000)/",
                            "title": "Country/Region Specific Date 3",
                            "description": "Country/Region Specific Date 3 in the Document"
                          },
                          "jrnlEntryCntrySpecificRef4": {
                            "type": "string",
                            "maxLength": 50,
                            "title": "Country/Region Specific Reference 4",
                            "description": "Country/Region Specific Reference 4 in the Document"
                          },
                          "jrnlEntryCntrySpecificDate4": {
                            "type": "string",
                            "example": "/Date(1492041600000)/",
                            "title": "Country/Region Specific Date 4",
                            "description": "Country/Region Specific Date 4 in the Document"
                          },
                          "jrnlEntryCntrySpecificRef5": {
                            "type": "string",
                            "maxLength": 50,
                            "title": "Country/Region Specific Reference 5",
                            "description": "Country/Region Specific Reference 5 in the Document"
                          },
                          "jrnlEntryCntrySpecificDate5": {
                            "type": "string",
                            "example": "/Date(1492041600000)/",
                            "title": "Country/Region Specific Date 5",
                            "description": "Country/Region Specific Date 5 in the Document"
                          },
                          "jrnlEntryCntrySpecificBP1": {
                            "type": "string",
                            "maxLength": 10,
                            "title": "Ctry/Reg. Specific Business Partner 1",
                            "description": "Country/Region specific Business Partner 1 in the Document"
                          },
                          "jrnlEntryCntrySpecificBP2": {
                            "type": "string",
                            "maxLength": 10,
                            "title": "Ctry/Reg. Specific Business Partner 2",
                            "description": "Country/Region Specific Business Partner 2 in the Document"
                          },
                          "originalReferenceDocument": {
                            "type": "string",
                            "maxLength": 20,
                            "title": "Original Reference Document"
                          },
                          "netDueDate": {
                            "type": "string",
                            "example": "/Date(1492041600000)/",
                            "title": "Net Due Date",
                            "description": "Due Date for Net Payment"
                          },
                          "paymentBlockingReason": {
                            "type": "string",
                            "maxLength": 1,
                            "title": "Payment Blocking Reason"
                          },
                          "invoiceStatusDescription": {
                            "type": "string",
                            "nullable": true,
                            "title": "Invoice Status Description",
                            "description": "Invoice Status Description"
                          },
                          "paymentBlockingReasonDescription": {
                            "type": "string",
                            "nullable": true,
                            "maxLength": 100,
                            "x-sap-object-node-type-reference": "PaymentBlockingReason",
                            "title": "Payment Block Description",
                            "description": "Payment Block Description"
                          },
                          "paymentTermsDescription": {
                            "type": "string",
                            "nullable": true,
                            "maxLength": 100,
                            "x-sap-object-node-type-reference": "PaymentTerms",
                            "title": "Terms of Payment",
                            "description": "Description Terms of Payment"
                          }
                        }
                      }
                    }
                  }
                }
              }
            }
          }
        }
      }
    }
  }
}
