{
  "openapi": "3.0.3",
  "info": {
    "title": "Supplier Invoice Request",
    "version": "1.0.0",
    "description": "Supplier Invoice Outbound Request"
  },
  "servers": [
    {
      "url": "https://{domain}",
      "description": "Example of server url is https://myzzzzzzz.crm.cloud.sap/",
      "variables": {
        "domain": {
          "default": ""
        }
      }
    }
  ],
  "security": [
    {
      "basicAuthentication": []
    }
  ],
  "paths": {
    "/v1/supplierInvoice": {
      "get": {
        "tags": [
          "supplierInvoice"
        ],
        "requestBody": {
          "required": true,
          "description": "Supplier Invoice Request",
          "content": {
            "application/json": {
              "schema": {
                "$ref": "#/components/schemas/SupplierInvoiceRequestMessage"
              }
            }
          }
        },
        "responses": {
          "200": {
            "description": "Successful",
            "content": {
              "application/json": {
                "schema": {
                  "$ref": "#/components/schemas/SupplierInvoiceResponseMessage"
                }
              }
            }
          },
          "400": {
            "description": "Invalid Parameters"
          }
        }
      }
    },
    "/v1/supplierInvoiceBackend": {
      "get": {
        "tags": [
          "supplierInvoice"
        ],
        "responses": {
          "200": {
            "description": "Successful",
            "content": {
              "application/json": {
                "schema": {
                  "$ref": "#/components/schemas/SupplierInvoiceBackendResponseMessage"
                }
              }
            }
          },
          "400": {
            "description": "Invalid Parameters"
          }
        }
      }
    },
    "/v1/accountingDocumentBackend": {
      "get": {
        "tags": [
          "accounting Document"
        ],
        "responses": {
          "200": {
            "description": "Successful",
            "content": {
              "application/json": {
                "schema": {
                  "$ref": "#/components/schemas/AccountingDocumentBackendResponseMessage"
                }
              }
            }
          },
          "400": {
            "description": "Invalid Parameters"
          }
        }
      }
    },
    "/v1/mergedDocumentBackend": {
      "get": {
        "tags": [
          "merged Document"
        ],
        "responses": {
          "200": {
            "description": "Successful",
            "content": {
              "application/json":  {
                "schema":{
                  "title": "mergedDocument",
                  "type": "object",
                  "properties": {
                    "mergedresponse": {
                      "type": "object",
                      "properties": {
                        "mergedresponse": {
                          "type": "array",
                          "items": {
                            "type": "object",
                            "properties": {
                              "A_SupplierInvoice": {
                                "$ref":"#/components/schemas/SupplierInvoiceBackendResponseMessage"
                              },
                              "A_OperationalAcctgDocItemCube": {
                                "$ref":"#/components/schemas/AccountingDocumentBackendResponseMessage"
                              },
                              "requestContext":{
                                "$ref":"#/components/schemas/SupplierInvoiceRequestMessage"
                              }
                            }
                          }
                        }
                      }
                    }
                  }
                }
              }
            }
          },
          "400": {
            "description": "Invalid Parameters"
          }
        }
      }
    }
  },
  "components": {
    "securitySchemes": {
      "basicAuthentication": {
        "type": "http",
        "scheme": "basic"
      }
    },
    "schemas": {
      "SupplierInvoiceRequestMessage": {
        "type": "object",
        "properties": {
          "messageRequest": {
            "type": "object",
            "properties": {
              "SupplierInvoiceIDByInvcgParty": {
                "type": "string"
              },
              "InvoicingParty": {
                "type": "string"
              },
              "AcceptLanguage":{
                "type": "string"
              }
            }
          }
        }
      },
      "SupplierInvoiceResponseMessage": {
        "type": "object",
        "properties": {
          "messageResponses": {
            "type": "array",
            "items": {
              "type": "object",
              "properties": {
                "body": {
                  "type": "array",
                  "items":{
                    "type":"object",
                    "properties": {
                      "SupplierInvoice": {
                        "type": "string",
                        "maxLength": 10,
                        "title": "Invoice Document No.",
                        "description": "Document Number of an Invoice Document"
                      },
                      "FiscalYear": {
                        "type": "string",
                        "maxLength": 4,
                        "title": "Fiscal Year"
                      },
                      "CompanyCode": {
                        "type": "string",
                        "nullable": true,
                        "maxLength": 4,
                        "title": "Company Code"
                      },
                      "DocumentDate": {
                        "type": "string",
                        "nullable": true,
                        "example": "/Date(1492041600000)/",
                        "title": "Invoice Date",
                        "description": "Invoice Date in Document"
                      },
                      "NetDueDate": {
                        "type": "string",
                        "nullable": true,
                        "example": "/Date(1492041600000)/",
                        "title": "Net Due Date",
                        "description": "Net Due Date in Document"
                      },
                      "PostingDate": {
                        "type": "string",
                        "nullable": true,
                        "example": "/Date(1492041600000)/",
                        "title": "Posting Date",
                        "description": "Posting Date in the Document"
                      },
                      "CreationDate": {
                        "type": "string",
                        "nullable": true,
                        "example": "/Date(1492041600000)/",
                        "title": "Entry Date",
                        "description": "Day On Which Accounting Document Was Entered"
                      },
                      "SupplierInvoiceIDByInvcgParty": {
                        "type": "string",
                        "nullable": true,
                        "maxLength": 16,
                        "title": "Reference",
                        "description": "Reference Document Number"
                      },
                      "InvoicingParty": {
                        "type": "string",
                        "nullable": true,
                        "maxLength": 10,
                        "title": "Invoicing Party",
                        "description": "Different Invoicing Party"
                      },
                      "DocumentCurrency": {
                        "type": "string",
                        "nullable": true,
                        "maxLength": 5,
                        "title": "Currency",
                        "description": "Currency Key"
                      },
                      "InvoiceGrossAmount": {
                        "type": "string",
                        "nullable": true,
                        "format": "decimal",
                        "multipleOf": 1.0e-3,
                        "minimum": -99999999999.999,
                        "maximum": 99999999999.999,
                        "example": "0",
                        "title": "Gross Invoice Amount",
                        "description": "Gross Invoice Amount in Document Currency"
                      },
                      "UnplannedDeliveryCost": {
                        "type": "string",
                        "nullable": true,
                        "format": "decimal",
                        "multipleOf": 1.0e-3,
                        "minimum": -99999999999.999,
                        "maximum": 99999999999.999,
                        "example": "0",
                        "title": "Unplanned Del. Costs",
                        "description": "Unplanned Delivery Costs"
                      },
                      "DocumentHeaderText": {
                        "type": "string",
                        "nullable": true,
                        "maxLength": 25,
                        "title": "Document Header Text"
                      },
                      "ManualCashDiscount": {
                        "type": "string",
                        "nullable": true,
                        "format": "decimal",
                        "multipleOf": 1.0e-3,
                        "minimum": -99999999999.999,
                        "maximum": 99999999999.999,
                        "example": "0",
                        "title": "CD Amount",
                        "description": "Cash Discount Amount in Document Currency"
                      },
                      "PaymentTerms": {
                        "type": "string",
                        "nullable": true,
                        "maxLength": 4,
                        "x-sap-object-node-type-reference": "PaymentTerms",
                        "title": "Terms of Payment",
                        "description": "Terms of Payment Key"
                      },
                      "PaymentTermsDescription": {
                        "type": "string",
                        "nullable": true,
                        "maxLength": 100,
                        "x-sap-object-node-type-reference": "PaymentTerms",
                        "title": "Terms of Payment",
                        "description": "Description Terms of Payment"
                      },
                      "DueCalculationBaseDate": {
                        "type": "string",
                        "nullable": true,
                        "example": "/Date(1492041600000)/",
                        "title": "Baseline Date",
                        "description": "Baseline Date for Due Date Calculation"
                      },
                      "CashDiscount1Percent": {
                        "type": "string",
                        "nullable": true,
                        "format": "decimal",
                        "multipleOf": 1.0e-3,
                        "minimum": -99.999,
                        "maximum": 99.999,
                        "example": "0",
                        "title": "CD Percentage 1",
                        "description": "Cash Discount Percentage 1"
                      },
                      "CashDiscount1Days": {
                        "type": "string",
                        "nullable": true,
                        "format": "decimal",
                        "multipleOf": 1,
                        "minimum": -999,
                        "maximum": 999,
                        "example": "0",
                        "title": "Days 1",
                        "description": "Cash discount days 1"
                      },
                      "CashDiscount2Percent": {
                        "type": "string",
                        "nullable": true,
                        "format": "decimal",
                        "multipleOf": 1.0e-3,
                        "minimum": -99.999,
                        "maximum": 99.999,
                        "example": "0",
                        "title": "CD Percentage 2",
                        "description": "Cash Discount Percentage 2"
                      },
                      "CashDiscount2Days": {
                        "type": "string",
                        "nullable": true,
                        "format": "decimal",
                        "multipleOf": 1,
                        "minimum": -999,
                        "maximum": 999,
                        "example": "0",
                        "title": "Days 2",
                        "description": "Cash discount days 2"
                      },
                      "NetPaymentDays": {
                        "type": "string",
                        "nullable": true,
                        "format": "decimal",
                        "multipleOf": 1,
                        "minimum": -999,
                        "maximum": 999,
                        "example": "0",
                        "title": "Days Net",
                        "description": "Net Payment Terms Period"
                      },
                      "PaymentBlockingReason": {
                        "type": "string",
                        "nullable": true,
                        "maxLength": 1,
                        "x-sap-object-node-type-reference": "PaymentBlockingReason",
                        "title": "Payment Block",
                        "description": "Payment Block Key"
                      },
                      "PaymentBlockingReasonDescription": {
                        "type": "string",
                        "nullable": true,
                        "maxLength": 100,
                        "x-sap-object-node-type-reference": "PaymentBlockingReason",
                        "title": "Payment Block Description",
                        "description": "Payment Block Description"
                      },
                      "AccountingDocumentType": {
                        "type": "string",
                        "nullable": true,
                        "maxLength": 2,
                        "title": "Document Type"
                      },
                      "BPBankAccountInternalID": {
                        "type": "string",
                        "nullable": true,
                        "maxLength": 4,
                        "title": "Part.bank type",
                        "description": "Partner bank type"
                      },
                      "SupplierInvoiceStatus": {
                        "type": "string",
                        "nullable": true,
                        "maxLength": 1,
                        "x-sap-object-node-type-reference": "SupplierInvoiceStatus",
                        "title": "Invoice doc. status",
                        "description": "Invoice document status"
                      },
                      "IndirectQuotedExchangeRate": {
                        "type": "string",
                        "nullable": true,
                        "format": "decimal",
                        "multipleOf": 1.0e-5,
                        "minimum": -9999.99999,
                        "maximum": 9999.99999,
                        "example": "0",
                        "title": "Ind. quot. exch.rate",
                        "description": "Indirect Quoted Exchange Rate"
                      },
                      "DirectQuotedExchangeRate": {
                        "type": "string",
                        "nullable": true,
                        "format": "decimal",
                        "multipleOf": 1.0e-5,
                        "minimum": -9999.99999,
                        "maximum": 9999.99999,
                        "example": "0",
                        "title": "Dir. quot.exch.rate",
                        "description": "Direct Quoted Exchange Rate"
                      },
                      "StateCentralBankPaymentReason": {
                        "type": "string",
                        "nullable": true,
                        "maxLength": 3,
                        "x-sap-object-node-type-reference": "StateCentralBankPaymentReason",
                        "title": "SCB Indicator",
                        "description": "State Central Bank Indicator"
                      },
                      "SupplyingCountry": {
                        "type": "string",
                        "nullable": true,
                        "maxLength": 3,
                        "title": "Supply Ctry/Reg",
                        "description": "Supplying Country/Region"
                      },
                      "PaymentMethod": {
                        "type": "string",
                        "nullable": true,
                        "maxLength": 1,
                        "x-sap-object-node-type-reference": "PaymentMethod",
                        "title": "Payment Method"
                      },
                      "PaymentMethodSupplement": {
                        "type": "string",
                        "nullable": true,
                        "maxLength": 2,
                        "x-sap-object-node-type-reference": "PaymentMethodSupplement",
                        "title": "Pmt Meth. Supplement",
                        "description": "Payment method supplement"
                      },
                      "PaymentReference": {
                        "type": "string",
                        "nullable": true,
                        "maxLength": 30,
                        "title": "Payment Reference"
                      },
                      "InvoiceReference": {
                        "type": "string",
                        "nullable": true,
                        "maxLength": 10,
                        "title": "InR.Reference number",
                        "description": "Invoice reference: Document number for invoice reference"
                      },
                      "InvoiceReferenceFiscalYear": {
                        "type": "string",
                        "nullable": true,
                        "maxLength": 4,
                        "title": "Fiscal year",
                        "description": "Fiscal Year of the Relevant Invoice (for Credit Memo)"
                      },
                      "FixedCashDiscount": {
                        "type": "string",
                        "nullable": true,
                        "maxLength": 1,
                        "x-sap-object-node-type-reference": "FixedCashDiscount",
                        "title": "Fixed",
                        "description": "Fixed Payment Terms"
                      },
                      "UnplannedDeliveryCostTaxCode": {
                        "type": "string",
                        "nullable": true,
                        "maxLength": 2,
                        "title": "Tax Code"
                      },
                      "UnplndDelivCostTaxJurisdiction": {
                        "type": "string",
                        "nullable": true,
                        "maxLength": 15,
                        "title": "Tax Jurisdiction"
                      },
                      "UnplndDeliveryCostTaxCountry": {
                        "type": "string",
                        "nullable": true,
                        "maxLength": 3,
                        "title": "Tax Ctry/Reg.",
                        "description": "Tax Reporting Country/Region"
                      },
                      "AssignmentReference": {
                        "type": "string",
                        "nullable": true,
                        "maxLength": 18,
                        "title": "Assignment",
                        "description": "Assignment number"
                      },
                      "SupplierPostingLineItemText": {
                        "type": "string",
                        "nullable": true,
                        "maxLength": 50,
                        "title": "Item Text"
                      },
                      "TaxIsCalculatedAutomatically": {
                        "type": "boolean",
                        "nullable": true,
                        "title": "Calculate Tax",
                        "description": "Calculate Tax Automatically"
                      },
                      "BusinessPlace": {
                        "type": "string",
                        "nullable": true,
                        "maxLength": 4,
                        "title": "Business Place"
                      },
                      "BusinessSectionCode": {
                        "type": "string",
                        "nullable": true,
                        "maxLength": 4,
                        "title": "Section Code"
                      },
                      "BusinessArea": {
                        "type": "string",
                        "nullable": true,
                        "maxLength": 4,
                        "title": "Business Area"
                      },
                      "SupplierInvoiceIsCreditMemo": {
                        "type": "string",
                        "nullable": true,
                        "maxLength": 1,
                        "title": "Single-Character Flag"
                      },
                      "PaytSlipWthRefSubscriber": {
                        "type": "string",
                        "nullable": true,
                        "maxLength": 11,
                        "title": "PBC/ISR number",
                        "description": "ISR subscriber number"
                      },
                      "PaytSlipWthRefCheckDigit": {
                        "type": "string",
                        "nullable": true,
                        "maxLength": 2,
                        "title": "Check digit",
                        "description": "POR check digit"
                      },
                      "PaytSlipWthRefReference": {
                        "type": "string",
                        "nullable": true,
                        "maxLength": 27,
                        "title": "ISR/QR Reference No.",
                        "description": "ISR/QR Reference Number"
                      },
                      "TaxDeterminationDate": {
                        "type": "string",
                        "nullable": true,
                        "example": "/Date(1492041600000)/",
                        "title": "Tax Date",
                        "description": "Date for Determining Tax Rates"
                      },
                      "TaxReportingDate": {
                        "type": "string",
                        "nullable": true,
                        "example": "/Date(1492041600000)/",
                        "title": "Tax Reporting Date"
                      },
                      "TaxFulfillmentDate": {
                        "type": "string",
                        "nullable": true,
                        "example": "/Date(1492041600000)/",
                        "title": "Tax Fulfill. Date",
                        "description": "Tax Fulfillment Date"
                      },
                      "InvoiceReceiptDate": {
                        "type": "string",
                        "nullable": true,
                        "example": "/Date(1492041600000)/",
                        "title": "Invoice Receipt Date"
                      },
                      "DeliveryOfGoodsReportingCntry": {
                        "type": "string",
                        "nullable": true,
                        "maxLength": 3,
                        "title": "Reporting Ctry/Reg",
                        "description": "Reporting Country/Region for Delivery of Goods Within the EU"
                      },
                      "SupplierVATRegistration": {
                        "type": "string",
                        "nullable": true,
                        "maxLength": 20,
                        "title": "VAT Registration No.",
                        "description": "VAT Registration Number"
                      },
                      "IsEUTriangularDeal": {
                        "type": "boolean",
                        "nullable": true,
                        "title": "EU Triangular Deal",
                        "description": "Indicator: Triangular Deal Within the EU"
                      },
                      "SuplrInvcDebitCrdtCodeDelivery": {
                        "type": "string",
                        "nullable": true,
                        "maxLength": 1,
                        "title": "Delivery(Inv/Cr)",
                        "description": "Posting logic for delivery items (invoice/credit memo)"
                      },
                      "SuplrInvcDebitCrdtCodeReturns": {
                        "type": "string",
                        "nullable": true,
                        "maxLength": 1,
                        "title": "Returns(Inv/Cr)",
                        "description": "Posting logic for returns items (invoice/credit memo)"
                      },
                      "SupplierInvoiceOrigin": {
                        "type": "string",
                        "nullable": true,
                        "maxLength": 1,
                        "title": "IV category",
                        "description": "Origin of a Logistics Invoice Verification Document"
                      },
                      "ReverseDocument": {
                        "type": "string",
                        "nullable": true,
                        "maxLength": 10,
                        "title": "Reversed by",
                        "description": "Reversal document number"
                      },
                      "ReverseDocumentFiscalYear": {
                        "type": "string",
                        "nullable": true,
                        "maxLength": 4,
                        "title": "Year",
                        "description": "Fiscal year of reversal document"
                      },
                      "IsReversal": {
                        "type": "boolean",
                        "nullable": true,
                        "title": "Is Reversal"
                      },
                      "IsReversed": {
                        "type": "boolean",
                        "nullable": true,
                        "title": "Is Reversed"
                      },
                      "IN_GSTPartner": {
                        "type": "string",
                        "nullable": true,
                        "maxLength": 10,
                        "title": "GST Partner"
                      },
                      "IN_GSTPlaceOfSupply": {
                        "type": "string",
                        "nullable": true,
                        "maxLength": 3,
                        "title": "Place of Supply"
                      },
                      "IN_InvoiceReferenceNumber": {
                        "type": "string",
                        "nullable": true,
                        "maxLength": 64,
                        "title": "Invoice Ref. Number",
                        "description": "Invoice Reference Number"
                      },
                      "JrnlEntryCntrySpecificRef1": {
                        "type": "string",
                        "nullable": true,
                        "maxLength": 80,
                        "title": "Country/Region Specific Reference 1",
                        "description": "Country/Region Specific Reference 1 in the Document"
                      },
                      "JrnlEntryCntrySpecificDate1": {
                        "type": "string",
                        "nullable": true,
                        "example": "/Date(1492041600000)/",
                        "title": "Country/Region Specific Date 1",
                        "description": "Country/Region Specific Date 1 in the Document"
                      },
                      "JrnlEntryCntrySpecificRef2": {
                        "type": "string",
                        "nullable": true,
                        "maxLength": 25,
                        "title": "Country/Region Specific Reference 2",
                        "description": "Country/Region Specific Reference 2 in the Document"
                      },
                      "JrnlEntryCntrySpecificDate2": {
                        "type": "string",
                        "nullable": true,
                        "example": "/Date(1492041600000)/",
                        "title": "Country/Region Specific Date 2",
                        "description": "Country/Region Specific Date 2 in the Document"
                      },
                      "JrnlEntryCntrySpecificRef3": {
                        "type": "string",
                        "nullable": true,
                        "maxLength": 25,
                        "title": "Country/Region Specific Reference 3",
                        "description": "Country/Region Specific Reference 3 in the Document"
                      },
                      "JrnlEntryCntrySpecificDate3": {
                        "type": "string",
                        "nullable": true,
                        "example": "/Date(1492041600000)/",
                        "title": "Country/Region Specific Date 3",
                        "description": "Country/Region Specific Date 3 in the Document"
                      },
                      "JrnlEntryCntrySpecificRef4": {
                        "type": "string",
                        "nullable": true,
                        "maxLength": 50,
                        "title": "Country/Region Specific Reference 4",
                        "description": "Country/Region Specific Reference 4 in the Document"
                      },
                      "JrnlEntryCntrySpecificDate4": {
                        "type": "string",
                        "nullable": true,
                        "example": "/Date(1492041600000)/",
                        "title": "Country/Region Specific Date 4",
                        "description": "Country/Region Specific Date 4 in the Document"
                      },
                      "JrnlEntryCntrySpecificRef5": {
                        "type": "string",
                        "nullable": true,
                        "maxLength": 50,
                        "title": "Country/Region Specific Reference 5",
                        "description": "Country/Region Specific Reference 5 in the Document"
                      },
                      "JrnlEntryCntrySpecificDate5": {
                        "type": "string",
                        "nullable": true,
                        "example": "/Date(1492041600000)/",
                        "title": "Country/Region Specific Date 5",
                        "description": "Country/Region Specific Date 5 in the Document"
                      },
                      "JrnlEntryCntrySpecificBP1": {
                        "type": "string",
                        "nullable": true,
                        "maxLength": 10,
                        "title": "Ctry/Reg. Specific Business Partner 1",
                        "description": "Country/Region specific Business Partner 1 in the Document"
                      },
                      "JrnlEntryCntrySpecificBP2": {
                        "type": "string",
                        "nullable": true,
                        "maxLength": 10,
                        "title": "Ctry/Reg. Specific Business Partner 2",
                        "description": "Country/Region Specific Business Partner 2 in the Document"
                      }
                    }
                  }
                }
              }
            }
          }
        }
      },
      "SupplierInvoiceBackendResponseMessage": {
        "type": "object",
        "properties": {
          "A_SupplierInvoiceType": {
            "type": "object",
            "properties": {
              "SupplierInvoice": {
                "type": "string",
                "maxLength": 10,
                "title": "Invoice Document No.",
                "description": "Document Number of an Invoice Document"
              },
              "FiscalYear": {
                "type": "string",
                "maxLength": 4,
                "title": "Fiscal Year"
              },
              "SupplierInvoiceKey":{
                "type": "string",
                "maxLength": 10,
                "title": "Invoice Document Key",
                "description": "Document Key of an Invoice Document"
              },
              "CompanyCode": {
                "type": "string",
                "nullable": true,
                "maxLength": 4,
                "title": "Company Code"
              },
              "DocumentDate": {
                "type": "string",
                "nullable": true,
                "example": "/Date(1492041600000)/",
                "title": "Invoice Date",
                "description": "Invoice Date in Document"
              },
              "PostingDate": {
                "type": "string",
                "nullable": true,
                "example": "/Date(1492041600000)/",
                "title": "Posting Date",
                "description": "Posting Date in the Document"
              },
              "CreationDate": {
                "type": "string",
                "nullable": true,
                "example": "/Date(1492041600000)/",
                "title": "Entry Date",
                "description": "Day On Which Accounting Document Was Entered"
              },
              "SupplierInvoiceIDByInvcgParty": {
                "type": "string",
                "nullable": true,
                "maxLength": 16,
                "title": "Reference",
                "description": "Reference Document Number"
              },
              "InvoicingParty": {
                "type": "string",
                "nullable": true,
                "maxLength": 10,
                "title": "Invoicing Party",
                "description": "Different Invoicing Party"
              },
              "DocumentCurrency": {
                "type": "string",
                "nullable": true,
                "maxLength": 5,
                "title": "Currency",
                "description": "Currency Key"
              },
              "InvoiceGrossAmount": {
                "type": "string",
                "nullable": true,
                "format": "decimal",
                "multipleOf": 1.0e-3,
                "minimum": -99999999999.999,
                "maximum": 99999999999.999,
                "example": "0",
                "title": "Gross Invoice Amount",
                "description": "Gross Invoice Amount in Document Currency"
              },
              "UnplannedDeliveryCost": {
                "type": "string",
                "nullable": true,
                "format": "decimal",
                "multipleOf": 1.0e-3,
                "minimum": -99999999999.999,
                "maximum": 99999999999.999,
                "example": "0",
                "title": "Unplanned Del. Costs",
                "description": "Unplanned Delivery Costs"
              },
              "DocumentHeaderText": {
                "type": "string",
                "nullable": true,
                "maxLength": 25,
                "title": "Document Header Text"
              },
              "ManualCashDiscount": {
                "type": "string",
                "nullable": true,
                "format": "decimal",
                "multipleOf": 1.0e-3,
                "minimum": -99999999999.999,
                "maximum": 99999999999.999,
                "example": "0",
                "title": "CD Amount",
                "description": "Cash Discount Amount in Document Currency"
              },
              "PaymentTerms": {
                "type": "string",
                "nullable": true,
                "maxLength": 4,
                "x-sap-object-node-type-reference": "PaymentTerms",
                "title": "Terms of Payment",
                "description": "Terms of Payment Key"
              },
              "DueCalculationBaseDate": {
                "type": "string",
                "nullable": true,
                "example": "/Date(1492041600000)/",
                "title": "Baseline Date",
                "description": "Baseline Date for Due Date Calculation"
              },
              "CashDiscount1Percent": {
                "type": "string",
                "nullable": true,
                "format": "decimal",
                "multipleOf": 1.0e-3,
                "minimum": -99.999,
                "maximum": 99.999,
                "example": "0",
                "title": "CD Percentage 1",
                "description": "Cash Discount Percentage 1"
              },
              "CashDiscount1Days": {
                "type": "string",
                "nullable": true,
                "format": "decimal",
                "multipleOf": 1,
                "minimum": -999,
                "maximum": 999,
                "example": "0",
                "title": "Days 1",
                "description": "Cash discount days 1"
              },
              "CashDiscount2Percent": {
                "type": "string",
                "nullable": true,
                "format": "decimal",
                "multipleOf": 1.0e-3,
                "minimum": -99.999,
                "maximum": 99.999,
                "example": "0",
                "title": "CD Percentage 2",
                "description": "Cash Discount Percentage 2"
              },
              "CashDiscount2Days": {
                "type": "string",
                "nullable": true,
                "format": "decimal",
                "multipleOf": 1,
                "minimum": -999,
                "maximum": 999,
                "example": "0",
                "title": "Days 2",
                "description": "Cash discount days 2"
              },
              "NetPaymentDays": {
                "type": "string",
                "nullable": true,
                "format": "decimal",
                "multipleOf": 1,
                "minimum": -999,
                "maximum": 999,
                "example": "0",
                "title": "Days Net",
                "description": "Net Payment Terms Period"
              },
              "PaymentBlockingReason": {
                "type": "string",
                "nullable": true,
                "maxLength": 1,
                "x-sap-object-node-type-reference": "PaymentBlockingReason",
                "title": "Payment Block",
                "description": "Payment Block Key"
              },
              "AccountingDocumentType": {
                "type": "string",
                "nullable": true,
                "maxLength": 2,
                "title": "Document Type"
              },
              "BPBankAccountInternalID": {
                "type": "string",
                "nullable": true,
                "maxLength": 4,
                "title": "Part.bank type",
                "description": "Partner bank type"
              },
              "SupplierInvoiceStatus": {
                "type": "string",
                "nullable": true,
                "maxLength": 1,
                "x-sap-object-node-type-reference": "SupplierInvoiceStatus",
                "title": "Invoice doc. status",
                "description": "Invoice document status"
              },
              "IndirectQuotedExchangeRate": {
                "type": "string",
                "nullable": true,
                "format": "decimal",
                "multipleOf": 1.0e-5,
                "minimum": -9999.99999,
                "maximum": 9999.99999,
                "example": "0",
                "title": "Ind. quot. exch.rate",
                "description": "Indirect Quoted Exchange Rate"
              },
              "DirectQuotedExchangeRate": {
                "type": "string",
                "nullable": true,
                "format": "decimal",
                "multipleOf": 1.0e-5,
                "minimum": -9999.99999,
                "maximum": 9999.99999,
                "example": "0",
                "title": "Dir. quot.exch.rate",
                "description": "Direct Quoted Exchange Rate"
              },
              "StateCentralBankPaymentReason": {
                "type": "string",
                "nullable": true,
                "maxLength": 3,
                "x-sap-object-node-type-reference": "StateCentralBankPaymentReason",
                "title": "SCB Indicator",
                "description": "State Central Bank Indicator"
              },
              "SupplyingCountry": {
                "type": "string",
                "nullable": true,
                "maxLength": 3,
                "title": "Supply Ctry/Reg",
                "description": "Supplying Country/Region"
              },
              "PaymentMethod": {
                "type": "string",
                "nullable": true,
                "maxLength": 1,
                "x-sap-object-node-type-reference": "PaymentMethod",
                "title": "Payment Method"
              },
              "PaymentMethodSupplement": {
                "type": "string",
                "nullable": true,
                "maxLength": 2,
                "x-sap-object-node-type-reference": "PaymentMethodSupplement",
                "title": "Pmt Meth. Supplement",
                "description": "Payment method supplement"
              },
              "PaymentReference": {
                "type": "string",
                "nullable": true,
                "maxLength": 30,
                "title": "Payment Reference"
              },
              "InvoiceReference": {
                "type": "string",
                "nullable": true,
                "maxLength": 10,
                "title": "InR.Reference number",
                "description": "Invoice reference: Document number for invoice reference"
              },
              "InvoiceReferenceFiscalYear": {
                "type": "string",
                "nullable": true,
                "maxLength": 4,
                "title": "Fiscal year",
                "description": "Fiscal Year of the Relevant Invoice (for Credit Memo)"
              },
              "FixedCashDiscount": {
                "type": "string",
                "nullable": true,
                "maxLength": 1,
                "x-sap-object-node-type-reference": "FixedCashDiscount",
                "title": "Fixed",
                "description": "Fixed Payment Terms"
              },
              "UnplannedDeliveryCostTaxCode": {
                "type": "string",
                "nullable": true,
                "maxLength": 2,
                "title": "Tax Code"
              },
              "UnplndDelivCostTaxJurisdiction": {
                "type": "string",
                "nullable": true,
                "maxLength": 15,
                "title": "Tax Jurisdiction"
              },
              "UnplndDeliveryCostTaxCountry": {
                "type": "string",
                "nullable": true,
                "maxLength": 3,
                "title": "Tax Ctry/Reg.",
                "description": "Tax Reporting Country/Region"
              },
              "AssignmentReference": {
                "type": "string",
                "nullable": true,
                "maxLength": 18,
                "title": "Assignment",
                "description": "Assignment number"
              },
              "SupplierPostingLineItemText": {
                "type": "string",
                "nullable": true,
                "maxLength": 50,
                "title": "Item Text"
              },
              "TaxIsCalculatedAutomatically": {
                "type": "boolean",
                "nullable": true,
                "title": "Calculate Tax",
                "description": "Calculate Tax Automatically"
              },
              "BusinessPlace": {
                "type": "string",
                "nullable": true,
                "maxLength": 4,
                "title": "Business Place"
              },
              "BusinessSectionCode": {
                "type": "string",
                "nullable": true,
                "maxLength": 4,
                "title": "Section Code"
              },
              "BusinessArea": {
                "type": "string",
                "nullable": true,
                "maxLength": 4,
                "title": "Business Area"
              },
              "SupplierInvoiceIsCreditMemo": {
                "type": "string",
                "nullable": true,
                "maxLength": 1,
                "title": "Single-Character Flag"
              },
              "PaytSlipWthRefSubscriber": {
                "type": "string",
                "nullable": true,
                "maxLength": 11,
                "title": "PBC/ISR number",
                "description": "ISR subscriber number"
              },
              "PaytSlipWthRefCheckDigit": {
                "type": "string",
                "nullable": true,
                "maxLength": 2,
                "title": "Check digit",
                "description": "POR check digit"
              },
              "PaytSlipWthRefReference": {
                "type": "string",
                "nullable": true,
                "maxLength": 27,
                "title": "ISR/QR Reference No.",
                "description": "ISR/QR Reference Number"
              },
              "TaxDeterminationDate": {
                "type": "string",
                "nullable": true,
                "example": "/Date(1492041600000)/",
                "title": "Tax Date",
                "description": "Date for Determining Tax Rates"
              },
              "TaxReportingDate": {
                "type": "string",
                "nullable": true,
                "example": "/Date(1492041600000)/",
                "title": "Tax Reporting Date"
              },
              "TaxFulfillmentDate": {
                "type": "string",
                "nullable": true,
                "example": "/Date(1492041600000)/",
                "title": "Tax Fulfill. Date",
                "description": "Tax Fulfillment Date"
              },
              "InvoiceReceiptDate": {
                "type": "string",
                "nullable": true,
                "example": "/Date(1492041600000)/",
                "title": "Invoice Receipt Date"
              },
              "DeliveryOfGoodsReportingCntry": {
                "type": "string",
                "nullable": true,
                "maxLength": 3,
                "title": "Reporting Ctry/Reg",
                "description": "Reporting Country/Region for Delivery of Goods Within the EU"
              },
              "SupplierVATRegistration": {
                "type": "string",
                "nullable": true,
                "maxLength": 20,
                "title": "VAT Registration No.",
                "description": "VAT Registration Number"
              },
              "IsEUTriangularDeal": {
                "type": "boolean",
                "nullable": true,
                "title": "EU Triangular Deal",
                "description": "Indicator: Triangular Deal Within the EU"
              },
              "SuplrInvcDebitCrdtCodeDelivery": {
                "type": "string",
                "nullable": true,
                "maxLength": 1,
                "title": "Delivery(Inv/Cr)",
                "description": "Posting logic for delivery items (invoice/credit memo)"
              },
              "SuplrInvcDebitCrdtCodeReturns": {
                "type": "string",
                "nullable": true,
                "maxLength": 1,
                "title": "Returns(Inv/Cr)",
                "description": "Posting logic for returns items (invoice/credit memo)"
              },
              "SupplierInvoiceOrigin": {
                "type": "string",
                "nullable": true,
                "maxLength": 1,
                "title": "IV category",
                "description": "Origin of a Logistics Invoice Verification Document"
              },
              "ReverseDocument": {
                "type": "string",
                "nullable": true,
                "maxLength": 10,
                "title": "Reversed by",
                "description": "Reversal document number"
              },
              "ReverseDocumentFiscalYear": {
                "type": "string",
                "nullable": true,
                "maxLength": 4,
                "title": "Year",
                "description": "Fiscal year of reversal document"
              },
              "IsReversal": {
                "type": "boolean",
                "nullable": true,
                "title": "Is Reversal"
              },
              "IsReversed": {
                "type": "boolean",
                "nullable": true,
                "title": "Is Reversed"
              },
              "IN_GSTPartner": {
                "type": "string",
                "nullable": true,
                "maxLength": 10,
                "title": "GST Partner"
              },
              "IN_GSTPlaceOfSupply": {
                "type": "string",
                "nullable": true,
                "maxLength": 3,
                "title": "Place of Supply"
              },
              "IN_InvoiceReferenceNumber": {
                "type": "string",
                "nullable": true,
                "maxLength": 64,
                "title": "Invoice Ref. Number",
                "description": "Invoice Reference Number"
              },
              "JrnlEntryCntrySpecificRef1": {
                "type": "string",
                "nullable": true,
                "maxLength": 80,
                "title": "Country/Region Specific Reference 1",
                "description": "Country/Region Specific Reference 1 in the Document"
              },
              "JrnlEntryCntrySpecificDate1": {
                "type": "string",
                "nullable": true,
                "example": "/Date(1492041600000)/",
                "title": "Country/Region Specific Date 1",
                "description": "Country/Region Specific Date 1 in the Document"
              },
              "JrnlEntryCntrySpecificRef2": {
                "type": "string",
                "nullable": true,
                "maxLength": 25,
                "title": "Country/Region Specific Reference 2",
                "description": "Country/Region Specific Reference 2 in the Document"
              },
              "JrnlEntryCntrySpecificDate2": {
                "type": "string",
                "nullable": true,
                "example": "/Date(1492041600000)/",
                "title": "Country/Region Specific Date 2",
                "description": "Country/Region Specific Date 2 in the Document"
              },
              "JrnlEntryCntrySpecificRef3": {
                "type": "string",
                "nullable": true,
                "maxLength": 25,
                "title": "Country/Region Specific Reference 3",
                "description": "Country/Region Specific Reference 3 in the Document"
              },
              "JrnlEntryCntrySpecificDate3": {
                "type": "string",
                "nullable": true,
                "example": "/Date(1492041600000)/",
                "title": "Country/Region Specific Date 3",
                "description": "Country/Region Specific Date 3 in the Document"
              },
              "JrnlEntryCntrySpecificRef4": {
                "type": "string",
                "nullable": true,
                "maxLength": 50,
                "title": "Country/Region Specific Reference 4",
                "description": "Country/Region Specific Reference 4 in the Document"
              },
              "JrnlEntryCntrySpecificDate4": {
                "type": "string",
                "nullable": true,
                "example": "/Date(1492041600000)/",
                "title": "Country/Region Specific Date 4",
                "description": "Country/Region Specific Date 4 in the Document"
              },
              "JrnlEntryCntrySpecificRef5": {
                "type": "string",
                "nullable": true,
                "maxLength": 50,
                "title": "Country/Region Specific Reference 5",
                "description": "Country/Region Specific Reference 5 in the Document"
              },
              "JrnlEntryCntrySpecificDate5": {
                "type": "string",
                "nullable": true,
                "example": "/Date(1492041600000)/",
                "title": "Country/Region Specific Date 5",
                "description": "Country/Region Specific Date 5 in the Document"
              },
              "JrnlEntryCntrySpecificBP1": {
                "type": "string",
                "nullable": true,
                "maxLength": 10,
                "title": "Ctry/Reg. Specific Business Partner 1",
                "description": "Country/Region specific Business Partner 1 in the Document"
              },
              "JrnlEntryCntrySpecificBP2": {
                "type": "string",
                "nullable": true,
                "maxLength": 10,
                "title": "Ctry/Reg. Specific Business Partner 2",
                "description": "Country/Region Specific Business Partner 2 in the Document"
              }
            }
          }
        }
      },
      "AccountingDocumentBackendResponseMessage": {
        "type": "object",
        "properties": {
          "A_OperationalAcctgDocItemCubeType": {
            "type": "object",
            "properties": {
              "NetDueDate": {
                "type": "string",
                "nullable": true,
                "example": "/Date(1492041600000)/",
                "title": "Net Due Date",
                "description": "Net Due Date in Document"
              },
              "PaymentTerms": {
                "type": "string",
                "nullable": true,
                "maxLength": 4,
                "x-sap-object-node-type-reference": "PaymentTerms",
                "title": "Terms of Payment",
                "description": "Terms of Payment Key"
              },
              "PaymentBlockingReason": {
                "type": "string",
                "nullable": true,
                "maxLength": 1,
                "x-sap-object-node-type-reference": "PaymentBlockingReason",
                "title": "Payment Block",
                "description": "Payment Block Key"
              },
              "OriginalReferenceDocument": {
                "type": "string",
                "nullable": true,
                "maxLength": 20,
                "x-sap-object-node-type-reference": "Original Invoice Reference",
                "title": "Original Invoice Reference",
                "description": "Original Invoice Reference"
              }
            }
          }
        }
      }
    }
  }
}