{"openapi":"3.0.3","info":{"title":"Product Stock Retrieval Outbound","version":"1.0.0","description":"This API retrieves the product stock details from SAP S/4HANA."},"servers":[{"url":"https://{hostname}","description":"Example of server url is https://my1234567.crm.cloud.sap","variables":{"hostname":{"default":""}}}],"components":{"securitySchemes":{"basicAuthentication":{"type":"http","scheme":"basic"}},"schemas":{"error":{"type":"object","properties":{"error":{"type":"object","properties":{"code":{"type":"string"},"details":{"type":"array","items":{"type":"object","properties":{"message":{"type":"string"},"code":{"type":"string"},"target":{"type":"string"}}}},"message":{"type":"string"},"target":{"type":"string"}}}}},"ProductStockRetrievalOutboundcreaterequest":{"title":"Product Stock Retrieval Outbound create request","type":"object","properties":{"productId":{"type":"string","nullable":true},"productDisplayId":{"type":"string","nullable":true},"receiverProductDisplayId":{"type":"string","nullable":true},"receiverFormattedProductDisplayId":{"type":"string","nullable":true}}},"ProductStockRetrievalOutboundfile":{"title":"Product Stock Retrieval Outbound file","type":"object","properties":{"value":{"type":"object","properties":{"stock":{"type":"array","items":{"type":"object","properties":{"productDisplayId":{"type":"string","nullable":true},"receiverProductId":{"type":"string","nullable":true},"formattedProductDisplayId":{"type":"string","nullable":true},"plantDisplayId":{"type":"string","nullable":true},"receiverPlantId":{"type":"string","nullable":true},"quantity":{"type":"object","properties":{"content":{"type":"number","nullable":true,"format":"double"},"uomCode":{"type":"string","nullable":true}}}}}}}}}}}},"security":[{"basicAuthentication":[]}],"paths":{"/sap/c4c/api/v1/http/cns/s4/productS4StockRetrievalOut":{"post":{"operationId":"createmd.integrationmetadataservice_productS4StockRetrievalOut","tags":["ProductS4StockRetrievalOut"],"summary":"Create data","parameters":[],"requestBody":{"content":{"application/json":{"schema":{"$ref":"#/components/schemas/ProductStockRetrievalOutboundcreaterequest"}}}},"responses":{"201":{"description":"201 CREATED","content":{"application/json":{"schema":{"$ref":"#/components/schemas/ProductStockRetrievalOutboundfile"}}}},"400":{"description":"400 BAD_REQUEST","content":{"application/json":{"schema":{"$ref":"#/components/schemas/error"}}}},"401":{"description":"401 UNAUTHORIZED"},"403":{"description":"403 FORBIDDEN"},"404":{"description":"404 NOT_FOUND"},"500":{"description":"500 INTERNAL_SERVER_ERROR","content":{"application/json":{"schema":{"$ref":"#/components/schemas/error"}}}}}}}},"x-sap-shortText":"Manage entities from Product Stock Retrieval Outbound service."}