{
    "openapi": "3.0.3",
    "info": {
        "title": "Alert API",
        "version": "1.0.0"
    },
    "servers": [
        {
            "url": "https://hostname"
        }
    ],
    "paths": {
        "/alerts": {
            "post": {
                "summary": "Get alerts for context",
                "requestBody": {
                    "required": true,
                    "content": {
                        "application/json": {
                            "schema": {
                                "type": "object",
                                "required": [
                                    "contextType",
                                    "contextDisplayId",
                                    "contextId",
                                    "contextEntityFullName",
                                    "userId",
                                    "loggedInLanguage"
                                ],
                                "properties": {
                                    "contextType": {
                                        "type": "string",
                                        "example": "ACCOUNT"
                                    },
                                    "contextDisplayId": {
                                        "type": "string",
                                        "example": "Test Account"
                                    },
                                    "contextId": {
                                        "type": "string",
                                        "example": "b6b589fb-5f9c-4ffc-8740-3fb1e3a95e83"
                                    },
                                    "contextEntityFullName": {
                                        "type": "string",
                                        "example": "sap.crm.contractaccountservice.entity.contractaccount"
                                    },
                                    "userId": {
                                        "type": "string",
                                        "example": "b07ae231-3b02-11ed-b3eb-734bd309e84c"
                                    },
                                    "loggedInLanguage": {
                                        "type": "string",
                                        "example": "en"
                                    }
                                }
                            }
                        }
                    }
                },
                "responses": {
                    "200": {
                        "description": "Alerts response",
                        "content": {
                            "application/json": {
                                "schema": {
                                    "type": "object",
                                    "properties": {
                                        "count": {
                                            "type": "integer",
                                            "example": 3
                                        },
                                        "alerts": {
                                            "type": "array",
                                            "items": {
                                                "type": "object",
                                                "required": [
                                                    "signalType",
                                                    "object",
                                                    "groupText",
                                                    "icon",
                                                    "color",
                                                    "message"
                                                ],
                                                "properties": {
                                                    "signalType": {
                                                        "type": "string",
                                                        "example": "extAlert"
                                                    },
                                                    "object": {
                                                        "type": "object",
                                                        "required": [
                                                            "objectType",
                                                            "displayId",
                                                            "objectId"
                                                        ],
                                                        "properties": {
                                                            "objectType": {
                                                                "type": "string",
                                                                "example": "ACCOUNT"
                                                            },
                                                            "displayId": {
                                                                "type": "string",
                                                                "example": "Test Account"
                                                            },
                                                            "objectId": {
                                                                "type": "string",
                                                                "example": "b6b589fb-5f9c-4ffc-8740-3fb1e3a95e83"
                                                            }
                                                        }
                                                    },
                                                    "groupText": {
                                                        "type": "string",
                                                        "example": "Warning"
                                                    },
                                                    "icon": {
                                                        "type": "string",
                                                        "example": "error_filled"
                                                    },
                                                    "color": {
                                                        "type": "string",
                                                        "example": "yellow"
                                                    },
                                                    "message": {
                                                        "type": "string",
                                                        "example": "Customer has been subject to fraudulent transactions in the past!"
                                                    },
                                                    "source": {
                                                        "type": "object",
                                                        "properties": {
                                                            "url": {
                                                                "type": "string",
                                                                "example": ""
                                                            }
                                                        }
                                                    }
                                                }
                                            }
                                        }
                                    }
                                }
                            }
                        }
                    }
                }
            }
        }
    }
}